ARM GAS  C:\Users\Korisnik\AppData\Local\Temp\cckoF0Cb.s 			page 1


   1              		.cpu cortex-m3
   2              		.eabi_attribute 20, 1
   3              		.eabi_attribute 21, 1
   4              		.eabi_attribute 23, 3
   5              		.eabi_attribute 24, 1
   6              		.eabi_attribute 25, 1
   7              		.eabi_attribute 26, 1
   8              		.eabi_attribute 30, 1
   9              		.eabi_attribute 34, 1
  10              		.eabi_attribute 18, 4
  11              		.file	"stm32f1xx_hal_tim_ex.c"
  12              		.text
  13              	.Ltext0:
  14              		.cfi_sections	.debug_frame
  15              		.section	.text.TIM_CCxNChannelCmd,"ax",%progbits
  16              		.align	1
  17              		.arch armv7-m
  18              		.syntax unified
  19              		.thumb
  20              		.thumb_func
  21              		.fpu softvfp
  23              	TIM_CCxNChannelCmd:
  24              	.LVL0:
  25              	.LFB106:
  26              		.file 1 "Drivers/STM32F1xx_HAL_Driver/Src/stm32f1xx_hal_tim_ex.c"
   1:Drivers/STM32F1xx_HAL_Driver/Src/stm32f1xx_hal_tim_ex.c **** /**
   2:Drivers/STM32F1xx_HAL_Driver/Src/stm32f1xx_hal_tim_ex.c ****   ******************************************************************************
   3:Drivers/STM32F1xx_HAL_Driver/Src/stm32f1xx_hal_tim_ex.c ****   * @file    stm32f1xx_hal_tim_ex.c
   4:Drivers/STM32F1xx_HAL_Driver/Src/stm32f1xx_hal_tim_ex.c ****   * @author  MCD Application Team
   5:Drivers/STM32F1xx_HAL_Driver/Src/stm32f1xx_hal_tim_ex.c ****   * @brief   TIM HAL module driver.
   6:Drivers/STM32F1xx_HAL_Driver/Src/stm32f1xx_hal_tim_ex.c ****   *          This file provides firmware functions to manage the following
   7:Drivers/STM32F1xx_HAL_Driver/Src/stm32f1xx_hal_tim_ex.c ****   *          functionalities of the Timer Extended peripheral:
   8:Drivers/STM32F1xx_HAL_Driver/Src/stm32f1xx_hal_tim_ex.c ****   *           + Time Hall Sensor Interface Initialization
   9:Drivers/STM32F1xx_HAL_Driver/Src/stm32f1xx_hal_tim_ex.c ****   *           + Time Hall Sensor Interface Start
  10:Drivers/STM32F1xx_HAL_Driver/Src/stm32f1xx_hal_tim_ex.c ****   *           + Time Complementary signal break and dead time configuration
  11:Drivers/STM32F1xx_HAL_Driver/Src/stm32f1xx_hal_tim_ex.c ****   *           + Time Master and Slave synchronization configuration
  12:Drivers/STM32F1xx_HAL_Driver/Src/stm32f1xx_hal_tim_ex.c ****   *           + Timer remapping capabilities configuration
  13:Drivers/STM32F1xx_HAL_Driver/Src/stm32f1xx_hal_tim_ex.c ****   @verbatim
  14:Drivers/STM32F1xx_HAL_Driver/Src/stm32f1xx_hal_tim_ex.c ****   ==============================================================================
  15:Drivers/STM32F1xx_HAL_Driver/Src/stm32f1xx_hal_tim_ex.c ****                       ##### TIMER Extended features #####
  16:Drivers/STM32F1xx_HAL_Driver/Src/stm32f1xx_hal_tim_ex.c ****   ==============================================================================
  17:Drivers/STM32F1xx_HAL_Driver/Src/stm32f1xx_hal_tim_ex.c ****   [..]
  18:Drivers/STM32F1xx_HAL_Driver/Src/stm32f1xx_hal_tim_ex.c ****     The Timer Extended features include:
  19:Drivers/STM32F1xx_HAL_Driver/Src/stm32f1xx_hal_tim_ex.c ****     (#) Complementary outputs with programmable dead-time for :
  20:Drivers/STM32F1xx_HAL_Driver/Src/stm32f1xx_hal_tim_ex.c ****         (++) Output Compare
  21:Drivers/STM32F1xx_HAL_Driver/Src/stm32f1xx_hal_tim_ex.c ****         (++) PWM generation (Edge and Center-aligned Mode)
  22:Drivers/STM32F1xx_HAL_Driver/Src/stm32f1xx_hal_tim_ex.c ****         (++) One-pulse mode output
  23:Drivers/STM32F1xx_HAL_Driver/Src/stm32f1xx_hal_tim_ex.c ****     (#) Synchronization circuit to control the timer with external signals and to
  24:Drivers/STM32F1xx_HAL_Driver/Src/stm32f1xx_hal_tim_ex.c ****         interconnect several timers together.
  25:Drivers/STM32F1xx_HAL_Driver/Src/stm32f1xx_hal_tim_ex.c ****     (#) Break input to put the timer output signals in reset state or in a known state.
  26:Drivers/STM32F1xx_HAL_Driver/Src/stm32f1xx_hal_tim_ex.c ****     (#) Supports incremental (quadrature) encoder and hall-sensor circuitry for
  27:Drivers/STM32F1xx_HAL_Driver/Src/stm32f1xx_hal_tim_ex.c ****         positioning purposes
  28:Drivers/STM32F1xx_HAL_Driver/Src/stm32f1xx_hal_tim_ex.c **** 
  29:Drivers/STM32F1xx_HAL_Driver/Src/stm32f1xx_hal_tim_ex.c ****             ##### How to use this driver #####
  30:Drivers/STM32F1xx_HAL_Driver/Src/stm32f1xx_hal_tim_ex.c ****   ==============================================================================
  31:Drivers/STM32F1xx_HAL_Driver/Src/stm32f1xx_hal_tim_ex.c ****     [..]
  32:Drivers/STM32F1xx_HAL_Driver/Src/stm32f1xx_hal_tim_ex.c ****      (#) Initialize the TIM low level resources by implementing the following functions
ARM GAS  C:\Users\Korisnik\AppData\Local\Temp\cckoF0Cb.s 			page 2


  33:Drivers/STM32F1xx_HAL_Driver/Src/stm32f1xx_hal_tim_ex.c ****          depending on the selected feature:
  34:Drivers/STM32F1xx_HAL_Driver/Src/stm32f1xx_hal_tim_ex.c ****            (++) Hall Sensor output : HAL_TIMEx_HallSensor_MspInit()
  35:Drivers/STM32F1xx_HAL_Driver/Src/stm32f1xx_hal_tim_ex.c **** 
  36:Drivers/STM32F1xx_HAL_Driver/Src/stm32f1xx_hal_tim_ex.c ****      (#) Initialize the TIM low level resources :
  37:Drivers/STM32F1xx_HAL_Driver/Src/stm32f1xx_hal_tim_ex.c ****         (##) Enable the TIM interface clock using __HAL_RCC_TIMx_CLK_ENABLE();
  38:Drivers/STM32F1xx_HAL_Driver/Src/stm32f1xx_hal_tim_ex.c ****         (##) TIM pins configuration
  39:Drivers/STM32F1xx_HAL_Driver/Src/stm32f1xx_hal_tim_ex.c ****             (+++) Enable the clock for the TIM GPIOs using the following function:
  40:Drivers/STM32F1xx_HAL_Driver/Src/stm32f1xx_hal_tim_ex.c ****               __HAL_RCC_GPIOx_CLK_ENABLE();
  41:Drivers/STM32F1xx_HAL_Driver/Src/stm32f1xx_hal_tim_ex.c ****             (+++) Configure these TIM pins in Alternate function mode using HAL_GPIO_Init();
  42:Drivers/STM32F1xx_HAL_Driver/Src/stm32f1xx_hal_tim_ex.c **** 
  43:Drivers/STM32F1xx_HAL_Driver/Src/stm32f1xx_hal_tim_ex.c ****      (#) The external Clock can be configured, if needed (the default clock is the
  44:Drivers/STM32F1xx_HAL_Driver/Src/stm32f1xx_hal_tim_ex.c ****          internal clock from the APBx), using the following function:
  45:Drivers/STM32F1xx_HAL_Driver/Src/stm32f1xx_hal_tim_ex.c ****          HAL_TIM_ConfigClockSource, the clock configuration should be done before
  46:Drivers/STM32F1xx_HAL_Driver/Src/stm32f1xx_hal_tim_ex.c ****          any start function.
  47:Drivers/STM32F1xx_HAL_Driver/Src/stm32f1xx_hal_tim_ex.c **** 
  48:Drivers/STM32F1xx_HAL_Driver/Src/stm32f1xx_hal_tim_ex.c ****      (#) Configure the TIM in the desired functioning mode using one of the
  49:Drivers/STM32F1xx_HAL_Driver/Src/stm32f1xx_hal_tim_ex.c ****          initialization function of this driver:
  50:Drivers/STM32F1xx_HAL_Driver/Src/stm32f1xx_hal_tim_ex.c ****           (++) HAL_TIMEx_HallSensor_Init() and HAL_TIMEx_ConfigCommutEvent(): to use the
  51:Drivers/STM32F1xx_HAL_Driver/Src/stm32f1xx_hal_tim_ex.c ****                Timer Hall Sensor Interface and the commutation event with the corresponding
  52:Drivers/STM32F1xx_HAL_Driver/Src/stm32f1xx_hal_tim_ex.c ****                Interrupt and DMA request if needed (Note that One Timer is used to interface
  53:Drivers/STM32F1xx_HAL_Driver/Src/stm32f1xx_hal_tim_ex.c ****                with the Hall sensor Interface and another Timer should be used to use
  54:Drivers/STM32F1xx_HAL_Driver/Src/stm32f1xx_hal_tim_ex.c ****                the commutation event).
  55:Drivers/STM32F1xx_HAL_Driver/Src/stm32f1xx_hal_tim_ex.c **** 
  56:Drivers/STM32F1xx_HAL_Driver/Src/stm32f1xx_hal_tim_ex.c ****      (#) Activate the TIM peripheral using one of the start functions:
  57:Drivers/STM32F1xx_HAL_Driver/Src/stm32f1xx_hal_tim_ex.c ****            (++) Complementary Output Compare : HAL_TIMEx_OCN_Start(), HAL_TIMEx_OCN_Start_DMA(),
  58:Drivers/STM32F1xx_HAL_Driver/Src/stm32f1xx_hal_tim_ex.c ****                 HAL_TIMEx_OCN_Start_IT()
  59:Drivers/STM32F1xx_HAL_Driver/Src/stm32f1xx_hal_tim_ex.c ****            (++) Complementary PWM generation : HAL_TIMEx_PWMN_Start(), HAL_TIMEx_PWMN_Start_DMA(),
  60:Drivers/STM32F1xx_HAL_Driver/Src/stm32f1xx_hal_tim_ex.c ****                 HAL_TIMEx_PWMN_Start_IT()
  61:Drivers/STM32F1xx_HAL_Driver/Src/stm32f1xx_hal_tim_ex.c ****            (++) Complementary One-pulse mode output : HAL_TIMEx_OnePulseN_Start(), HAL_TIMEx_OnePul
  62:Drivers/STM32F1xx_HAL_Driver/Src/stm32f1xx_hal_tim_ex.c ****            (++) Hall Sensor output : HAL_TIMEx_HallSensor_Start(), HAL_TIMEx_HallSensor_Start_DMA()
  63:Drivers/STM32F1xx_HAL_Driver/Src/stm32f1xx_hal_tim_ex.c ****                 HAL_TIMEx_HallSensor_Start_IT().
  64:Drivers/STM32F1xx_HAL_Driver/Src/stm32f1xx_hal_tim_ex.c **** 
  65:Drivers/STM32F1xx_HAL_Driver/Src/stm32f1xx_hal_tim_ex.c ****   @endverbatim
  66:Drivers/STM32F1xx_HAL_Driver/Src/stm32f1xx_hal_tim_ex.c ****   ******************************************************************************
  67:Drivers/STM32F1xx_HAL_Driver/Src/stm32f1xx_hal_tim_ex.c ****   * @attention
  68:Drivers/STM32F1xx_HAL_Driver/Src/stm32f1xx_hal_tim_ex.c ****   *
  69:Drivers/STM32F1xx_HAL_Driver/Src/stm32f1xx_hal_tim_ex.c ****   * <h2><center>&copy; Copyright (c) 2016 STMicroelectronics.
  70:Drivers/STM32F1xx_HAL_Driver/Src/stm32f1xx_hal_tim_ex.c ****   * All rights reserved.</center></h2>
  71:Drivers/STM32F1xx_HAL_Driver/Src/stm32f1xx_hal_tim_ex.c ****   *
  72:Drivers/STM32F1xx_HAL_Driver/Src/stm32f1xx_hal_tim_ex.c ****   * This software component is licensed by ST under BSD 3-Clause license,
  73:Drivers/STM32F1xx_HAL_Driver/Src/stm32f1xx_hal_tim_ex.c ****   * the "License"; You may not use this file except in compliance with the
  74:Drivers/STM32F1xx_HAL_Driver/Src/stm32f1xx_hal_tim_ex.c ****   * License. You may obtain a copy of the License at:
  75:Drivers/STM32F1xx_HAL_Driver/Src/stm32f1xx_hal_tim_ex.c ****   *                        opensource.org/licenses/BSD-3-Clause
  76:Drivers/STM32F1xx_HAL_Driver/Src/stm32f1xx_hal_tim_ex.c ****   *
  77:Drivers/STM32F1xx_HAL_Driver/Src/stm32f1xx_hal_tim_ex.c ****   ******************************************************************************
  78:Drivers/STM32F1xx_HAL_Driver/Src/stm32f1xx_hal_tim_ex.c ****   */
  79:Drivers/STM32F1xx_HAL_Driver/Src/stm32f1xx_hal_tim_ex.c **** 
  80:Drivers/STM32F1xx_HAL_Driver/Src/stm32f1xx_hal_tim_ex.c **** /* Includes ------------------------------------------------------------------*/
  81:Drivers/STM32F1xx_HAL_Driver/Src/stm32f1xx_hal_tim_ex.c **** #include "stm32f1xx_hal.h"
  82:Drivers/STM32F1xx_HAL_Driver/Src/stm32f1xx_hal_tim_ex.c **** 
  83:Drivers/STM32F1xx_HAL_Driver/Src/stm32f1xx_hal_tim_ex.c **** /** @addtogroup STM32F1xx_HAL_Driver
  84:Drivers/STM32F1xx_HAL_Driver/Src/stm32f1xx_hal_tim_ex.c ****   * @{
  85:Drivers/STM32F1xx_HAL_Driver/Src/stm32f1xx_hal_tim_ex.c ****   */
  86:Drivers/STM32F1xx_HAL_Driver/Src/stm32f1xx_hal_tim_ex.c **** 
  87:Drivers/STM32F1xx_HAL_Driver/Src/stm32f1xx_hal_tim_ex.c **** /** @defgroup TIMEx TIMEx
  88:Drivers/STM32F1xx_HAL_Driver/Src/stm32f1xx_hal_tim_ex.c ****   * @brief TIM Extended HAL module driver
  89:Drivers/STM32F1xx_HAL_Driver/Src/stm32f1xx_hal_tim_ex.c ****   * @{
ARM GAS  C:\Users\Korisnik\AppData\Local\Temp\cckoF0Cb.s 			page 3


  90:Drivers/STM32F1xx_HAL_Driver/Src/stm32f1xx_hal_tim_ex.c ****   */
  91:Drivers/STM32F1xx_HAL_Driver/Src/stm32f1xx_hal_tim_ex.c **** 
  92:Drivers/STM32F1xx_HAL_Driver/Src/stm32f1xx_hal_tim_ex.c **** #ifdef HAL_TIM_MODULE_ENABLED
  93:Drivers/STM32F1xx_HAL_Driver/Src/stm32f1xx_hal_tim_ex.c **** 
  94:Drivers/STM32F1xx_HAL_Driver/Src/stm32f1xx_hal_tim_ex.c **** /* Private typedef -----------------------------------------------------------*/
  95:Drivers/STM32F1xx_HAL_Driver/Src/stm32f1xx_hal_tim_ex.c **** /* Private define ------------------------------------------------------------*/
  96:Drivers/STM32F1xx_HAL_Driver/Src/stm32f1xx_hal_tim_ex.c **** /* Private macros ------------------------------------------------------------*/
  97:Drivers/STM32F1xx_HAL_Driver/Src/stm32f1xx_hal_tim_ex.c **** /* Private variables ---------------------------------------------------------*/
  98:Drivers/STM32F1xx_HAL_Driver/Src/stm32f1xx_hal_tim_ex.c **** /* Private function prototypes -----------------------------------------------*/
  99:Drivers/STM32F1xx_HAL_Driver/Src/stm32f1xx_hal_tim_ex.c **** static void TIM_DMADelayPulseNCplt(DMA_HandleTypeDef *hdma);
 100:Drivers/STM32F1xx_HAL_Driver/Src/stm32f1xx_hal_tim_ex.c **** static void TIM_DMAErrorCCxN(DMA_HandleTypeDef *hdma);
 101:Drivers/STM32F1xx_HAL_Driver/Src/stm32f1xx_hal_tim_ex.c **** static void TIM_CCxNChannelCmd(TIM_TypeDef *TIMx, uint32_t Channel, uint32_t ChannelNState);
 102:Drivers/STM32F1xx_HAL_Driver/Src/stm32f1xx_hal_tim_ex.c **** 
 103:Drivers/STM32F1xx_HAL_Driver/Src/stm32f1xx_hal_tim_ex.c **** /* Exported functions --------------------------------------------------------*/
 104:Drivers/STM32F1xx_HAL_Driver/Src/stm32f1xx_hal_tim_ex.c **** /** @defgroup TIMEx_Exported_Functions TIM Extended Exported Functions
 105:Drivers/STM32F1xx_HAL_Driver/Src/stm32f1xx_hal_tim_ex.c ****   * @{
 106:Drivers/STM32F1xx_HAL_Driver/Src/stm32f1xx_hal_tim_ex.c ****   */
 107:Drivers/STM32F1xx_HAL_Driver/Src/stm32f1xx_hal_tim_ex.c **** 
 108:Drivers/STM32F1xx_HAL_Driver/Src/stm32f1xx_hal_tim_ex.c **** /** @defgroup TIMEx_Exported_Functions_Group1 Extended Timer Hall Sensor functions
 109:Drivers/STM32F1xx_HAL_Driver/Src/stm32f1xx_hal_tim_ex.c ****   * @brief    Timer Hall Sensor functions
 110:Drivers/STM32F1xx_HAL_Driver/Src/stm32f1xx_hal_tim_ex.c ****   *
 111:Drivers/STM32F1xx_HAL_Driver/Src/stm32f1xx_hal_tim_ex.c **** @verbatim
 112:Drivers/STM32F1xx_HAL_Driver/Src/stm32f1xx_hal_tim_ex.c ****   ==============================================================================
 113:Drivers/STM32F1xx_HAL_Driver/Src/stm32f1xx_hal_tim_ex.c ****                       ##### Timer Hall Sensor functions #####
 114:Drivers/STM32F1xx_HAL_Driver/Src/stm32f1xx_hal_tim_ex.c ****   ==============================================================================
 115:Drivers/STM32F1xx_HAL_Driver/Src/stm32f1xx_hal_tim_ex.c ****   [..]
 116:Drivers/STM32F1xx_HAL_Driver/Src/stm32f1xx_hal_tim_ex.c ****     This section provides functions allowing to:
 117:Drivers/STM32F1xx_HAL_Driver/Src/stm32f1xx_hal_tim_ex.c ****     (+) Initialize and configure TIM HAL Sensor.
 118:Drivers/STM32F1xx_HAL_Driver/Src/stm32f1xx_hal_tim_ex.c ****     (+) De-initialize TIM HAL Sensor.
 119:Drivers/STM32F1xx_HAL_Driver/Src/stm32f1xx_hal_tim_ex.c ****     (+) Start the Hall Sensor Interface.
 120:Drivers/STM32F1xx_HAL_Driver/Src/stm32f1xx_hal_tim_ex.c ****     (+) Stop the Hall Sensor Interface.
 121:Drivers/STM32F1xx_HAL_Driver/Src/stm32f1xx_hal_tim_ex.c ****     (+) Start the Hall Sensor Interface and enable interrupts.
 122:Drivers/STM32F1xx_HAL_Driver/Src/stm32f1xx_hal_tim_ex.c ****     (+) Stop the Hall Sensor Interface and disable interrupts.
 123:Drivers/STM32F1xx_HAL_Driver/Src/stm32f1xx_hal_tim_ex.c ****     (+) Start the Hall Sensor Interface and enable DMA transfers.
 124:Drivers/STM32F1xx_HAL_Driver/Src/stm32f1xx_hal_tim_ex.c ****     (+) Stop the Hall Sensor Interface and disable DMA transfers.
 125:Drivers/STM32F1xx_HAL_Driver/Src/stm32f1xx_hal_tim_ex.c **** 
 126:Drivers/STM32F1xx_HAL_Driver/Src/stm32f1xx_hal_tim_ex.c **** @endverbatim
 127:Drivers/STM32F1xx_HAL_Driver/Src/stm32f1xx_hal_tim_ex.c ****   * @{
 128:Drivers/STM32F1xx_HAL_Driver/Src/stm32f1xx_hal_tim_ex.c ****   */
 129:Drivers/STM32F1xx_HAL_Driver/Src/stm32f1xx_hal_tim_ex.c **** /**
 130:Drivers/STM32F1xx_HAL_Driver/Src/stm32f1xx_hal_tim_ex.c ****   * @brief  Initializes the TIM Hall Sensor Interface and initialize the associated handle.
 131:Drivers/STM32F1xx_HAL_Driver/Src/stm32f1xx_hal_tim_ex.c ****   * @note   When the timer instance is initialized in Hall Sensor Interface mode,
 132:Drivers/STM32F1xx_HAL_Driver/Src/stm32f1xx_hal_tim_ex.c ****   *         timer channels 1 and channel 2 are reserved and cannot be used for
 133:Drivers/STM32F1xx_HAL_Driver/Src/stm32f1xx_hal_tim_ex.c ****   *         other purpose.
 134:Drivers/STM32F1xx_HAL_Driver/Src/stm32f1xx_hal_tim_ex.c ****   * @param  htim TIM Hall Sensor Interface handle
 135:Drivers/STM32F1xx_HAL_Driver/Src/stm32f1xx_hal_tim_ex.c ****   * @param  sConfig TIM Hall Sensor configuration structure
 136:Drivers/STM32F1xx_HAL_Driver/Src/stm32f1xx_hal_tim_ex.c ****   * @retval HAL status
 137:Drivers/STM32F1xx_HAL_Driver/Src/stm32f1xx_hal_tim_ex.c ****   */
 138:Drivers/STM32F1xx_HAL_Driver/Src/stm32f1xx_hal_tim_ex.c **** HAL_StatusTypeDef HAL_TIMEx_HallSensor_Init(TIM_HandleTypeDef *htim, TIM_HallSensor_InitTypeDef *sC
 139:Drivers/STM32F1xx_HAL_Driver/Src/stm32f1xx_hal_tim_ex.c **** {
 140:Drivers/STM32F1xx_HAL_Driver/Src/stm32f1xx_hal_tim_ex.c ****   TIM_OC_InitTypeDef OC_Config;
 141:Drivers/STM32F1xx_HAL_Driver/Src/stm32f1xx_hal_tim_ex.c **** 
 142:Drivers/STM32F1xx_HAL_Driver/Src/stm32f1xx_hal_tim_ex.c ****   /* Check the TIM handle allocation */
 143:Drivers/STM32F1xx_HAL_Driver/Src/stm32f1xx_hal_tim_ex.c ****   if (htim == NULL)
 144:Drivers/STM32F1xx_HAL_Driver/Src/stm32f1xx_hal_tim_ex.c ****   {
 145:Drivers/STM32F1xx_HAL_Driver/Src/stm32f1xx_hal_tim_ex.c ****     return HAL_ERROR;
 146:Drivers/STM32F1xx_HAL_Driver/Src/stm32f1xx_hal_tim_ex.c ****   }
ARM GAS  C:\Users\Korisnik\AppData\Local\Temp\cckoF0Cb.s 			page 4


 147:Drivers/STM32F1xx_HAL_Driver/Src/stm32f1xx_hal_tim_ex.c **** 
 148:Drivers/STM32F1xx_HAL_Driver/Src/stm32f1xx_hal_tim_ex.c ****   /* Check the parameters */
 149:Drivers/STM32F1xx_HAL_Driver/Src/stm32f1xx_hal_tim_ex.c ****   assert_param(IS_TIM_HALL_SENSOR_INTERFACE_INSTANCE(htim->Instance));
 150:Drivers/STM32F1xx_HAL_Driver/Src/stm32f1xx_hal_tim_ex.c ****   assert_param(IS_TIM_COUNTER_MODE(htim->Init.CounterMode));
 151:Drivers/STM32F1xx_HAL_Driver/Src/stm32f1xx_hal_tim_ex.c ****   assert_param(IS_TIM_CLOCKDIVISION_DIV(htim->Init.ClockDivision));
 152:Drivers/STM32F1xx_HAL_Driver/Src/stm32f1xx_hal_tim_ex.c ****   assert_param(IS_TIM_AUTORELOAD_PRELOAD(htim->Init.AutoReloadPreload));
 153:Drivers/STM32F1xx_HAL_Driver/Src/stm32f1xx_hal_tim_ex.c ****   assert_param(IS_TIM_IC_POLARITY(sConfig->IC1Polarity));
 154:Drivers/STM32F1xx_HAL_Driver/Src/stm32f1xx_hal_tim_ex.c ****   assert_param(IS_TIM_IC_PRESCALER(sConfig->IC1Prescaler));
 155:Drivers/STM32F1xx_HAL_Driver/Src/stm32f1xx_hal_tim_ex.c ****   assert_param(IS_TIM_IC_FILTER(sConfig->IC1Filter));
 156:Drivers/STM32F1xx_HAL_Driver/Src/stm32f1xx_hal_tim_ex.c **** 
 157:Drivers/STM32F1xx_HAL_Driver/Src/stm32f1xx_hal_tim_ex.c ****   if (htim->State == HAL_TIM_STATE_RESET)
 158:Drivers/STM32F1xx_HAL_Driver/Src/stm32f1xx_hal_tim_ex.c ****   {
 159:Drivers/STM32F1xx_HAL_Driver/Src/stm32f1xx_hal_tim_ex.c ****     /* Allocate lock resource and initialize it */
 160:Drivers/STM32F1xx_HAL_Driver/Src/stm32f1xx_hal_tim_ex.c ****     htim->Lock = HAL_UNLOCKED;
 161:Drivers/STM32F1xx_HAL_Driver/Src/stm32f1xx_hal_tim_ex.c **** 
 162:Drivers/STM32F1xx_HAL_Driver/Src/stm32f1xx_hal_tim_ex.c **** #if (USE_HAL_TIM_REGISTER_CALLBACKS == 1)
 163:Drivers/STM32F1xx_HAL_Driver/Src/stm32f1xx_hal_tim_ex.c ****     /* Reset interrupt callbacks to legacy week callbacks */
 164:Drivers/STM32F1xx_HAL_Driver/Src/stm32f1xx_hal_tim_ex.c ****     TIM_ResetCallback(htim);
 165:Drivers/STM32F1xx_HAL_Driver/Src/stm32f1xx_hal_tim_ex.c **** 
 166:Drivers/STM32F1xx_HAL_Driver/Src/stm32f1xx_hal_tim_ex.c ****     if (htim->HallSensor_MspInitCallback == NULL)
 167:Drivers/STM32F1xx_HAL_Driver/Src/stm32f1xx_hal_tim_ex.c ****     {
 168:Drivers/STM32F1xx_HAL_Driver/Src/stm32f1xx_hal_tim_ex.c ****       htim->HallSensor_MspInitCallback = HAL_TIMEx_HallSensor_MspInit;
 169:Drivers/STM32F1xx_HAL_Driver/Src/stm32f1xx_hal_tim_ex.c ****     }
 170:Drivers/STM32F1xx_HAL_Driver/Src/stm32f1xx_hal_tim_ex.c ****     /* Init the low level hardware : GPIO, CLOCK, NVIC */
 171:Drivers/STM32F1xx_HAL_Driver/Src/stm32f1xx_hal_tim_ex.c ****     htim->HallSensor_MspInitCallback(htim);
 172:Drivers/STM32F1xx_HAL_Driver/Src/stm32f1xx_hal_tim_ex.c **** #else
 173:Drivers/STM32F1xx_HAL_Driver/Src/stm32f1xx_hal_tim_ex.c ****     /* Init the low level hardware : GPIO, CLOCK, NVIC and DMA */
 174:Drivers/STM32F1xx_HAL_Driver/Src/stm32f1xx_hal_tim_ex.c ****     HAL_TIMEx_HallSensor_MspInit(htim);
 175:Drivers/STM32F1xx_HAL_Driver/Src/stm32f1xx_hal_tim_ex.c **** #endif /* USE_HAL_TIM_REGISTER_CALLBACKS */
 176:Drivers/STM32F1xx_HAL_Driver/Src/stm32f1xx_hal_tim_ex.c ****   }
 177:Drivers/STM32F1xx_HAL_Driver/Src/stm32f1xx_hal_tim_ex.c **** 
 178:Drivers/STM32F1xx_HAL_Driver/Src/stm32f1xx_hal_tim_ex.c ****   /* Set the TIM state */
 179:Drivers/STM32F1xx_HAL_Driver/Src/stm32f1xx_hal_tim_ex.c ****   htim->State = HAL_TIM_STATE_BUSY;
 180:Drivers/STM32F1xx_HAL_Driver/Src/stm32f1xx_hal_tim_ex.c **** 
 181:Drivers/STM32F1xx_HAL_Driver/Src/stm32f1xx_hal_tim_ex.c ****   /* Configure the Time base in the Encoder Mode */
 182:Drivers/STM32F1xx_HAL_Driver/Src/stm32f1xx_hal_tim_ex.c ****   TIM_Base_SetConfig(htim->Instance, &htim->Init);
 183:Drivers/STM32F1xx_HAL_Driver/Src/stm32f1xx_hal_tim_ex.c **** 
 184:Drivers/STM32F1xx_HAL_Driver/Src/stm32f1xx_hal_tim_ex.c ****   /* Configure the Channel 1 as Input Channel to interface with the three Outputs of the  Hall sens
 185:Drivers/STM32F1xx_HAL_Driver/Src/stm32f1xx_hal_tim_ex.c ****   TIM_TI1_SetConfig(htim->Instance, sConfig->IC1Polarity, TIM_ICSELECTION_TRC, sConfig->IC1Filter);
 186:Drivers/STM32F1xx_HAL_Driver/Src/stm32f1xx_hal_tim_ex.c **** 
 187:Drivers/STM32F1xx_HAL_Driver/Src/stm32f1xx_hal_tim_ex.c ****   /* Reset the IC1PSC Bits */
 188:Drivers/STM32F1xx_HAL_Driver/Src/stm32f1xx_hal_tim_ex.c ****   htim->Instance->CCMR1 &= ~TIM_CCMR1_IC1PSC;
 189:Drivers/STM32F1xx_HAL_Driver/Src/stm32f1xx_hal_tim_ex.c ****   /* Set the IC1PSC value */
 190:Drivers/STM32F1xx_HAL_Driver/Src/stm32f1xx_hal_tim_ex.c ****   htim->Instance->CCMR1 |= sConfig->IC1Prescaler;
 191:Drivers/STM32F1xx_HAL_Driver/Src/stm32f1xx_hal_tim_ex.c **** 
 192:Drivers/STM32F1xx_HAL_Driver/Src/stm32f1xx_hal_tim_ex.c ****   /* Enable the Hall sensor interface (XOR function of the three inputs) */
 193:Drivers/STM32F1xx_HAL_Driver/Src/stm32f1xx_hal_tim_ex.c ****   htim->Instance->CR2 |= TIM_CR2_TI1S;
 194:Drivers/STM32F1xx_HAL_Driver/Src/stm32f1xx_hal_tim_ex.c **** 
 195:Drivers/STM32F1xx_HAL_Driver/Src/stm32f1xx_hal_tim_ex.c ****   /* Select the TIM_TS_TI1F_ED signal as Input trigger for the TIM */
 196:Drivers/STM32F1xx_HAL_Driver/Src/stm32f1xx_hal_tim_ex.c ****   htim->Instance->SMCR &= ~TIM_SMCR_TS;
 197:Drivers/STM32F1xx_HAL_Driver/Src/stm32f1xx_hal_tim_ex.c ****   htim->Instance->SMCR |= TIM_TS_TI1F_ED;
 198:Drivers/STM32F1xx_HAL_Driver/Src/stm32f1xx_hal_tim_ex.c **** 
 199:Drivers/STM32F1xx_HAL_Driver/Src/stm32f1xx_hal_tim_ex.c ****   /* Use the TIM_TS_TI1F_ED signal to reset the TIM counter each edge detection */
 200:Drivers/STM32F1xx_HAL_Driver/Src/stm32f1xx_hal_tim_ex.c ****   htim->Instance->SMCR &= ~TIM_SMCR_SMS;
 201:Drivers/STM32F1xx_HAL_Driver/Src/stm32f1xx_hal_tim_ex.c ****   htim->Instance->SMCR |= TIM_SLAVEMODE_RESET;
 202:Drivers/STM32F1xx_HAL_Driver/Src/stm32f1xx_hal_tim_ex.c **** 
 203:Drivers/STM32F1xx_HAL_Driver/Src/stm32f1xx_hal_tim_ex.c ****   /* Program channel 2 in PWM 2 mode with the desired Commutation_Delay*/
ARM GAS  C:\Users\Korisnik\AppData\Local\Temp\cckoF0Cb.s 			page 5


 204:Drivers/STM32F1xx_HAL_Driver/Src/stm32f1xx_hal_tim_ex.c ****   OC_Config.OCFastMode = TIM_OCFAST_DISABLE;
 205:Drivers/STM32F1xx_HAL_Driver/Src/stm32f1xx_hal_tim_ex.c ****   OC_Config.OCIdleState = TIM_OCIDLESTATE_RESET;
 206:Drivers/STM32F1xx_HAL_Driver/Src/stm32f1xx_hal_tim_ex.c ****   OC_Config.OCMode = TIM_OCMODE_PWM2;
 207:Drivers/STM32F1xx_HAL_Driver/Src/stm32f1xx_hal_tim_ex.c ****   OC_Config.OCNIdleState = TIM_OCNIDLESTATE_RESET;
 208:Drivers/STM32F1xx_HAL_Driver/Src/stm32f1xx_hal_tim_ex.c ****   OC_Config.OCNPolarity = TIM_OCNPOLARITY_HIGH;
 209:Drivers/STM32F1xx_HAL_Driver/Src/stm32f1xx_hal_tim_ex.c ****   OC_Config.OCPolarity = TIM_OCPOLARITY_HIGH;
 210:Drivers/STM32F1xx_HAL_Driver/Src/stm32f1xx_hal_tim_ex.c ****   OC_Config.Pulse = sConfig->Commutation_Delay;
 211:Drivers/STM32F1xx_HAL_Driver/Src/stm32f1xx_hal_tim_ex.c **** 
 212:Drivers/STM32F1xx_HAL_Driver/Src/stm32f1xx_hal_tim_ex.c ****   TIM_OC2_SetConfig(htim->Instance, &OC_Config);
 213:Drivers/STM32F1xx_HAL_Driver/Src/stm32f1xx_hal_tim_ex.c **** 
 214:Drivers/STM32F1xx_HAL_Driver/Src/stm32f1xx_hal_tim_ex.c ****   /* Select OC2REF as trigger output on TRGO: write the MMS bits in the TIMx_CR2
 215:Drivers/STM32F1xx_HAL_Driver/Src/stm32f1xx_hal_tim_ex.c ****     register to 101 */
 216:Drivers/STM32F1xx_HAL_Driver/Src/stm32f1xx_hal_tim_ex.c ****   htim->Instance->CR2 &= ~TIM_CR2_MMS;
 217:Drivers/STM32F1xx_HAL_Driver/Src/stm32f1xx_hal_tim_ex.c ****   htim->Instance->CR2 |= TIM_TRGO_OC2REF;
 218:Drivers/STM32F1xx_HAL_Driver/Src/stm32f1xx_hal_tim_ex.c **** 
 219:Drivers/STM32F1xx_HAL_Driver/Src/stm32f1xx_hal_tim_ex.c ****   /* Initialize the DMA burst operation state */
 220:Drivers/STM32F1xx_HAL_Driver/Src/stm32f1xx_hal_tim_ex.c ****   htim->DMABurstState = HAL_DMA_BURST_STATE_READY;
 221:Drivers/STM32F1xx_HAL_Driver/Src/stm32f1xx_hal_tim_ex.c **** 
 222:Drivers/STM32F1xx_HAL_Driver/Src/stm32f1xx_hal_tim_ex.c ****   /* Initialize the TIM channels state */
 223:Drivers/STM32F1xx_HAL_Driver/Src/stm32f1xx_hal_tim_ex.c ****   TIM_CHANNEL_STATE_SET(htim, TIM_CHANNEL_1, HAL_TIM_CHANNEL_STATE_READY);
 224:Drivers/STM32F1xx_HAL_Driver/Src/stm32f1xx_hal_tim_ex.c ****   TIM_CHANNEL_STATE_SET(htim, TIM_CHANNEL_2, HAL_TIM_CHANNEL_STATE_READY);
 225:Drivers/STM32F1xx_HAL_Driver/Src/stm32f1xx_hal_tim_ex.c ****   TIM_CHANNEL_N_STATE_SET(htim, TIM_CHANNEL_1, HAL_TIM_CHANNEL_STATE_READY);
 226:Drivers/STM32F1xx_HAL_Driver/Src/stm32f1xx_hal_tim_ex.c ****   TIM_CHANNEL_N_STATE_SET(htim, TIM_CHANNEL_2, HAL_TIM_CHANNEL_STATE_READY);
 227:Drivers/STM32F1xx_HAL_Driver/Src/stm32f1xx_hal_tim_ex.c **** 
 228:Drivers/STM32F1xx_HAL_Driver/Src/stm32f1xx_hal_tim_ex.c ****   /* Initialize the TIM state*/
 229:Drivers/STM32F1xx_HAL_Driver/Src/stm32f1xx_hal_tim_ex.c ****   htim->State = HAL_TIM_STATE_READY;
 230:Drivers/STM32F1xx_HAL_Driver/Src/stm32f1xx_hal_tim_ex.c **** 
 231:Drivers/STM32F1xx_HAL_Driver/Src/stm32f1xx_hal_tim_ex.c ****   return HAL_OK;
 232:Drivers/STM32F1xx_HAL_Driver/Src/stm32f1xx_hal_tim_ex.c **** }
 233:Drivers/STM32F1xx_HAL_Driver/Src/stm32f1xx_hal_tim_ex.c **** 
 234:Drivers/STM32F1xx_HAL_Driver/Src/stm32f1xx_hal_tim_ex.c **** /**
 235:Drivers/STM32F1xx_HAL_Driver/Src/stm32f1xx_hal_tim_ex.c ****   * @brief  DeInitializes the TIM Hall Sensor interface
 236:Drivers/STM32F1xx_HAL_Driver/Src/stm32f1xx_hal_tim_ex.c ****   * @param  htim TIM Hall Sensor Interface handle
 237:Drivers/STM32F1xx_HAL_Driver/Src/stm32f1xx_hal_tim_ex.c ****   * @retval HAL status
 238:Drivers/STM32F1xx_HAL_Driver/Src/stm32f1xx_hal_tim_ex.c ****   */
 239:Drivers/STM32F1xx_HAL_Driver/Src/stm32f1xx_hal_tim_ex.c **** HAL_StatusTypeDef HAL_TIMEx_HallSensor_DeInit(TIM_HandleTypeDef *htim)
 240:Drivers/STM32F1xx_HAL_Driver/Src/stm32f1xx_hal_tim_ex.c **** {
 241:Drivers/STM32F1xx_HAL_Driver/Src/stm32f1xx_hal_tim_ex.c ****   /* Check the parameters */
 242:Drivers/STM32F1xx_HAL_Driver/Src/stm32f1xx_hal_tim_ex.c ****   assert_param(IS_TIM_INSTANCE(htim->Instance));
 243:Drivers/STM32F1xx_HAL_Driver/Src/stm32f1xx_hal_tim_ex.c **** 
 244:Drivers/STM32F1xx_HAL_Driver/Src/stm32f1xx_hal_tim_ex.c ****   htim->State = HAL_TIM_STATE_BUSY;
 245:Drivers/STM32F1xx_HAL_Driver/Src/stm32f1xx_hal_tim_ex.c **** 
 246:Drivers/STM32F1xx_HAL_Driver/Src/stm32f1xx_hal_tim_ex.c ****   /* Disable the TIM Peripheral Clock */
 247:Drivers/STM32F1xx_HAL_Driver/Src/stm32f1xx_hal_tim_ex.c ****   __HAL_TIM_DISABLE(htim);
 248:Drivers/STM32F1xx_HAL_Driver/Src/stm32f1xx_hal_tim_ex.c **** 
 249:Drivers/STM32F1xx_HAL_Driver/Src/stm32f1xx_hal_tim_ex.c **** #if (USE_HAL_TIM_REGISTER_CALLBACKS == 1)
 250:Drivers/STM32F1xx_HAL_Driver/Src/stm32f1xx_hal_tim_ex.c ****   if (htim->HallSensor_MspDeInitCallback == NULL)
 251:Drivers/STM32F1xx_HAL_Driver/Src/stm32f1xx_hal_tim_ex.c ****   {
 252:Drivers/STM32F1xx_HAL_Driver/Src/stm32f1xx_hal_tim_ex.c ****     htim->HallSensor_MspDeInitCallback = HAL_TIMEx_HallSensor_MspDeInit;
 253:Drivers/STM32F1xx_HAL_Driver/Src/stm32f1xx_hal_tim_ex.c ****   }
 254:Drivers/STM32F1xx_HAL_Driver/Src/stm32f1xx_hal_tim_ex.c ****   /* DeInit the low level hardware */
 255:Drivers/STM32F1xx_HAL_Driver/Src/stm32f1xx_hal_tim_ex.c ****   htim->HallSensor_MspDeInitCallback(htim);
 256:Drivers/STM32F1xx_HAL_Driver/Src/stm32f1xx_hal_tim_ex.c **** #else
 257:Drivers/STM32F1xx_HAL_Driver/Src/stm32f1xx_hal_tim_ex.c ****   /* DeInit the low level hardware: GPIO, CLOCK, NVIC */
 258:Drivers/STM32F1xx_HAL_Driver/Src/stm32f1xx_hal_tim_ex.c ****   HAL_TIMEx_HallSensor_MspDeInit(htim);
 259:Drivers/STM32F1xx_HAL_Driver/Src/stm32f1xx_hal_tim_ex.c **** #endif /* USE_HAL_TIM_REGISTER_CALLBACKS */
 260:Drivers/STM32F1xx_HAL_Driver/Src/stm32f1xx_hal_tim_ex.c **** 
ARM GAS  C:\Users\Korisnik\AppData\Local\Temp\cckoF0Cb.s 			page 6


 261:Drivers/STM32F1xx_HAL_Driver/Src/stm32f1xx_hal_tim_ex.c ****   /* Change the DMA burst operation state */
 262:Drivers/STM32F1xx_HAL_Driver/Src/stm32f1xx_hal_tim_ex.c ****   htim->DMABurstState = HAL_DMA_BURST_STATE_RESET;
 263:Drivers/STM32F1xx_HAL_Driver/Src/stm32f1xx_hal_tim_ex.c **** 
 264:Drivers/STM32F1xx_HAL_Driver/Src/stm32f1xx_hal_tim_ex.c ****   /* Change the TIM channels state */
 265:Drivers/STM32F1xx_HAL_Driver/Src/stm32f1xx_hal_tim_ex.c ****   TIM_CHANNEL_STATE_SET(htim, TIM_CHANNEL_1, HAL_TIM_CHANNEL_STATE_RESET);
 266:Drivers/STM32F1xx_HAL_Driver/Src/stm32f1xx_hal_tim_ex.c ****   TIM_CHANNEL_STATE_SET(htim, TIM_CHANNEL_2, HAL_TIM_CHANNEL_STATE_RESET);
 267:Drivers/STM32F1xx_HAL_Driver/Src/stm32f1xx_hal_tim_ex.c ****   TIM_CHANNEL_N_STATE_SET(htim, TIM_CHANNEL_1, HAL_TIM_CHANNEL_STATE_RESET);
 268:Drivers/STM32F1xx_HAL_Driver/Src/stm32f1xx_hal_tim_ex.c ****   TIM_CHANNEL_N_STATE_SET(htim, TIM_CHANNEL_2, HAL_TIM_CHANNEL_STATE_RESET);
 269:Drivers/STM32F1xx_HAL_Driver/Src/stm32f1xx_hal_tim_ex.c **** 
 270:Drivers/STM32F1xx_HAL_Driver/Src/stm32f1xx_hal_tim_ex.c ****   /* Change TIM state */
 271:Drivers/STM32F1xx_HAL_Driver/Src/stm32f1xx_hal_tim_ex.c ****   htim->State = HAL_TIM_STATE_RESET;
 272:Drivers/STM32F1xx_HAL_Driver/Src/stm32f1xx_hal_tim_ex.c **** 
 273:Drivers/STM32F1xx_HAL_Driver/Src/stm32f1xx_hal_tim_ex.c ****   /* Release Lock */
 274:Drivers/STM32F1xx_HAL_Driver/Src/stm32f1xx_hal_tim_ex.c ****   __HAL_UNLOCK(htim);
 275:Drivers/STM32F1xx_HAL_Driver/Src/stm32f1xx_hal_tim_ex.c **** 
 276:Drivers/STM32F1xx_HAL_Driver/Src/stm32f1xx_hal_tim_ex.c ****   return HAL_OK;
 277:Drivers/STM32F1xx_HAL_Driver/Src/stm32f1xx_hal_tim_ex.c **** }
 278:Drivers/STM32F1xx_HAL_Driver/Src/stm32f1xx_hal_tim_ex.c **** 
 279:Drivers/STM32F1xx_HAL_Driver/Src/stm32f1xx_hal_tim_ex.c **** /**
 280:Drivers/STM32F1xx_HAL_Driver/Src/stm32f1xx_hal_tim_ex.c ****   * @brief  Initializes the TIM Hall Sensor MSP.
 281:Drivers/STM32F1xx_HAL_Driver/Src/stm32f1xx_hal_tim_ex.c ****   * @param  htim TIM Hall Sensor Interface handle
 282:Drivers/STM32F1xx_HAL_Driver/Src/stm32f1xx_hal_tim_ex.c ****   * @retval None
 283:Drivers/STM32F1xx_HAL_Driver/Src/stm32f1xx_hal_tim_ex.c ****   */
 284:Drivers/STM32F1xx_HAL_Driver/Src/stm32f1xx_hal_tim_ex.c **** __weak void HAL_TIMEx_HallSensor_MspInit(TIM_HandleTypeDef *htim)
 285:Drivers/STM32F1xx_HAL_Driver/Src/stm32f1xx_hal_tim_ex.c **** {
 286:Drivers/STM32F1xx_HAL_Driver/Src/stm32f1xx_hal_tim_ex.c ****   /* Prevent unused argument(s) compilation warning */
 287:Drivers/STM32F1xx_HAL_Driver/Src/stm32f1xx_hal_tim_ex.c ****   UNUSED(htim);
 288:Drivers/STM32F1xx_HAL_Driver/Src/stm32f1xx_hal_tim_ex.c **** 
 289:Drivers/STM32F1xx_HAL_Driver/Src/stm32f1xx_hal_tim_ex.c ****   /* NOTE : This function should not be modified, when the callback is needed,
 290:Drivers/STM32F1xx_HAL_Driver/Src/stm32f1xx_hal_tim_ex.c ****             the HAL_TIMEx_HallSensor_MspInit could be implemented in the user file
 291:Drivers/STM32F1xx_HAL_Driver/Src/stm32f1xx_hal_tim_ex.c ****    */
 292:Drivers/STM32F1xx_HAL_Driver/Src/stm32f1xx_hal_tim_ex.c **** }
 293:Drivers/STM32F1xx_HAL_Driver/Src/stm32f1xx_hal_tim_ex.c **** 
 294:Drivers/STM32F1xx_HAL_Driver/Src/stm32f1xx_hal_tim_ex.c **** /**
 295:Drivers/STM32F1xx_HAL_Driver/Src/stm32f1xx_hal_tim_ex.c ****   * @brief  DeInitializes TIM Hall Sensor MSP.
 296:Drivers/STM32F1xx_HAL_Driver/Src/stm32f1xx_hal_tim_ex.c ****   * @param  htim TIM Hall Sensor Interface handle
 297:Drivers/STM32F1xx_HAL_Driver/Src/stm32f1xx_hal_tim_ex.c ****   * @retval None
 298:Drivers/STM32F1xx_HAL_Driver/Src/stm32f1xx_hal_tim_ex.c ****   */
 299:Drivers/STM32F1xx_HAL_Driver/Src/stm32f1xx_hal_tim_ex.c **** __weak void HAL_TIMEx_HallSensor_MspDeInit(TIM_HandleTypeDef *htim)
 300:Drivers/STM32F1xx_HAL_Driver/Src/stm32f1xx_hal_tim_ex.c **** {
 301:Drivers/STM32F1xx_HAL_Driver/Src/stm32f1xx_hal_tim_ex.c ****   /* Prevent unused argument(s) compilation warning */
 302:Drivers/STM32F1xx_HAL_Driver/Src/stm32f1xx_hal_tim_ex.c ****   UNUSED(htim);
 303:Drivers/STM32F1xx_HAL_Driver/Src/stm32f1xx_hal_tim_ex.c **** 
 304:Drivers/STM32F1xx_HAL_Driver/Src/stm32f1xx_hal_tim_ex.c ****   /* NOTE : This function should not be modified, when the callback is needed,
 305:Drivers/STM32F1xx_HAL_Driver/Src/stm32f1xx_hal_tim_ex.c ****             the HAL_TIMEx_HallSensor_MspDeInit could be implemented in the user file
 306:Drivers/STM32F1xx_HAL_Driver/Src/stm32f1xx_hal_tim_ex.c ****    */
 307:Drivers/STM32F1xx_HAL_Driver/Src/stm32f1xx_hal_tim_ex.c **** }
 308:Drivers/STM32F1xx_HAL_Driver/Src/stm32f1xx_hal_tim_ex.c **** 
 309:Drivers/STM32F1xx_HAL_Driver/Src/stm32f1xx_hal_tim_ex.c **** /**
 310:Drivers/STM32F1xx_HAL_Driver/Src/stm32f1xx_hal_tim_ex.c ****   * @brief  Starts the TIM Hall Sensor Interface.
 311:Drivers/STM32F1xx_HAL_Driver/Src/stm32f1xx_hal_tim_ex.c ****   * @param  htim TIM Hall Sensor Interface handle
 312:Drivers/STM32F1xx_HAL_Driver/Src/stm32f1xx_hal_tim_ex.c ****   * @retval HAL status
 313:Drivers/STM32F1xx_HAL_Driver/Src/stm32f1xx_hal_tim_ex.c ****   */
 314:Drivers/STM32F1xx_HAL_Driver/Src/stm32f1xx_hal_tim_ex.c **** HAL_StatusTypeDef HAL_TIMEx_HallSensor_Start(TIM_HandleTypeDef *htim)
 315:Drivers/STM32F1xx_HAL_Driver/Src/stm32f1xx_hal_tim_ex.c **** {
 316:Drivers/STM32F1xx_HAL_Driver/Src/stm32f1xx_hal_tim_ex.c ****   uint32_t tmpsmcr;
 317:Drivers/STM32F1xx_HAL_Driver/Src/stm32f1xx_hal_tim_ex.c ****   HAL_TIM_ChannelStateTypeDef channel_1_state = TIM_CHANNEL_STATE_GET(htim, TIM_CHANNEL_1);
ARM GAS  C:\Users\Korisnik\AppData\Local\Temp\cckoF0Cb.s 			page 7


 318:Drivers/STM32F1xx_HAL_Driver/Src/stm32f1xx_hal_tim_ex.c ****   HAL_TIM_ChannelStateTypeDef channel_2_state = TIM_CHANNEL_STATE_GET(htim, TIM_CHANNEL_2);
 319:Drivers/STM32F1xx_HAL_Driver/Src/stm32f1xx_hal_tim_ex.c ****   HAL_TIM_ChannelStateTypeDef complementary_channel_1_state = TIM_CHANNEL_N_STATE_GET(htim, TIM_CHA
 320:Drivers/STM32F1xx_HAL_Driver/Src/stm32f1xx_hal_tim_ex.c ****   HAL_TIM_ChannelStateTypeDef complementary_channel_2_state = TIM_CHANNEL_N_STATE_GET(htim, TIM_CHA
 321:Drivers/STM32F1xx_HAL_Driver/Src/stm32f1xx_hal_tim_ex.c **** 
 322:Drivers/STM32F1xx_HAL_Driver/Src/stm32f1xx_hal_tim_ex.c ****   /* Check the parameters */
 323:Drivers/STM32F1xx_HAL_Driver/Src/stm32f1xx_hal_tim_ex.c ****   assert_param(IS_TIM_HALL_SENSOR_INTERFACE_INSTANCE(htim->Instance));
 324:Drivers/STM32F1xx_HAL_Driver/Src/stm32f1xx_hal_tim_ex.c **** 
 325:Drivers/STM32F1xx_HAL_Driver/Src/stm32f1xx_hal_tim_ex.c ****   /* Check the TIM channels state */
 326:Drivers/STM32F1xx_HAL_Driver/Src/stm32f1xx_hal_tim_ex.c ****   if ((channel_1_state != HAL_TIM_CHANNEL_STATE_READY)
 327:Drivers/STM32F1xx_HAL_Driver/Src/stm32f1xx_hal_tim_ex.c ****       || (channel_2_state != HAL_TIM_CHANNEL_STATE_READY)
 328:Drivers/STM32F1xx_HAL_Driver/Src/stm32f1xx_hal_tim_ex.c ****       || (complementary_channel_1_state != HAL_TIM_CHANNEL_STATE_READY)
 329:Drivers/STM32F1xx_HAL_Driver/Src/stm32f1xx_hal_tim_ex.c ****       || (complementary_channel_2_state != HAL_TIM_CHANNEL_STATE_READY))
 330:Drivers/STM32F1xx_HAL_Driver/Src/stm32f1xx_hal_tim_ex.c ****   {
 331:Drivers/STM32F1xx_HAL_Driver/Src/stm32f1xx_hal_tim_ex.c ****     return HAL_ERROR;
 332:Drivers/STM32F1xx_HAL_Driver/Src/stm32f1xx_hal_tim_ex.c ****   }
 333:Drivers/STM32F1xx_HAL_Driver/Src/stm32f1xx_hal_tim_ex.c **** 
 334:Drivers/STM32F1xx_HAL_Driver/Src/stm32f1xx_hal_tim_ex.c ****   /* Set the TIM channels state */
 335:Drivers/STM32F1xx_HAL_Driver/Src/stm32f1xx_hal_tim_ex.c ****   TIM_CHANNEL_STATE_SET(htim, TIM_CHANNEL_1, HAL_TIM_CHANNEL_STATE_BUSY);
 336:Drivers/STM32F1xx_HAL_Driver/Src/stm32f1xx_hal_tim_ex.c ****   TIM_CHANNEL_STATE_SET(htim, TIM_CHANNEL_2, HAL_TIM_CHANNEL_STATE_BUSY);
 337:Drivers/STM32F1xx_HAL_Driver/Src/stm32f1xx_hal_tim_ex.c ****   TIM_CHANNEL_N_STATE_SET(htim, TIM_CHANNEL_1, HAL_TIM_CHANNEL_STATE_BUSY);
 338:Drivers/STM32F1xx_HAL_Driver/Src/stm32f1xx_hal_tim_ex.c ****   TIM_CHANNEL_N_STATE_SET(htim, TIM_CHANNEL_2, HAL_TIM_CHANNEL_STATE_BUSY);
 339:Drivers/STM32F1xx_HAL_Driver/Src/stm32f1xx_hal_tim_ex.c **** 
 340:Drivers/STM32F1xx_HAL_Driver/Src/stm32f1xx_hal_tim_ex.c ****   /* Enable the Input Capture channel 1
 341:Drivers/STM32F1xx_HAL_Driver/Src/stm32f1xx_hal_tim_ex.c ****   (in the Hall Sensor Interface the three possible channels that can be used are TIM_CHANNEL_1,
 342:Drivers/STM32F1xx_HAL_Driver/Src/stm32f1xx_hal_tim_ex.c ****   TIM_CHANNEL_2 and TIM_CHANNEL_3) */
 343:Drivers/STM32F1xx_HAL_Driver/Src/stm32f1xx_hal_tim_ex.c ****   TIM_CCxChannelCmd(htim->Instance, TIM_CHANNEL_1, TIM_CCx_ENABLE);
 344:Drivers/STM32F1xx_HAL_Driver/Src/stm32f1xx_hal_tim_ex.c **** 
 345:Drivers/STM32F1xx_HAL_Driver/Src/stm32f1xx_hal_tim_ex.c ****   /* Enable the Peripheral, except in trigger mode where enable is automatically done with trigger 
 346:Drivers/STM32F1xx_HAL_Driver/Src/stm32f1xx_hal_tim_ex.c ****   if (IS_TIM_SLAVE_INSTANCE(htim->Instance))
 347:Drivers/STM32F1xx_HAL_Driver/Src/stm32f1xx_hal_tim_ex.c ****   {
 348:Drivers/STM32F1xx_HAL_Driver/Src/stm32f1xx_hal_tim_ex.c ****     tmpsmcr = htim->Instance->SMCR & TIM_SMCR_SMS;
 349:Drivers/STM32F1xx_HAL_Driver/Src/stm32f1xx_hal_tim_ex.c ****     if (!IS_TIM_SLAVEMODE_TRIGGER_ENABLED(tmpsmcr))
 350:Drivers/STM32F1xx_HAL_Driver/Src/stm32f1xx_hal_tim_ex.c ****     {
 351:Drivers/STM32F1xx_HAL_Driver/Src/stm32f1xx_hal_tim_ex.c ****       __HAL_TIM_ENABLE(htim);
 352:Drivers/STM32F1xx_HAL_Driver/Src/stm32f1xx_hal_tim_ex.c ****     }
 353:Drivers/STM32F1xx_HAL_Driver/Src/stm32f1xx_hal_tim_ex.c ****   }
 354:Drivers/STM32F1xx_HAL_Driver/Src/stm32f1xx_hal_tim_ex.c ****   else
 355:Drivers/STM32F1xx_HAL_Driver/Src/stm32f1xx_hal_tim_ex.c ****   {
 356:Drivers/STM32F1xx_HAL_Driver/Src/stm32f1xx_hal_tim_ex.c ****     __HAL_TIM_ENABLE(htim);
 357:Drivers/STM32F1xx_HAL_Driver/Src/stm32f1xx_hal_tim_ex.c ****   }
 358:Drivers/STM32F1xx_HAL_Driver/Src/stm32f1xx_hal_tim_ex.c **** 
 359:Drivers/STM32F1xx_HAL_Driver/Src/stm32f1xx_hal_tim_ex.c ****   /* Return function status */
 360:Drivers/STM32F1xx_HAL_Driver/Src/stm32f1xx_hal_tim_ex.c ****   return HAL_OK;
 361:Drivers/STM32F1xx_HAL_Driver/Src/stm32f1xx_hal_tim_ex.c **** }
 362:Drivers/STM32F1xx_HAL_Driver/Src/stm32f1xx_hal_tim_ex.c **** 
 363:Drivers/STM32F1xx_HAL_Driver/Src/stm32f1xx_hal_tim_ex.c **** /**
 364:Drivers/STM32F1xx_HAL_Driver/Src/stm32f1xx_hal_tim_ex.c ****   * @brief  Stops the TIM Hall sensor Interface.
 365:Drivers/STM32F1xx_HAL_Driver/Src/stm32f1xx_hal_tim_ex.c ****   * @param  htim TIM Hall Sensor Interface handle
 366:Drivers/STM32F1xx_HAL_Driver/Src/stm32f1xx_hal_tim_ex.c ****   * @retval HAL status
 367:Drivers/STM32F1xx_HAL_Driver/Src/stm32f1xx_hal_tim_ex.c ****   */
 368:Drivers/STM32F1xx_HAL_Driver/Src/stm32f1xx_hal_tim_ex.c **** HAL_StatusTypeDef HAL_TIMEx_HallSensor_Stop(TIM_HandleTypeDef *htim)
 369:Drivers/STM32F1xx_HAL_Driver/Src/stm32f1xx_hal_tim_ex.c **** {
 370:Drivers/STM32F1xx_HAL_Driver/Src/stm32f1xx_hal_tim_ex.c ****   /* Check the parameters */
 371:Drivers/STM32F1xx_HAL_Driver/Src/stm32f1xx_hal_tim_ex.c ****   assert_param(IS_TIM_HALL_SENSOR_INTERFACE_INSTANCE(htim->Instance));
 372:Drivers/STM32F1xx_HAL_Driver/Src/stm32f1xx_hal_tim_ex.c **** 
 373:Drivers/STM32F1xx_HAL_Driver/Src/stm32f1xx_hal_tim_ex.c ****   /* Disable the Input Capture channels 1, 2 and 3
 374:Drivers/STM32F1xx_HAL_Driver/Src/stm32f1xx_hal_tim_ex.c ****   (in the Hall Sensor Interface the three possible channels that can be used are TIM_CHANNEL_1,
ARM GAS  C:\Users\Korisnik\AppData\Local\Temp\cckoF0Cb.s 			page 8


 375:Drivers/STM32F1xx_HAL_Driver/Src/stm32f1xx_hal_tim_ex.c ****   TIM_CHANNEL_2 and TIM_CHANNEL_3) */
 376:Drivers/STM32F1xx_HAL_Driver/Src/stm32f1xx_hal_tim_ex.c ****   TIM_CCxChannelCmd(htim->Instance, TIM_CHANNEL_1, TIM_CCx_DISABLE);
 377:Drivers/STM32F1xx_HAL_Driver/Src/stm32f1xx_hal_tim_ex.c **** 
 378:Drivers/STM32F1xx_HAL_Driver/Src/stm32f1xx_hal_tim_ex.c ****   /* Disable the Peripheral */
 379:Drivers/STM32F1xx_HAL_Driver/Src/stm32f1xx_hal_tim_ex.c ****   __HAL_TIM_DISABLE(htim);
 380:Drivers/STM32F1xx_HAL_Driver/Src/stm32f1xx_hal_tim_ex.c **** 
 381:Drivers/STM32F1xx_HAL_Driver/Src/stm32f1xx_hal_tim_ex.c ****   /* Set the TIM channels state */
 382:Drivers/STM32F1xx_HAL_Driver/Src/stm32f1xx_hal_tim_ex.c ****   TIM_CHANNEL_STATE_SET(htim, TIM_CHANNEL_1, HAL_TIM_CHANNEL_STATE_READY);
 383:Drivers/STM32F1xx_HAL_Driver/Src/stm32f1xx_hal_tim_ex.c ****   TIM_CHANNEL_STATE_SET(htim, TIM_CHANNEL_2, HAL_TIM_CHANNEL_STATE_READY);
 384:Drivers/STM32F1xx_HAL_Driver/Src/stm32f1xx_hal_tim_ex.c ****   TIM_CHANNEL_N_STATE_SET(htim, TIM_CHANNEL_1, HAL_TIM_CHANNEL_STATE_READY);
 385:Drivers/STM32F1xx_HAL_Driver/Src/stm32f1xx_hal_tim_ex.c ****   TIM_CHANNEL_N_STATE_SET(htim, TIM_CHANNEL_2, HAL_TIM_CHANNEL_STATE_READY);
 386:Drivers/STM32F1xx_HAL_Driver/Src/stm32f1xx_hal_tim_ex.c **** 
 387:Drivers/STM32F1xx_HAL_Driver/Src/stm32f1xx_hal_tim_ex.c ****   /* Return function status */
 388:Drivers/STM32F1xx_HAL_Driver/Src/stm32f1xx_hal_tim_ex.c ****   return HAL_OK;
 389:Drivers/STM32F1xx_HAL_Driver/Src/stm32f1xx_hal_tim_ex.c **** }
 390:Drivers/STM32F1xx_HAL_Driver/Src/stm32f1xx_hal_tim_ex.c **** 
 391:Drivers/STM32F1xx_HAL_Driver/Src/stm32f1xx_hal_tim_ex.c **** /**
 392:Drivers/STM32F1xx_HAL_Driver/Src/stm32f1xx_hal_tim_ex.c ****   * @brief  Starts the TIM Hall Sensor Interface in interrupt mode.
 393:Drivers/STM32F1xx_HAL_Driver/Src/stm32f1xx_hal_tim_ex.c ****   * @param  htim TIM Hall Sensor Interface handle
 394:Drivers/STM32F1xx_HAL_Driver/Src/stm32f1xx_hal_tim_ex.c ****   * @retval HAL status
 395:Drivers/STM32F1xx_HAL_Driver/Src/stm32f1xx_hal_tim_ex.c ****   */
 396:Drivers/STM32F1xx_HAL_Driver/Src/stm32f1xx_hal_tim_ex.c **** HAL_StatusTypeDef HAL_TIMEx_HallSensor_Start_IT(TIM_HandleTypeDef *htim)
 397:Drivers/STM32F1xx_HAL_Driver/Src/stm32f1xx_hal_tim_ex.c **** {
 398:Drivers/STM32F1xx_HAL_Driver/Src/stm32f1xx_hal_tim_ex.c ****   uint32_t tmpsmcr;
 399:Drivers/STM32F1xx_HAL_Driver/Src/stm32f1xx_hal_tim_ex.c ****   HAL_TIM_ChannelStateTypeDef channel_1_state = TIM_CHANNEL_STATE_GET(htim, TIM_CHANNEL_1);
 400:Drivers/STM32F1xx_HAL_Driver/Src/stm32f1xx_hal_tim_ex.c ****   HAL_TIM_ChannelStateTypeDef channel_2_state = TIM_CHANNEL_STATE_GET(htim, TIM_CHANNEL_2);
 401:Drivers/STM32F1xx_HAL_Driver/Src/stm32f1xx_hal_tim_ex.c ****   HAL_TIM_ChannelStateTypeDef complementary_channel_1_state = TIM_CHANNEL_N_STATE_GET(htim, TIM_CHA
 402:Drivers/STM32F1xx_HAL_Driver/Src/stm32f1xx_hal_tim_ex.c ****   HAL_TIM_ChannelStateTypeDef complementary_channel_2_state = TIM_CHANNEL_N_STATE_GET(htim, TIM_CHA
 403:Drivers/STM32F1xx_HAL_Driver/Src/stm32f1xx_hal_tim_ex.c **** 
 404:Drivers/STM32F1xx_HAL_Driver/Src/stm32f1xx_hal_tim_ex.c ****   /* Check the parameters */
 405:Drivers/STM32F1xx_HAL_Driver/Src/stm32f1xx_hal_tim_ex.c ****   assert_param(IS_TIM_HALL_SENSOR_INTERFACE_INSTANCE(htim->Instance));
 406:Drivers/STM32F1xx_HAL_Driver/Src/stm32f1xx_hal_tim_ex.c **** 
 407:Drivers/STM32F1xx_HAL_Driver/Src/stm32f1xx_hal_tim_ex.c ****   /* Check the TIM channels state */
 408:Drivers/STM32F1xx_HAL_Driver/Src/stm32f1xx_hal_tim_ex.c ****   if ((channel_1_state != HAL_TIM_CHANNEL_STATE_READY)
 409:Drivers/STM32F1xx_HAL_Driver/Src/stm32f1xx_hal_tim_ex.c ****       || (channel_2_state != HAL_TIM_CHANNEL_STATE_READY)
 410:Drivers/STM32F1xx_HAL_Driver/Src/stm32f1xx_hal_tim_ex.c ****       || (complementary_channel_1_state != HAL_TIM_CHANNEL_STATE_READY)
 411:Drivers/STM32F1xx_HAL_Driver/Src/stm32f1xx_hal_tim_ex.c ****       || (complementary_channel_2_state != HAL_TIM_CHANNEL_STATE_READY))
 412:Drivers/STM32F1xx_HAL_Driver/Src/stm32f1xx_hal_tim_ex.c ****   {
 413:Drivers/STM32F1xx_HAL_Driver/Src/stm32f1xx_hal_tim_ex.c ****     return HAL_ERROR;
 414:Drivers/STM32F1xx_HAL_Driver/Src/stm32f1xx_hal_tim_ex.c ****   }
 415:Drivers/STM32F1xx_HAL_Driver/Src/stm32f1xx_hal_tim_ex.c **** 
 416:Drivers/STM32F1xx_HAL_Driver/Src/stm32f1xx_hal_tim_ex.c ****   /* Set the TIM channels state */
 417:Drivers/STM32F1xx_HAL_Driver/Src/stm32f1xx_hal_tim_ex.c ****   TIM_CHANNEL_STATE_SET(htim, TIM_CHANNEL_1, HAL_TIM_CHANNEL_STATE_BUSY);
 418:Drivers/STM32F1xx_HAL_Driver/Src/stm32f1xx_hal_tim_ex.c ****   TIM_CHANNEL_STATE_SET(htim, TIM_CHANNEL_2, HAL_TIM_CHANNEL_STATE_BUSY);
 419:Drivers/STM32F1xx_HAL_Driver/Src/stm32f1xx_hal_tim_ex.c ****   TIM_CHANNEL_N_STATE_SET(htim, TIM_CHANNEL_1, HAL_TIM_CHANNEL_STATE_BUSY);
 420:Drivers/STM32F1xx_HAL_Driver/Src/stm32f1xx_hal_tim_ex.c ****   TIM_CHANNEL_N_STATE_SET(htim, TIM_CHANNEL_2, HAL_TIM_CHANNEL_STATE_BUSY);
 421:Drivers/STM32F1xx_HAL_Driver/Src/stm32f1xx_hal_tim_ex.c **** 
 422:Drivers/STM32F1xx_HAL_Driver/Src/stm32f1xx_hal_tim_ex.c ****   /* Enable the capture compare Interrupts 1 event */
 423:Drivers/STM32F1xx_HAL_Driver/Src/stm32f1xx_hal_tim_ex.c ****   __HAL_TIM_ENABLE_IT(htim, TIM_IT_CC1);
 424:Drivers/STM32F1xx_HAL_Driver/Src/stm32f1xx_hal_tim_ex.c **** 
 425:Drivers/STM32F1xx_HAL_Driver/Src/stm32f1xx_hal_tim_ex.c ****   /* Enable the Input Capture channel 1
 426:Drivers/STM32F1xx_HAL_Driver/Src/stm32f1xx_hal_tim_ex.c ****   (in the Hall Sensor Interface the three possible channels that can be used are TIM_CHANNEL_1,
 427:Drivers/STM32F1xx_HAL_Driver/Src/stm32f1xx_hal_tim_ex.c ****   TIM_CHANNEL_2 and TIM_CHANNEL_3) */
 428:Drivers/STM32F1xx_HAL_Driver/Src/stm32f1xx_hal_tim_ex.c ****   TIM_CCxChannelCmd(htim->Instance, TIM_CHANNEL_1, TIM_CCx_ENABLE);
 429:Drivers/STM32F1xx_HAL_Driver/Src/stm32f1xx_hal_tim_ex.c **** 
 430:Drivers/STM32F1xx_HAL_Driver/Src/stm32f1xx_hal_tim_ex.c ****   /* Enable the Peripheral, except in trigger mode where enable is automatically done with trigger 
 431:Drivers/STM32F1xx_HAL_Driver/Src/stm32f1xx_hal_tim_ex.c ****   if (IS_TIM_SLAVE_INSTANCE(htim->Instance))
ARM GAS  C:\Users\Korisnik\AppData\Local\Temp\cckoF0Cb.s 			page 9


 432:Drivers/STM32F1xx_HAL_Driver/Src/stm32f1xx_hal_tim_ex.c ****   {
 433:Drivers/STM32F1xx_HAL_Driver/Src/stm32f1xx_hal_tim_ex.c ****     tmpsmcr = htim->Instance->SMCR & TIM_SMCR_SMS;
 434:Drivers/STM32F1xx_HAL_Driver/Src/stm32f1xx_hal_tim_ex.c ****     if (!IS_TIM_SLAVEMODE_TRIGGER_ENABLED(tmpsmcr))
 435:Drivers/STM32F1xx_HAL_Driver/Src/stm32f1xx_hal_tim_ex.c ****     {
 436:Drivers/STM32F1xx_HAL_Driver/Src/stm32f1xx_hal_tim_ex.c ****       __HAL_TIM_ENABLE(htim);
 437:Drivers/STM32F1xx_HAL_Driver/Src/stm32f1xx_hal_tim_ex.c ****     }
 438:Drivers/STM32F1xx_HAL_Driver/Src/stm32f1xx_hal_tim_ex.c ****   }
 439:Drivers/STM32F1xx_HAL_Driver/Src/stm32f1xx_hal_tim_ex.c ****   else
 440:Drivers/STM32F1xx_HAL_Driver/Src/stm32f1xx_hal_tim_ex.c ****   {
 441:Drivers/STM32F1xx_HAL_Driver/Src/stm32f1xx_hal_tim_ex.c ****     __HAL_TIM_ENABLE(htim);
 442:Drivers/STM32F1xx_HAL_Driver/Src/stm32f1xx_hal_tim_ex.c ****   }
 443:Drivers/STM32F1xx_HAL_Driver/Src/stm32f1xx_hal_tim_ex.c **** 
 444:Drivers/STM32F1xx_HAL_Driver/Src/stm32f1xx_hal_tim_ex.c ****   /* Return function status */
 445:Drivers/STM32F1xx_HAL_Driver/Src/stm32f1xx_hal_tim_ex.c ****   return HAL_OK;
 446:Drivers/STM32F1xx_HAL_Driver/Src/stm32f1xx_hal_tim_ex.c **** }
 447:Drivers/STM32F1xx_HAL_Driver/Src/stm32f1xx_hal_tim_ex.c **** 
 448:Drivers/STM32F1xx_HAL_Driver/Src/stm32f1xx_hal_tim_ex.c **** /**
 449:Drivers/STM32F1xx_HAL_Driver/Src/stm32f1xx_hal_tim_ex.c ****   * @brief  Stops the TIM Hall Sensor Interface in interrupt mode.
 450:Drivers/STM32F1xx_HAL_Driver/Src/stm32f1xx_hal_tim_ex.c ****   * @param  htim TIM Hall Sensor Interface handle
 451:Drivers/STM32F1xx_HAL_Driver/Src/stm32f1xx_hal_tim_ex.c ****   * @retval HAL status
 452:Drivers/STM32F1xx_HAL_Driver/Src/stm32f1xx_hal_tim_ex.c ****   */
 453:Drivers/STM32F1xx_HAL_Driver/Src/stm32f1xx_hal_tim_ex.c **** HAL_StatusTypeDef HAL_TIMEx_HallSensor_Stop_IT(TIM_HandleTypeDef *htim)
 454:Drivers/STM32F1xx_HAL_Driver/Src/stm32f1xx_hal_tim_ex.c **** {
 455:Drivers/STM32F1xx_HAL_Driver/Src/stm32f1xx_hal_tim_ex.c ****   /* Check the parameters */
 456:Drivers/STM32F1xx_HAL_Driver/Src/stm32f1xx_hal_tim_ex.c ****   assert_param(IS_TIM_HALL_SENSOR_INTERFACE_INSTANCE(htim->Instance));
 457:Drivers/STM32F1xx_HAL_Driver/Src/stm32f1xx_hal_tim_ex.c **** 
 458:Drivers/STM32F1xx_HAL_Driver/Src/stm32f1xx_hal_tim_ex.c ****   /* Disable the Input Capture channel 1
 459:Drivers/STM32F1xx_HAL_Driver/Src/stm32f1xx_hal_tim_ex.c ****   (in the Hall Sensor Interface the three possible channels that can be used are TIM_CHANNEL_1,
 460:Drivers/STM32F1xx_HAL_Driver/Src/stm32f1xx_hal_tim_ex.c ****   TIM_CHANNEL_2 and TIM_CHANNEL_3) */
 461:Drivers/STM32F1xx_HAL_Driver/Src/stm32f1xx_hal_tim_ex.c ****   TIM_CCxChannelCmd(htim->Instance, TIM_CHANNEL_1, TIM_CCx_DISABLE);
 462:Drivers/STM32F1xx_HAL_Driver/Src/stm32f1xx_hal_tim_ex.c **** 
 463:Drivers/STM32F1xx_HAL_Driver/Src/stm32f1xx_hal_tim_ex.c ****   /* Disable the capture compare Interrupts event */
 464:Drivers/STM32F1xx_HAL_Driver/Src/stm32f1xx_hal_tim_ex.c ****   __HAL_TIM_DISABLE_IT(htim, TIM_IT_CC1);
 465:Drivers/STM32F1xx_HAL_Driver/Src/stm32f1xx_hal_tim_ex.c **** 
 466:Drivers/STM32F1xx_HAL_Driver/Src/stm32f1xx_hal_tim_ex.c ****   /* Disable the Peripheral */
 467:Drivers/STM32F1xx_HAL_Driver/Src/stm32f1xx_hal_tim_ex.c ****   __HAL_TIM_DISABLE(htim);
 468:Drivers/STM32F1xx_HAL_Driver/Src/stm32f1xx_hal_tim_ex.c **** 
 469:Drivers/STM32F1xx_HAL_Driver/Src/stm32f1xx_hal_tim_ex.c ****   /* Set the TIM channels state */
 470:Drivers/STM32F1xx_HAL_Driver/Src/stm32f1xx_hal_tim_ex.c ****   TIM_CHANNEL_STATE_SET(htim, TIM_CHANNEL_1, HAL_TIM_CHANNEL_STATE_READY);
 471:Drivers/STM32F1xx_HAL_Driver/Src/stm32f1xx_hal_tim_ex.c ****   TIM_CHANNEL_STATE_SET(htim, TIM_CHANNEL_2, HAL_TIM_CHANNEL_STATE_READY);
 472:Drivers/STM32F1xx_HAL_Driver/Src/stm32f1xx_hal_tim_ex.c ****   TIM_CHANNEL_N_STATE_SET(htim, TIM_CHANNEL_1, HAL_TIM_CHANNEL_STATE_READY);
 473:Drivers/STM32F1xx_HAL_Driver/Src/stm32f1xx_hal_tim_ex.c ****   TIM_CHANNEL_N_STATE_SET(htim, TIM_CHANNEL_2, HAL_TIM_CHANNEL_STATE_READY);
 474:Drivers/STM32F1xx_HAL_Driver/Src/stm32f1xx_hal_tim_ex.c **** 
 475:Drivers/STM32F1xx_HAL_Driver/Src/stm32f1xx_hal_tim_ex.c ****   /* Return function status */
 476:Drivers/STM32F1xx_HAL_Driver/Src/stm32f1xx_hal_tim_ex.c ****   return HAL_OK;
 477:Drivers/STM32F1xx_HAL_Driver/Src/stm32f1xx_hal_tim_ex.c **** }
 478:Drivers/STM32F1xx_HAL_Driver/Src/stm32f1xx_hal_tim_ex.c **** 
 479:Drivers/STM32F1xx_HAL_Driver/Src/stm32f1xx_hal_tim_ex.c **** /**
 480:Drivers/STM32F1xx_HAL_Driver/Src/stm32f1xx_hal_tim_ex.c ****   * @brief  Starts the TIM Hall Sensor Interface in DMA mode.
 481:Drivers/STM32F1xx_HAL_Driver/Src/stm32f1xx_hal_tim_ex.c ****   * @param  htim TIM Hall Sensor Interface handle
 482:Drivers/STM32F1xx_HAL_Driver/Src/stm32f1xx_hal_tim_ex.c ****   * @param  pData The destination Buffer address.
 483:Drivers/STM32F1xx_HAL_Driver/Src/stm32f1xx_hal_tim_ex.c ****   * @param  Length The length of data to be transferred from TIM peripheral to memory.
 484:Drivers/STM32F1xx_HAL_Driver/Src/stm32f1xx_hal_tim_ex.c ****   * @retval HAL status
 485:Drivers/STM32F1xx_HAL_Driver/Src/stm32f1xx_hal_tim_ex.c ****   */
 486:Drivers/STM32F1xx_HAL_Driver/Src/stm32f1xx_hal_tim_ex.c **** HAL_StatusTypeDef HAL_TIMEx_HallSensor_Start_DMA(TIM_HandleTypeDef *htim, uint32_t *pData, uint16_t
 487:Drivers/STM32F1xx_HAL_Driver/Src/stm32f1xx_hal_tim_ex.c **** {
 488:Drivers/STM32F1xx_HAL_Driver/Src/stm32f1xx_hal_tim_ex.c ****   uint32_t tmpsmcr;
ARM GAS  C:\Users\Korisnik\AppData\Local\Temp\cckoF0Cb.s 			page 10


 489:Drivers/STM32F1xx_HAL_Driver/Src/stm32f1xx_hal_tim_ex.c ****   HAL_TIM_ChannelStateTypeDef channel_1_state = TIM_CHANNEL_STATE_GET(htim, TIM_CHANNEL_1);
 490:Drivers/STM32F1xx_HAL_Driver/Src/stm32f1xx_hal_tim_ex.c ****   HAL_TIM_ChannelStateTypeDef complementary_channel_1_state = TIM_CHANNEL_N_STATE_GET(htim, TIM_CHA
 491:Drivers/STM32F1xx_HAL_Driver/Src/stm32f1xx_hal_tim_ex.c **** 
 492:Drivers/STM32F1xx_HAL_Driver/Src/stm32f1xx_hal_tim_ex.c ****   /* Check the parameters */
 493:Drivers/STM32F1xx_HAL_Driver/Src/stm32f1xx_hal_tim_ex.c ****   assert_param(IS_TIM_HALL_SENSOR_INTERFACE_INSTANCE(htim->Instance));
 494:Drivers/STM32F1xx_HAL_Driver/Src/stm32f1xx_hal_tim_ex.c **** 
 495:Drivers/STM32F1xx_HAL_Driver/Src/stm32f1xx_hal_tim_ex.c ****   /* Set the TIM channel state */
 496:Drivers/STM32F1xx_HAL_Driver/Src/stm32f1xx_hal_tim_ex.c ****   if ((channel_1_state == HAL_TIM_CHANNEL_STATE_BUSY)
 497:Drivers/STM32F1xx_HAL_Driver/Src/stm32f1xx_hal_tim_ex.c ****       || (complementary_channel_1_state == HAL_TIM_CHANNEL_STATE_BUSY))
 498:Drivers/STM32F1xx_HAL_Driver/Src/stm32f1xx_hal_tim_ex.c ****   {
 499:Drivers/STM32F1xx_HAL_Driver/Src/stm32f1xx_hal_tim_ex.c ****     return HAL_BUSY;
 500:Drivers/STM32F1xx_HAL_Driver/Src/stm32f1xx_hal_tim_ex.c ****   }
 501:Drivers/STM32F1xx_HAL_Driver/Src/stm32f1xx_hal_tim_ex.c ****   else if ((channel_1_state == HAL_TIM_CHANNEL_STATE_READY)
 502:Drivers/STM32F1xx_HAL_Driver/Src/stm32f1xx_hal_tim_ex.c ****            && (complementary_channel_1_state == HAL_TIM_CHANNEL_STATE_READY))
 503:Drivers/STM32F1xx_HAL_Driver/Src/stm32f1xx_hal_tim_ex.c ****   {
 504:Drivers/STM32F1xx_HAL_Driver/Src/stm32f1xx_hal_tim_ex.c ****     if ((pData == NULL) && (Length > 0U))
 505:Drivers/STM32F1xx_HAL_Driver/Src/stm32f1xx_hal_tim_ex.c ****     {
 506:Drivers/STM32F1xx_HAL_Driver/Src/stm32f1xx_hal_tim_ex.c ****       return HAL_ERROR;
 507:Drivers/STM32F1xx_HAL_Driver/Src/stm32f1xx_hal_tim_ex.c ****     }
 508:Drivers/STM32F1xx_HAL_Driver/Src/stm32f1xx_hal_tim_ex.c ****     else
 509:Drivers/STM32F1xx_HAL_Driver/Src/stm32f1xx_hal_tim_ex.c ****     {
 510:Drivers/STM32F1xx_HAL_Driver/Src/stm32f1xx_hal_tim_ex.c ****       TIM_CHANNEL_STATE_SET(htim, TIM_CHANNEL_1, HAL_TIM_CHANNEL_STATE_BUSY);
 511:Drivers/STM32F1xx_HAL_Driver/Src/stm32f1xx_hal_tim_ex.c ****       TIM_CHANNEL_N_STATE_SET(htim, TIM_CHANNEL_1, HAL_TIM_CHANNEL_STATE_BUSY);
 512:Drivers/STM32F1xx_HAL_Driver/Src/stm32f1xx_hal_tim_ex.c ****     }
 513:Drivers/STM32F1xx_HAL_Driver/Src/stm32f1xx_hal_tim_ex.c ****   }
 514:Drivers/STM32F1xx_HAL_Driver/Src/stm32f1xx_hal_tim_ex.c ****   else
 515:Drivers/STM32F1xx_HAL_Driver/Src/stm32f1xx_hal_tim_ex.c ****   {
 516:Drivers/STM32F1xx_HAL_Driver/Src/stm32f1xx_hal_tim_ex.c ****     return HAL_ERROR;
 517:Drivers/STM32F1xx_HAL_Driver/Src/stm32f1xx_hal_tim_ex.c ****   }
 518:Drivers/STM32F1xx_HAL_Driver/Src/stm32f1xx_hal_tim_ex.c **** 
 519:Drivers/STM32F1xx_HAL_Driver/Src/stm32f1xx_hal_tim_ex.c ****   /* Enable the Input Capture channel 1
 520:Drivers/STM32F1xx_HAL_Driver/Src/stm32f1xx_hal_tim_ex.c ****   (in the Hall Sensor Interface the three possible channels that can be used are TIM_CHANNEL_1,
 521:Drivers/STM32F1xx_HAL_Driver/Src/stm32f1xx_hal_tim_ex.c ****   TIM_CHANNEL_2 and TIM_CHANNEL_3) */
 522:Drivers/STM32F1xx_HAL_Driver/Src/stm32f1xx_hal_tim_ex.c ****   TIM_CCxChannelCmd(htim->Instance, TIM_CHANNEL_1, TIM_CCx_ENABLE);
 523:Drivers/STM32F1xx_HAL_Driver/Src/stm32f1xx_hal_tim_ex.c **** 
 524:Drivers/STM32F1xx_HAL_Driver/Src/stm32f1xx_hal_tim_ex.c ****   /* Set the DMA Input Capture 1 Callbacks */
 525:Drivers/STM32F1xx_HAL_Driver/Src/stm32f1xx_hal_tim_ex.c ****   htim->hdma[TIM_DMA_ID_CC1]->XferCpltCallback = TIM_DMACaptureCplt;
 526:Drivers/STM32F1xx_HAL_Driver/Src/stm32f1xx_hal_tim_ex.c ****   htim->hdma[TIM_DMA_ID_CC1]->XferHalfCpltCallback = TIM_DMACaptureHalfCplt;
 527:Drivers/STM32F1xx_HAL_Driver/Src/stm32f1xx_hal_tim_ex.c ****   /* Set the DMA error callback */
 528:Drivers/STM32F1xx_HAL_Driver/Src/stm32f1xx_hal_tim_ex.c ****   htim->hdma[TIM_DMA_ID_CC1]->XferErrorCallback = TIM_DMAError ;
 529:Drivers/STM32F1xx_HAL_Driver/Src/stm32f1xx_hal_tim_ex.c **** 
 530:Drivers/STM32F1xx_HAL_Driver/Src/stm32f1xx_hal_tim_ex.c ****   /* Enable the DMA channel for Capture 1*/
 531:Drivers/STM32F1xx_HAL_Driver/Src/stm32f1xx_hal_tim_ex.c ****   if (HAL_DMA_Start_IT(htim->hdma[TIM_DMA_ID_CC1], (uint32_t)&htim->Instance->CCR1, (uint32_t)pData
 532:Drivers/STM32F1xx_HAL_Driver/Src/stm32f1xx_hal_tim_ex.c ****   {
 533:Drivers/STM32F1xx_HAL_Driver/Src/stm32f1xx_hal_tim_ex.c ****     /* Return error status */
 534:Drivers/STM32F1xx_HAL_Driver/Src/stm32f1xx_hal_tim_ex.c ****     return HAL_ERROR;
 535:Drivers/STM32F1xx_HAL_Driver/Src/stm32f1xx_hal_tim_ex.c ****   }
 536:Drivers/STM32F1xx_HAL_Driver/Src/stm32f1xx_hal_tim_ex.c ****   /* Enable the capture compare 1 Interrupt */
 537:Drivers/STM32F1xx_HAL_Driver/Src/stm32f1xx_hal_tim_ex.c ****   __HAL_TIM_ENABLE_DMA(htim, TIM_DMA_CC1);
 538:Drivers/STM32F1xx_HAL_Driver/Src/stm32f1xx_hal_tim_ex.c **** 
 539:Drivers/STM32F1xx_HAL_Driver/Src/stm32f1xx_hal_tim_ex.c ****   /* Enable the Peripheral, except in trigger mode where enable is automatically done with trigger 
 540:Drivers/STM32F1xx_HAL_Driver/Src/stm32f1xx_hal_tim_ex.c ****   if (IS_TIM_SLAVE_INSTANCE(htim->Instance))
 541:Drivers/STM32F1xx_HAL_Driver/Src/stm32f1xx_hal_tim_ex.c ****   {
 542:Drivers/STM32F1xx_HAL_Driver/Src/stm32f1xx_hal_tim_ex.c ****     tmpsmcr = htim->Instance->SMCR & TIM_SMCR_SMS;
 543:Drivers/STM32F1xx_HAL_Driver/Src/stm32f1xx_hal_tim_ex.c ****     if (!IS_TIM_SLAVEMODE_TRIGGER_ENABLED(tmpsmcr))
 544:Drivers/STM32F1xx_HAL_Driver/Src/stm32f1xx_hal_tim_ex.c ****     {
 545:Drivers/STM32F1xx_HAL_Driver/Src/stm32f1xx_hal_tim_ex.c ****       __HAL_TIM_ENABLE(htim);
ARM GAS  C:\Users\Korisnik\AppData\Local\Temp\cckoF0Cb.s 			page 11


 546:Drivers/STM32F1xx_HAL_Driver/Src/stm32f1xx_hal_tim_ex.c ****     }
 547:Drivers/STM32F1xx_HAL_Driver/Src/stm32f1xx_hal_tim_ex.c ****   }
 548:Drivers/STM32F1xx_HAL_Driver/Src/stm32f1xx_hal_tim_ex.c ****   else
 549:Drivers/STM32F1xx_HAL_Driver/Src/stm32f1xx_hal_tim_ex.c ****   {
 550:Drivers/STM32F1xx_HAL_Driver/Src/stm32f1xx_hal_tim_ex.c ****     __HAL_TIM_ENABLE(htim);
 551:Drivers/STM32F1xx_HAL_Driver/Src/stm32f1xx_hal_tim_ex.c ****   }
 552:Drivers/STM32F1xx_HAL_Driver/Src/stm32f1xx_hal_tim_ex.c **** 
 553:Drivers/STM32F1xx_HAL_Driver/Src/stm32f1xx_hal_tim_ex.c ****   /* Return function status */
 554:Drivers/STM32F1xx_HAL_Driver/Src/stm32f1xx_hal_tim_ex.c ****   return HAL_OK;
 555:Drivers/STM32F1xx_HAL_Driver/Src/stm32f1xx_hal_tim_ex.c **** }
 556:Drivers/STM32F1xx_HAL_Driver/Src/stm32f1xx_hal_tim_ex.c **** 
 557:Drivers/STM32F1xx_HAL_Driver/Src/stm32f1xx_hal_tim_ex.c **** /**
 558:Drivers/STM32F1xx_HAL_Driver/Src/stm32f1xx_hal_tim_ex.c ****   * @brief  Stops the TIM Hall Sensor Interface in DMA mode.
 559:Drivers/STM32F1xx_HAL_Driver/Src/stm32f1xx_hal_tim_ex.c ****   * @param  htim TIM Hall Sensor Interface handle
 560:Drivers/STM32F1xx_HAL_Driver/Src/stm32f1xx_hal_tim_ex.c ****   * @retval HAL status
 561:Drivers/STM32F1xx_HAL_Driver/Src/stm32f1xx_hal_tim_ex.c ****   */
 562:Drivers/STM32F1xx_HAL_Driver/Src/stm32f1xx_hal_tim_ex.c **** HAL_StatusTypeDef HAL_TIMEx_HallSensor_Stop_DMA(TIM_HandleTypeDef *htim)
 563:Drivers/STM32F1xx_HAL_Driver/Src/stm32f1xx_hal_tim_ex.c **** {
 564:Drivers/STM32F1xx_HAL_Driver/Src/stm32f1xx_hal_tim_ex.c ****   /* Check the parameters */
 565:Drivers/STM32F1xx_HAL_Driver/Src/stm32f1xx_hal_tim_ex.c ****   assert_param(IS_TIM_HALL_SENSOR_INTERFACE_INSTANCE(htim->Instance));
 566:Drivers/STM32F1xx_HAL_Driver/Src/stm32f1xx_hal_tim_ex.c **** 
 567:Drivers/STM32F1xx_HAL_Driver/Src/stm32f1xx_hal_tim_ex.c ****   /* Disable the Input Capture channel 1
 568:Drivers/STM32F1xx_HAL_Driver/Src/stm32f1xx_hal_tim_ex.c ****   (in the Hall Sensor Interface the three possible channels that can be used are TIM_CHANNEL_1,
 569:Drivers/STM32F1xx_HAL_Driver/Src/stm32f1xx_hal_tim_ex.c ****   TIM_CHANNEL_2 and TIM_CHANNEL_3) */
 570:Drivers/STM32F1xx_HAL_Driver/Src/stm32f1xx_hal_tim_ex.c ****   TIM_CCxChannelCmd(htim->Instance, TIM_CHANNEL_1, TIM_CCx_DISABLE);
 571:Drivers/STM32F1xx_HAL_Driver/Src/stm32f1xx_hal_tim_ex.c **** 
 572:Drivers/STM32F1xx_HAL_Driver/Src/stm32f1xx_hal_tim_ex.c **** 
 573:Drivers/STM32F1xx_HAL_Driver/Src/stm32f1xx_hal_tim_ex.c ****   /* Disable the capture compare Interrupts 1 event */
 574:Drivers/STM32F1xx_HAL_Driver/Src/stm32f1xx_hal_tim_ex.c ****   __HAL_TIM_DISABLE_DMA(htim, TIM_DMA_CC1);
 575:Drivers/STM32F1xx_HAL_Driver/Src/stm32f1xx_hal_tim_ex.c **** 
 576:Drivers/STM32F1xx_HAL_Driver/Src/stm32f1xx_hal_tim_ex.c ****   (void)HAL_DMA_Abort_IT(htim->hdma[TIM_DMA_ID_CC1]);
 577:Drivers/STM32F1xx_HAL_Driver/Src/stm32f1xx_hal_tim_ex.c **** 
 578:Drivers/STM32F1xx_HAL_Driver/Src/stm32f1xx_hal_tim_ex.c ****   /* Disable the Peripheral */
 579:Drivers/STM32F1xx_HAL_Driver/Src/stm32f1xx_hal_tim_ex.c ****   __HAL_TIM_DISABLE(htim);
 580:Drivers/STM32F1xx_HAL_Driver/Src/stm32f1xx_hal_tim_ex.c **** 
 581:Drivers/STM32F1xx_HAL_Driver/Src/stm32f1xx_hal_tim_ex.c ****   /* Set the TIM channel state */
 582:Drivers/STM32F1xx_HAL_Driver/Src/stm32f1xx_hal_tim_ex.c ****   TIM_CHANNEL_STATE_SET(htim, TIM_CHANNEL_1, HAL_TIM_CHANNEL_STATE_READY);
 583:Drivers/STM32F1xx_HAL_Driver/Src/stm32f1xx_hal_tim_ex.c ****   TIM_CHANNEL_N_STATE_SET(htim, TIM_CHANNEL_1, HAL_TIM_CHANNEL_STATE_READY);
 584:Drivers/STM32F1xx_HAL_Driver/Src/stm32f1xx_hal_tim_ex.c **** 
 585:Drivers/STM32F1xx_HAL_Driver/Src/stm32f1xx_hal_tim_ex.c ****   /* Return function status */
 586:Drivers/STM32F1xx_HAL_Driver/Src/stm32f1xx_hal_tim_ex.c ****   return HAL_OK;
 587:Drivers/STM32F1xx_HAL_Driver/Src/stm32f1xx_hal_tim_ex.c **** }
 588:Drivers/STM32F1xx_HAL_Driver/Src/stm32f1xx_hal_tim_ex.c **** 
 589:Drivers/STM32F1xx_HAL_Driver/Src/stm32f1xx_hal_tim_ex.c **** /**
 590:Drivers/STM32F1xx_HAL_Driver/Src/stm32f1xx_hal_tim_ex.c ****   * @}
 591:Drivers/STM32F1xx_HAL_Driver/Src/stm32f1xx_hal_tim_ex.c ****   */
 592:Drivers/STM32F1xx_HAL_Driver/Src/stm32f1xx_hal_tim_ex.c **** 
 593:Drivers/STM32F1xx_HAL_Driver/Src/stm32f1xx_hal_tim_ex.c **** /** @defgroup TIMEx_Exported_Functions_Group2 Extended Timer Complementary Output Compare functions
 594:Drivers/STM32F1xx_HAL_Driver/Src/stm32f1xx_hal_tim_ex.c ****   *  @brief   Timer Complementary Output Compare functions
 595:Drivers/STM32F1xx_HAL_Driver/Src/stm32f1xx_hal_tim_ex.c ****   *
 596:Drivers/STM32F1xx_HAL_Driver/Src/stm32f1xx_hal_tim_ex.c **** @verbatim
 597:Drivers/STM32F1xx_HAL_Driver/Src/stm32f1xx_hal_tim_ex.c ****   ==============================================================================
 598:Drivers/STM32F1xx_HAL_Driver/Src/stm32f1xx_hal_tim_ex.c ****               ##### Timer Complementary Output Compare functions #####
 599:Drivers/STM32F1xx_HAL_Driver/Src/stm32f1xx_hal_tim_ex.c ****   ==============================================================================
 600:Drivers/STM32F1xx_HAL_Driver/Src/stm32f1xx_hal_tim_ex.c ****   [..]
 601:Drivers/STM32F1xx_HAL_Driver/Src/stm32f1xx_hal_tim_ex.c ****     This section provides functions allowing to:
 602:Drivers/STM32F1xx_HAL_Driver/Src/stm32f1xx_hal_tim_ex.c ****     (+) Start the Complementary Output Compare/PWM.
ARM GAS  C:\Users\Korisnik\AppData\Local\Temp\cckoF0Cb.s 			page 12


 603:Drivers/STM32F1xx_HAL_Driver/Src/stm32f1xx_hal_tim_ex.c ****     (+) Stop the Complementary Output Compare/PWM.
 604:Drivers/STM32F1xx_HAL_Driver/Src/stm32f1xx_hal_tim_ex.c ****     (+) Start the Complementary Output Compare/PWM and enable interrupts.
 605:Drivers/STM32F1xx_HAL_Driver/Src/stm32f1xx_hal_tim_ex.c ****     (+) Stop the Complementary Output Compare/PWM and disable interrupts.
 606:Drivers/STM32F1xx_HAL_Driver/Src/stm32f1xx_hal_tim_ex.c ****     (+) Start the Complementary Output Compare/PWM and enable DMA transfers.
 607:Drivers/STM32F1xx_HAL_Driver/Src/stm32f1xx_hal_tim_ex.c ****     (+) Stop the Complementary Output Compare/PWM and disable DMA transfers.
 608:Drivers/STM32F1xx_HAL_Driver/Src/stm32f1xx_hal_tim_ex.c **** 
 609:Drivers/STM32F1xx_HAL_Driver/Src/stm32f1xx_hal_tim_ex.c **** @endverbatim
 610:Drivers/STM32F1xx_HAL_Driver/Src/stm32f1xx_hal_tim_ex.c ****   * @{
 611:Drivers/STM32F1xx_HAL_Driver/Src/stm32f1xx_hal_tim_ex.c ****   */
 612:Drivers/STM32F1xx_HAL_Driver/Src/stm32f1xx_hal_tim_ex.c **** 
 613:Drivers/STM32F1xx_HAL_Driver/Src/stm32f1xx_hal_tim_ex.c **** /**
 614:Drivers/STM32F1xx_HAL_Driver/Src/stm32f1xx_hal_tim_ex.c ****   * @brief  Starts the TIM Output Compare signal generation on the complementary
 615:Drivers/STM32F1xx_HAL_Driver/Src/stm32f1xx_hal_tim_ex.c ****   *         output.
 616:Drivers/STM32F1xx_HAL_Driver/Src/stm32f1xx_hal_tim_ex.c ****   * @param  htim TIM Output Compare handle
 617:Drivers/STM32F1xx_HAL_Driver/Src/stm32f1xx_hal_tim_ex.c ****   * @param  Channel TIM Channel to be enabled
 618:Drivers/STM32F1xx_HAL_Driver/Src/stm32f1xx_hal_tim_ex.c ****   *          This parameter can be one of the following values:
 619:Drivers/STM32F1xx_HAL_Driver/Src/stm32f1xx_hal_tim_ex.c ****   *            @arg TIM_CHANNEL_1: TIM Channel 1 selected
 620:Drivers/STM32F1xx_HAL_Driver/Src/stm32f1xx_hal_tim_ex.c ****   *            @arg TIM_CHANNEL_2: TIM Channel 2 selected
 621:Drivers/STM32F1xx_HAL_Driver/Src/stm32f1xx_hal_tim_ex.c ****   *            @arg TIM_CHANNEL_3: TIM Channel 3 selected
 622:Drivers/STM32F1xx_HAL_Driver/Src/stm32f1xx_hal_tim_ex.c ****   * @retval HAL status
 623:Drivers/STM32F1xx_HAL_Driver/Src/stm32f1xx_hal_tim_ex.c ****   */
 624:Drivers/STM32F1xx_HAL_Driver/Src/stm32f1xx_hal_tim_ex.c **** HAL_StatusTypeDef HAL_TIMEx_OCN_Start(TIM_HandleTypeDef *htim, uint32_t Channel)
 625:Drivers/STM32F1xx_HAL_Driver/Src/stm32f1xx_hal_tim_ex.c **** {
 626:Drivers/STM32F1xx_HAL_Driver/Src/stm32f1xx_hal_tim_ex.c ****   uint32_t tmpsmcr;
 627:Drivers/STM32F1xx_HAL_Driver/Src/stm32f1xx_hal_tim_ex.c **** 
 628:Drivers/STM32F1xx_HAL_Driver/Src/stm32f1xx_hal_tim_ex.c ****   /* Check the parameters */
 629:Drivers/STM32F1xx_HAL_Driver/Src/stm32f1xx_hal_tim_ex.c ****   assert_param(IS_TIM_CCXN_INSTANCE(htim->Instance, Channel));
 630:Drivers/STM32F1xx_HAL_Driver/Src/stm32f1xx_hal_tim_ex.c **** 
 631:Drivers/STM32F1xx_HAL_Driver/Src/stm32f1xx_hal_tim_ex.c ****   /* Check the TIM complementary channel state */
 632:Drivers/STM32F1xx_HAL_Driver/Src/stm32f1xx_hal_tim_ex.c ****   if (TIM_CHANNEL_N_STATE_GET(htim, Channel) != HAL_TIM_CHANNEL_STATE_READY)
 633:Drivers/STM32F1xx_HAL_Driver/Src/stm32f1xx_hal_tim_ex.c ****   {
 634:Drivers/STM32F1xx_HAL_Driver/Src/stm32f1xx_hal_tim_ex.c ****     return HAL_ERROR;
 635:Drivers/STM32F1xx_HAL_Driver/Src/stm32f1xx_hal_tim_ex.c ****   }
 636:Drivers/STM32F1xx_HAL_Driver/Src/stm32f1xx_hal_tim_ex.c **** 
 637:Drivers/STM32F1xx_HAL_Driver/Src/stm32f1xx_hal_tim_ex.c ****   /* Set the TIM complementary channel state */
 638:Drivers/STM32F1xx_HAL_Driver/Src/stm32f1xx_hal_tim_ex.c ****   TIM_CHANNEL_N_STATE_SET(htim, Channel, HAL_TIM_CHANNEL_STATE_BUSY);
 639:Drivers/STM32F1xx_HAL_Driver/Src/stm32f1xx_hal_tim_ex.c **** 
 640:Drivers/STM32F1xx_HAL_Driver/Src/stm32f1xx_hal_tim_ex.c ****   /* Enable the Capture compare channel N */
 641:Drivers/STM32F1xx_HAL_Driver/Src/stm32f1xx_hal_tim_ex.c ****   TIM_CCxNChannelCmd(htim->Instance, Channel, TIM_CCxN_ENABLE);
 642:Drivers/STM32F1xx_HAL_Driver/Src/stm32f1xx_hal_tim_ex.c **** 
 643:Drivers/STM32F1xx_HAL_Driver/Src/stm32f1xx_hal_tim_ex.c ****   /* Enable the Main Output */
 644:Drivers/STM32F1xx_HAL_Driver/Src/stm32f1xx_hal_tim_ex.c ****   __HAL_TIM_MOE_ENABLE(htim);
 645:Drivers/STM32F1xx_HAL_Driver/Src/stm32f1xx_hal_tim_ex.c **** 
 646:Drivers/STM32F1xx_HAL_Driver/Src/stm32f1xx_hal_tim_ex.c ****   /* Enable the Peripheral, except in trigger mode where enable is automatically done with trigger 
 647:Drivers/STM32F1xx_HAL_Driver/Src/stm32f1xx_hal_tim_ex.c ****   if (IS_TIM_SLAVE_INSTANCE(htim->Instance))
 648:Drivers/STM32F1xx_HAL_Driver/Src/stm32f1xx_hal_tim_ex.c ****   {
 649:Drivers/STM32F1xx_HAL_Driver/Src/stm32f1xx_hal_tim_ex.c ****     tmpsmcr = htim->Instance->SMCR & TIM_SMCR_SMS;
 650:Drivers/STM32F1xx_HAL_Driver/Src/stm32f1xx_hal_tim_ex.c ****     if (!IS_TIM_SLAVEMODE_TRIGGER_ENABLED(tmpsmcr))
 651:Drivers/STM32F1xx_HAL_Driver/Src/stm32f1xx_hal_tim_ex.c ****     {
 652:Drivers/STM32F1xx_HAL_Driver/Src/stm32f1xx_hal_tim_ex.c ****       __HAL_TIM_ENABLE(htim);
 653:Drivers/STM32F1xx_HAL_Driver/Src/stm32f1xx_hal_tim_ex.c ****     }
 654:Drivers/STM32F1xx_HAL_Driver/Src/stm32f1xx_hal_tim_ex.c ****   }
 655:Drivers/STM32F1xx_HAL_Driver/Src/stm32f1xx_hal_tim_ex.c ****   else
 656:Drivers/STM32F1xx_HAL_Driver/Src/stm32f1xx_hal_tim_ex.c ****   {
 657:Drivers/STM32F1xx_HAL_Driver/Src/stm32f1xx_hal_tim_ex.c ****     __HAL_TIM_ENABLE(htim);
 658:Drivers/STM32F1xx_HAL_Driver/Src/stm32f1xx_hal_tim_ex.c ****   }
 659:Drivers/STM32F1xx_HAL_Driver/Src/stm32f1xx_hal_tim_ex.c **** 
ARM GAS  C:\Users\Korisnik\AppData\Local\Temp\cckoF0Cb.s 			page 13


 660:Drivers/STM32F1xx_HAL_Driver/Src/stm32f1xx_hal_tim_ex.c ****   /* Return function status */
 661:Drivers/STM32F1xx_HAL_Driver/Src/stm32f1xx_hal_tim_ex.c ****   return HAL_OK;
 662:Drivers/STM32F1xx_HAL_Driver/Src/stm32f1xx_hal_tim_ex.c **** }
 663:Drivers/STM32F1xx_HAL_Driver/Src/stm32f1xx_hal_tim_ex.c **** 
 664:Drivers/STM32F1xx_HAL_Driver/Src/stm32f1xx_hal_tim_ex.c **** /**
 665:Drivers/STM32F1xx_HAL_Driver/Src/stm32f1xx_hal_tim_ex.c ****   * @brief  Stops the TIM Output Compare signal generation on the complementary
 666:Drivers/STM32F1xx_HAL_Driver/Src/stm32f1xx_hal_tim_ex.c ****   *         output.
 667:Drivers/STM32F1xx_HAL_Driver/Src/stm32f1xx_hal_tim_ex.c ****   * @param  htim TIM handle
 668:Drivers/STM32F1xx_HAL_Driver/Src/stm32f1xx_hal_tim_ex.c ****   * @param  Channel TIM Channel to be disabled
 669:Drivers/STM32F1xx_HAL_Driver/Src/stm32f1xx_hal_tim_ex.c ****   *          This parameter can be one of the following values:
 670:Drivers/STM32F1xx_HAL_Driver/Src/stm32f1xx_hal_tim_ex.c ****   *            @arg TIM_CHANNEL_1: TIM Channel 1 selected
 671:Drivers/STM32F1xx_HAL_Driver/Src/stm32f1xx_hal_tim_ex.c ****   *            @arg TIM_CHANNEL_2: TIM Channel 2 selected
 672:Drivers/STM32F1xx_HAL_Driver/Src/stm32f1xx_hal_tim_ex.c ****   *            @arg TIM_CHANNEL_3: TIM Channel 3 selected
 673:Drivers/STM32F1xx_HAL_Driver/Src/stm32f1xx_hal_tim_ex.c ****   * @retval HAL status
 674:Drivers/STM32F1xx_HAL_Driver/Src/stm32f1xx_hal_tim_ex.c ****   */
 675:Drivers/STM32F1xx_HAL_Driver/Src/stm32f1xx_hal_tim_ex.c **** HAL_StatusTypeDef HAL_TIMEx_OCN_Stop(TIM_HandleTypeDef *htim, uint32_t Channel)
 676:Drivers/STM32F1xx_HAL_Driver/Src/stm32f1xx_hal_tim_ex.c **** {
 677:Drivers/STM32F1xx_HAL_Driver/Src/stm32f1xx_hal_tim_ex.c ****   /* Check the parameters */
 678:Drivers/STM32F1xx_HAL_Driver/Src/stm32f1xx_hal_tim_ex.c ****   assert_param(IS_TIM_CCXN_INSTANCE(htim->Instance, Channel));
 679:Drivers/STM32F1xx_HAL_Driver/Src/stm32f1xx_hal_tim_ex.c **** 
 680:Drivers/STM32F1xx_HAL_Driver/Src/stm32f1xx_hal_tim_ex.c ****   /* Disable the Capture compare channel N */
 681:Drivers/STM32F1xx_HAL_Driver/Src/stm32f1xx_hal_tim_ex.c ****   TIM_CCxNChannelCmd(htim->Instance, Channel, TIM_CCxN_DISABLE);
 682:Drivers/STM32F1xx_HAL_Driver/Src/stm32f1xx_hal_tim_ex.c **** 
 683:Drivers/STM32F1xx_HAL_Driver/Src/stm32f1xx_hal_tim_ex.c ****   /* Disable the Main Output */
 684:Drivers/STM32F1xx_HAL_Driver/Src/stm32f1xx_hal_tim_ex.c ****   __HAL_TIM_MOE_DISABLE(htim);
 685:Drivers/STM32F1xx_HAL_Driver/Src/stm32f1xx_hal_tim_ex.c **** 
 686:Drivers/STM32F1xx_HAL_Driver/Src/stm32f1xx_hal_tim_ex.c ****   /* Disable the Peripheral */
 687:Drivers/STM32F1xx_HAL_Driver/Src/stm32f1xx_hal_tim_ex.c ****   __HAL_TIM_DISABLE(htim);
 688:Drivers/STM32F1xx_HAL_Driver/Src/stm32f1xx_hal_tim_ex.c **** 
 689:Drivers/STM32F1xx_HAL_Driver/Src/stm32f1xx_hal_tim_ex.c ****   /* Set the TIM complementary channel state */
 690:Drivers/STM32F1xx_HAL_Driver/Src/stm32f1xx_hal_tim_ex.c ****   TIM_CHANNEL_N_STATE_SET(htim, Channel, HAL_TIM_CHANNEL_STATE_READY);
 691:Drivers/STM32F1xx_HAL_Driver/Src/stm32f1xx_hal_tim_ex.c **** 
 692:Drivers/STM32F1xx_HAL_Driver/Src/stm32f1xx_hal_tim_ex.c ****   /* Return function status */
 693:Drivers/STM32F1xx_HAL_Driver/Src/stm32f1xx_hal_tim_ex.c ****   return HAL_OK;
 694:Drivers/STM32F1xx_HAL_Driver/Src/stm32f1xx_hal_tim_ex.c **** }
 695:Drivers/STM32F1xx_HAL_Driver/Src/stm32f1xx_hal_tim_ex.c **** 
 696:Drivers/STM32F1xx_HAL_Driver/Src/stm32f1xx_hal_tim_ex.c **** /**
 697:Drivers/STM32F1xx_HAL_Driver/Src/stm32f1xx_hal_tim_ex.c ****   * @brief  Starts the TIM Output Compare signal generation in interrupt mode
 698:Drivers/STM32F1xx_HAL_Driver/Src/stm32f1xx_hal_tim_ex.c ****   *         on the complementary output.
 699:Drivers/STM32F1xx_HAL_Driver/Src/stm32f1xx_hal_tim_ex.c ****   * @param  htim TIM OC handle
 700:Drivers/STM32F1xx_HAL_Driver/Src/stm32f1xx_hal_tim_ex.c ****   * @param  Channel TIM Channel to be enabled
 701:Drivers/STM32F1xx_HAL_Driver/Src/stm32f1xx_hal_tim_ex.c ****   *          This parameter can be one of the following values:
 702:Drivers/STM32F1xx_HAL_Driver/Src/stm32f1xx_hal_tim_ex.c ****   *            @arg TIM_CHANNEL_1: TIM Channel 1 selected
 703:Drivers/STM32F1xx_HAL_Driver/Src/stm32f1xx_hal_tim_ex.c ****   *            @arg TIM_CHANNEL_2: TIM Channel 2 selected
 704:Drivers/STM32F1xx_HAL_Driver/Src/stm32f1xx_hal_tim_ex.c ****   *            @arg TIM_CHANNEL_3: TIM Channel 3 selected
 705:Drivers/STM32F1xx_HAL_Driver/Src/stm32f1xx_hal_tim_ex.c ****   * @retval HAL status
 706:Drivers/STM32F1xx_HAL_Driver/Src/stm32f1xx_hal_tim_ex.c ****   */
 707:Drivers/STM32F1xx_HAL_Driver/Src/stm32f1xx_hal_tim_ex.c **** HAL_StatusTypeDef HAL_TIMEx_OCN_Start_IT(TIM_HandleTypeDef *htim, uint32_t Channel)
 708:Drivers/STM32F1xx_HAL_Driver/Src/stm32f1xx_hal_tim_ex.c **** {
 709:Drivers/STM32F1xx_HAL_Driver/Src/stm32f1xx_hal_tim_ex.c ****   uint32_t tmpsmcr;
 710:Drivers/STM32F1xx_HAL_Driver/Src/stm32f1xx_hal_tim_ex.c **** 
 711:Drivers/STM32F1xx_HAL_Driver/Src/stm32f1xx_hal_tim_ex.c ****   /* Check the parameters */
 712:Drivers/STM32F1xx_HAL_Driver/Src/stm32f1xx_hal_tim_ex.c ****   assert_param(IS_TIM_CCXN_INSTANCE(htim->Instance, Channel));
 713:Drivers/STM32F1xx_HAL_Driver/Src/stm32f1xx_hal_tim_ex.c **** 
 714:Drivers/STM32F1xx_HAL_Driver/Src/stm32f1xx_hal_tim_ex.c ****   /* Check the TIM complementary channel state */
 715:Drivers/STM32F1xx_HAL_Driver/Src/stm32f1xx_hal_tim_ex.c ****   if (TIM_CHANNEL_N_STATE_GET(htim, Channel) != HAL_TIM_CHANNEL_STATE_READY)
 716:Drivers/STM32F1xx_HAL_Driver/Src/stm32f1xx_hal_tim_ex.c ****   {
ARM GAS  C:\Users\Korisnik\AppData\Local\Temp\cckoF0Cb.s 			page 14


 717:Drivers/STM32F1xx_HAL_Driver/Src/stm32f1xx_hal_tim_ex.c ****     return HAL_ERROR;
 718:Drivers/STM32F1xx_HAL_Driver/Src/stm32f1xx_hal_tim_ex.c ****   }
 719:Drivers/STM32F1xx_HAL_Driver/Src/stm32f1xx_hal_tim_ex.c **** 
 720:Drivers/STM32F1xx_HAL_Driver/Src/stm32f1xx_hal_tim_ex.c ****   /* Set the TIM complementary channel state */
 721:Drivers/STM32F1xx_HAL_Driver/Src/stm32f1xx_hal_tim_ex.c ****   TIM_CHANNEL_N_STATE_SET(htim, Channel, HAL_TIM_CHANNEL_STATE_BUSY);
 722:Drivers/STM32F1xx_HAL_Driver/Src/stm32f1xx_hal_tim_ex.c **** 
 723:Drivers/STM32F1xx_HAL_Driver/Src/stm32f1xx_hal_tim_ex.c ****   switch (Channel)
 724:Drivers/STM32F1xx_HAL_Driver/Src/stm32f1xx_hal_tim_ex.c ****   {
 725:Drivers/STM32F1xx_HAL_Driver/Src/stm32f1xx_hal_tim_ex.c ****     case TIM_CHANNEL_1:
 726:Drivers/STM32F1xx_HAL_Driver/Src/stm32f1xx_hal_tim_ex.c ****     {
 727:Drivers/STM32F1xx_HAL_Driver/Src/stm32f1xx_hal_tim_ex.c ****       /* Enable the TIM Output Compare interrupt */
 728:Drivers/STM32F1xx_HAL_Driver/Src/stm32f1xx_hal_tim_ex.c ****       __HAL_TIM_ENABLE_IT(htim, TIM_IT_CC1);
 729:Drivers/STM32F1xx_HAL_Driver/Src/stm32f1xx_hal_tim_ex.c ****       break;
 730:Drivers/STM32F1xx_HAL_Driver/Src/stm32f1xx_hal_tim_ex.c ****     }
 731:Drivers/STM32F1xx_HAL_Driver/Src/stm32f1xx_hal_tim_ex.c **** 
 732:Drivers/STM32F1xx_HAL_Driver/Src/stm32f1xx_hal_tim_ex.c ****     case TIM_CHANNEL_2:
 733:Drivers/STM32F1xx_HAL_Driver/Src/stm32f1xx_hal_tim_ex.c ****     {
 734:Drivers/STM32F1xx_HAL_Driver/Src/stm32f1xx_hal_tim_ex.c ****       /* Enable the TIM Output Compare interrupt */
 735:Drivers/STM32F1xx_HAL_Driver/Src/stm32f1xx_hal_tim_ex.c ****       __HAL_TIM_ENABLE_IT(htim, TIM_IT_CC2);
 736:Drivers/STM32F1xx_HAL_Driver/Src/stm32f1xx_hal_tim_ex.c ****       break;
 737:Drivers/STM32F1xx_HAL_Driver/Src/stm32f1xx_hal_tim_ex.c ****     }
 738:Drivers/STM32F1xx_HAL_Driver/Src/stm32f1xx_hal_tim_ex.c **** 
 739:Drivers/STM32F1xx_HAL_Driver/Src/stm32f1xx_hal_tim_ex.c ****     case TIM_CHANNEL_3:
 740:Drivers/STM32F1xx_HAL_Driver/Src/stm32f1xx_hal_tim_ex.c ****     {
 741:Drivers/STM32F1xx_HAL_Driver/Src/stm32f1xx_hal_tim_ex.c ****       /* Enable the TIM Output Compare interrupt */
 742:Drivers/STM32F1xx_HAL_Driver/Src/stm32f1xx_hal_tim_ex.c ****       __HAL_TIM_ENABLE_IT(htim, TIM_IT_CC3);
 743:Drivers/STM32F1xx_HAL_Driver/Src/stm32f1xx_hal_tim_ex.c ****       break;
 744:Drivers/STM32F1xx_HAL_Driver/Src/stm32f1xx_hal_tim_ex.c ****     }
 745:Drivers/STM32F1xx_HAL_Driver/Src/stm32f1xx_hal_tim_ex.c **** 
 746:Drivers/STM32F1xx_HAL_Driver/Src/stm32f1xx_hal_tim_ex.c **** 
 747:Drivers/STM32F1xx_HAL_Driver/Src/stm32f1xx_hal_tim_ex.c ****     default:
 748:Drivers/STM32F1xx_HAL_Driver/Src/stm32f1xx_hal_tim_ex.c ****       break;
 749:Drivers/STM32F1xx_HAL_Driver/Src/stm32f1xx_hal_tim_ex.c ****   }
 750:Drivers/STM32F1xx_HAL_Driver/Src/stm32f1xx_hal_tim_ex.c **** 
 751:Drivers/STM32F1xx_HAL_Driver/Src/stm32f1xx_hal_tim_ex.c ****   /* Enable the TIM Break interrupt */
 752:Drivers/STM32F1xx_HAL_Driver/Src/stm32f1xx_hal_tim_ex.c ****   __HAL_TIM_ENABLE_IT(htim, TIM_IT_BREAK);
 753:Drivers/STM32F1xx_HAL_Driver/Src/stm32f1xx_hal_tim_ex.c **** 
 754:Drivers/STM32F1xx_HAL_Driver/Src/stm32f1xx_hal_tim_ex.c ****   /* Enable the Capture compare channel N */
 755:Drivers/STM32F1xx_HAL_Driver/Src/stm32f1xx_hal_tim_ex.c ****   TIM_CCxNChannelCmd(htim->Instance, Channel, TIM_CCxN_ENABLE);
 756:Drivers/STM32F1xx_HAL_Driver/Src/stm32f1xx_hal_tim_ex.c **** 
 757:Drivers/STM32F1xx_HAL_Driver/Src/stm32f1xx_hal_tim_ex.c ****   /* Enable the Main Output */
 758:Drivers/STM32F1xx_HAL_Driver/Src/stm32f1xx_hal_tim_ex.c ****   __HAL_TIM_MOE_ENABLE(htim);
 759:Drivers/STM32F1xx_HAL_Driver/Src/stm32f1xx_hal_tim_ex.c **** 
 760:Drivers/STM32F1xx_HAL_Driver/Src/stm32f1xx_hal_tim_ex.c ****   /* Enable the Peripheral, except in trigger mode where enable is automatically done with trigger 
 761:Drivers/STM32F1xx_HAL_Driver/Src/stm32f1xx_hal_tim_ex.c ****   if (IS_TIM_SLAVE_INSTANCE(htim->Instance))
 762:Drivers/STM32F1xx_HAL_Driver/Src/stm32f1xx_hal_tim_ex.c ****   {
 763:Drivers/STM32F1xx_HAL_Driver/Src/stm32f1xx_hal_tim_ex.c ****     tmpsmcr = htim->Instance->SMCR & TIM_SMCR_SMS;
 764:Drivers/STM32F1xx_HAL_Driver/Src/stm32f1xx_hal_tim_ex.c ****     if (!IS_TIM_SLAVEMODE_TRIGGER_ENABLED(tmpsmcr))
 765:Drivers/STM32F1xx_HAL_Driver/Src/stm32f1xx_hal_tim_ex.c ****     {
 766:Drivers/STM32F1xx_HAL_Driver/Src/stm32f1xx_hal_tim_ex.c ****       __HAL_TIM_ENABLE(htim);
 767:Drivers/STM32F1xx_HAL_Driver/Src/stm32f1xx_hal_tim_ex.c ****     }
 768:Drivers/STM32F1xx_HAL_Driver/Src/stm32f1xx_hal_tim_ex.c ****   }
 769:Drivers/STM32F1xx_HAL_Driver/Src/stm32f1xx_hal_tim_ex.c ****   else
 770:Drivers/STM32F1xx_HAL_Driver/Src/stm32f1xx_hal_tim_ex.c ****   {
 771:Drivers/STM32F1xx_HAL_Driver/Src/stm32f1xx_hal_tim_ex.c ****     __HAL_TIM_ENABLE(htim);
 772:Drivers/STM32F1xx_HAL_Driver/Src/stm32f1xx_hal_tim_ex.c ****   }
 773:Drivers/STM32F1xx_HAL_Driver/Src/stm32f1xx_hal_tim_ex.c **** 
ARM GAS  C:\Users\Korisnik\AppData\Local\Temp\cckoF0Cb.s 			page 15


 774:Drivers/STM32F1xx_HAL_Driver/Src/stm32f1xx_hal_tim_ex.c ****   /* Return function status */
 775:Drivers/STM32F1xx_HAL_Driver/Src/stm32f1xx_hal_tim_ex.c ****   return HAL_OK;
 776:Drivers/STM32F1xx_HAL_Driver/Src/stm32f1xx_hal_tim_ex.c **** }
 777:Drivers/STM32F1xx_HAL_Driver/Src/stm32f1xx_hal_tim_ex.c **** 
 778:Drivers/STM32F1xx_HAL_Driver/Src/stm32f1xx_hal_tim_ex.c **** /**
 779:Drivers/STM32F1xx_HAL_Driver/Src/stm32f1xx_hal_tim_ex.c ****   * @brief  Stops the TIM Output Compare signal generation in interrupt mode
 780:Drivers/STM32F1xx_HAL_Driver/Src/stm32f1xx_hal_tim_ex.c ****   *         on the complementary output.
 781:Drivers/STM32F1xx_HAL_Driver/Src/stm32f1xx_hal_tim_ex.c ****   * @param  htim TIM Output Compare handle
 782:Drivers/STM32F1xx_HAL_Driver/Src/stm32f1xx_hal_tim_ex.c ****   * @param  Channel TIM Channel to be disabled
 783:Drivers/STM32F1xx_HAL_Driver/Src/stm32f1xx_hal_tim_ex.c ****   *          This parameter can be one of the following values:
 784:Drivers/STM32F1xx_HAL_Driver/Src/stm32f1xx_hal_tim_ex.c ****   *            @arg TIM_CHANNEL_1: TIM Channel 1 selected
 785:Drivers/STM32F1xx_HAL_Driver/Src/stm32f1xx_hal_tim_ex.c ****   *            @arg TIM_CHANNEL_2: TIM Channel 2 selected
 786:Drivers/STM32F1xx_HAL_Driver/Src/stm32f1xx_hal_tim_ex.c ****   *            @arg TIM_CHANNEL_3: TIM Channel 3 selected
 787:Drivers/STM32F1xx_HAL_Driver/Src/stm32f1xx_hal_tim_ex.c ****   * @retval HAL status
 788:Drivers/STM32F1xx_HAL_Driver/Src/stm32f1xx_hal_tim_ex.c ****   */
 789:Drivers/STM32F1xx_HAL_Driver/Src/stm32f1xx_hal_tim_ex.c **** HAL_StatusTypeDef HAL_TIMEx_OCN_Stop_IT(TIM_HandleTypeDef *htim, uint32_t Channel)
 790:Drivers/STM32F1xx_HAL_Driver/Src/stm32f1xx_hal_tim_ex.c **** {
 791:Drivers/STM32F1xx_HAL_Driver/Src/stm32f1xx_hal_tim_ex.c ****   uint32_t tmpccer;
 792:Drivers/STM32F1xx_HAL_Driver/Src/stm32f1xx_hal_tim_ex.c ****   /* Check the parameters */
 793:Drivers/STM32F1xx_HAL_Driver/Src/stm32f1xx_hal_tim_ex.c ****   assert_param(IS_TIM_CCXN_INSTANCE(htim->Instance, Channel));
 794:Drivers/STM32F1xx_HAL_Driver/Src/stm32f1xx_hal_tim_ex.c **** 
 795:Drivers/STM32F1xx_HAL_Driver/Src/stm32f1xx_hal_tim_ex.c ****   switch (Channel)
 796:Drivers/STM32F1xx_HAL_Driver/Src/stm32f1xx_hal_tim_ex.c ****   {
 797:Drivers/STM32F1xx_HAL_Driver/Src/stm32f1xx_hal_tim_ex.c ****     case TIM_CHANNEL_1:
 798:Drivers/STM32F1xx_HAL_Driver/Src/stm32f1xx_hal_tim_ex.c ****     {
 799:Drivers/STM32F1xx_HAL_Driver/Src/stm32f1xx_hal_tim_ex.c ****       /* Disable the TIM Output Compare interrupt */
 800:Drivers/STM32F1xx_HAL_Driver/Src/stm32f1xx_hal_tim_ex.c ****       __HAL_TIM_DISABLE_IT(htim, TIM_IT_CC1);
 801:Drivers/STM32F1xx_HAL_Driver/Src/stm32f1xx_hal_tim_ex.c ****       break;
 802:Drivers/STM32F1xx_HAL_Driver/Src/stm32f1xx_hal_tim_ex.c ****     }
 803:Drivers/STM32F1xx_HAL_Driver/Src/stm32f1xx_hal_tim_ex.c **** 
 804:Drivers/STM32F1xx_HAL_Driver/Src/stm32f1xx_hal_tim_ex.c ****     case TIM_CHANNEL_2:
 805:Drivers/STM32F1xx_HAL_Driver/Src/stm32f1xx_hal_tim_ex.c ****     {
 806:Drivers/STM32F1xx_HAL_Driver/Src/stm32f1xx_hal_tim_ex.c ****       /* Disable the TIM Output Compare interrupt */
 807:Drivers/STM32F1xx_HAL_Driver/Src/stm32f1xx_hal_tim_ex.c ****       __HAL_TIM_DISABLE_IT(htim, TIM_IT_CC2);
 808:Drivers/STM32F1xx_HAL_Driver/Src/stm32f1xx_hal_tim_ex.c ****       break;
 809:Drivers/STM32F1xx_HAL_Driver/Src/stm32f1xx_hal_tim_ex.c ****     }
 810:Drivers/STM32F1xx_HAL_Driver/Src/stm32f1xx_hal_tim_ex.c **** 
 811:Drivers/STM32F1xx_HAL_Driver/Src/stm32f1xx_hal_tim_ex.c ****     case TIM_CHANNEL_3:
 812:Drivers/STM32F1xx_HAL_Driver/Src/stm32f1xx_hal_tim_ex.c ****     {
 813:Drivers/STM32F1xx_HAL_Driver/Src/stm32f1xx_hal_tim_ex.c ****       /* Disable the TIM Output Compare interrupt */
 814:Drivers/STM32F1xx_HAL_Driver/Src/stm32f1xx_hal_tim_ex.c ****       __HAL_TIM_DISABLE_IT(htim, TIM_IT_CC3);
 815:Drivers/STM32F1xx_HAL_Driver/Src/stm32f1xx_hal_tim_ex.c ****       break;
 816:Drivers/STM32F1xx_HAL_Driver/Src/stm32f1xx_hal_tim_ex.c ****     }
 817:Drivers/STM32F1xx_HAL_Driver/Src/stm32f1xx_hal_tim_ex.c **** 
 818:Drivers/STM32F1xx_HAL_Driver/Src/stm32f1xx_hal_tim_ex.c ****     default:
 819:Drivers/STM32F1xx_HAL_Driver/Src/stm32f1xx_hal_tim_ex.c ****       break;
 820:Drivers/STM32F1xx_HAL_Driver/Src/stm32f1xx_hal_tim_ex.c ****   }
 821:Drivers/STM32F1xx_HAL_Driver/Src/stm32f1xx_hal_tim_ex.c **** 
 822:Drivers/STM32F1xx_HAL_Driver/Src/stm32f1xx_hal_tim_ex.c ****   /* Disable the Capture compare channel N */
 823:Drivers/STM32F1xx_HAL_Driver/Src/stm32f1xx_hal_tim_ex.c ****   TIM_CCxNChannelCmd(htim->Instance, Channel, TIM_CCxN_DISABLE);
 824:Drivers/STM32F1xx_HAL_Driver/Src/stm32f1xx_hal_tim_ex.c **** 
 825:Drivers/STM32F1xx_HAL_Driver/Src/stm32f1xx_hal_tim_ex.c ****   /* Disable the TIM Break interrupt (only if no more channel is active) */
 826:Drivers/STM32F1xx_HAL_Driver/Src/stm32f1xx_hal_tim_ex.c ****   tmpccer = htim->Instance->CCER;
 827:Drivers/STM32F1xx_HAL_Driver/Src/stm32f1xx_hal_tim_ex.c ****   if ((tmpccer & (TIM_CCER_CC1NE | TIM_CCER_CC2NE | TIM_CCER_CC3NE)) == (uint32_t)RESET)
 828:Drivers/STM32F1xx_HAL_Driver/Src/stm32f1xx_hal_tim_ex.c ****   {
 829:Drivers/STM32F1xx_HAL_Driver/Src/stm32f1xx_hal_tim_ex.c ****     __HAL_TIM_DISABLE_IT(htim, TIM_IT_BREAK);
 830:Drivers/STM32F1xx_HAL_Driver/Src/stm32f1xx_hal_tim_ex.c ****   }
ARM GAS  C:\Users\Korisnik\AppData\Local\Temp\cckoF0Cb.s 			page 16


 831:Drivers/STM32F1xx_HAL_Driver/Src/stm32f1xx_hal_tim_ex.c **** 
 832:Drivers/STM32F1xx_HAL_Driver/Src/stm32f1xx_hal_tim_ex.c ****   /* Disable the Main Output */
 833:Drivers/STM32F1xx_HAL_Driver/Src/stm32f1xx_hal_tim_ex.c ****   __HAL_TIM_MOE_DISABLE(htim);
 834:Drivers/STM32F1xx_HAL_Driver/Src/stm32f1xx_hal_tim_ex.c **** 
 835:Drivers/STM32F1xx_HAL_Driver/Src/stm32f1xx_hal_tim_ex.c ****   /* Disable the Peripheral */
 836:Drivers/STM32F1xx_HAL_Driver/Src/stm32f1xx_hal_tim_ex.c ****   __HAL_TIM_DISABLE(htim);
 837:Drivers/STM32F1xx_HAL_Driver/Src/stm32f1xx_hal_tim_ex.c **** 
 838:Drivers/STM32F1xx_HAL_Driver/Src/stm32f1xx_hal_tim_ex.c ****   /* Set the TIM complementary channel state */
 839:Drivers/STM32F1xx_HAL_Driver/Src/stm32f1xx_hal_tim_ex.c ****   TIM_CHANNEL_N_STATE_SET(htim, Channel, HAL_TIM_CHANNEL_STATE_READY);
 840:Drivers/STM32F1xx_HAL_Driver/Src/stm32f1xx_hal_tim_ex.c **** 
 841:Drivers/STM32F1xx_HAL_Driver/Src/stm32f1xx_hal_tim_ex.c ****   /* Return function status */
 842:Drivers/STM32F1xx_HAL_Driver/Src/stm32f1xx_hal_tim_ex.c ****   return HAL_OK;
 843:Drivers/STM32F1xx_HAL_Driver/Src/stm32f1xx_hal_tim_ex.c **** }
 844:Drivers/STM32F1xx_HAL_Driver/Src/stm32f1xx_hal_tim_ex.c **** 
 845:Drivers/STM32F1xx_HAL_Driver/Src/stm32f1xx_hal_tim_ex.c **** /**
 846:Drivers/STM32F1xx_HAL_Driver/Src/stm32f1xx_hal_tim_ex.c ****   * @brief  Starts the TIM Output Compare signal generation in DMA mode
 847:Drivers/STM32F1xx_HAL_Driver/Src/stm32f1xx_hal_tim_ex.c ****   *         on the complementary output.
 848:Drivers/STM32F1xx_HAL_Driver/Src/stm32f1xx_hal_tim_ex.c ****   * @param  htim TIM Output Compare handle
 849:Drivers/STM32F1xx_HAL_Driver/Src/stm32f1xx_hal_tim_ex.c ****   * @param  Channel TIM Channel to be enabled
 850:Drivers/STM32F1xx_HAL_Driver/Src/stm32f1xx_hal_tim_ex.c ****   *          This parameter can be one of the following values:
 851:Drivers/STM32F1xx_HAL_Driver/Src/stm32f1xx_hal_tim_ex.c ****   *            @arg TIM_CHANNEL_1: TIM Channel 1 selected
 852:Drivers/STM32F1xx_HAL_Driver/Src/stm32f1xx_hal_tim_ex.c ****   *            @arg TIM_CHANNEL_2: TIM Channel 2 selected
 853:Drivers/STM32F1xx_HAL_Driver/Src/stm32f1xx_hal_tim_ex.c ****   *            @arg TIM_CHANNEL_3: TIM Channel 3 selected
 854:Drivers/STM32F1xx_HAL_Driver/Src/stm32f1xx_hal_tim_ex.c ****   * @param  pData The source Buffer address.
 855:Drivers/STM32F1xx_HAL_Driver/Src/stm32f1xx_hal_tim_ex.c ****   * @param  Length The length of data to be transferred from memory to TIM peripheral
 856:Drivers/STM32F1xx_HAL_Driver/Src/stm32f1xx_hal_tim_ex.c ****   * @retval HAL status
 857:Drivers/STM32F1xx_HAL_Driver/Src/stm32f1xx_hal_tim_ex.c ****   */
 858:Drivers/STM32F1xx_HAL_Driver/Src/stm32f1xx_hal_tim_ex.c **** HAL_StatusTypeDef HAL_TIMEx_OCN_Start_DMA(TIM_HandleTypeDef *htim, uint32_t Channel, uint32_t *pDat
 859:Drivers/STM32F1xx_HAL_Driver/Src/stm32f1xx_hal_tim_ex.c **** {
 860:Drivers/STM32F1xx_HAL_Driver/Src/stm32f1xx_hal_tim_ex.c ****   uint32_t tmpsmcr;
 861:Drivers/STM32F1xx_HAL_Driver/Src/stm32f1xx_hal_tim_ex.c **** 
 862:Drivers/STM32F1xx_HAL_Driver/Src/stm32f1xx_hal_tim_ex.c ****   /* Check the parameters */
 863:Drivers/STM32F1xx_HAL_Driver/Src/stm32f1xx_hal_tim_ex.c ****   assert_param(IS_TIM_CCXN_INSTANCE(htim->Instance, Channel));
 864:Drivers/STM32F1xx_HAL_Driver/Src/stm32f1xx_hal_tim_ex.c **** 
 865:Drivers/STM32F1xx_HAL_Driver/Src/stm32f1xx_hal_tim_ex.c ****   /* Set the TIM complementary channel state */
 866:Drivers/STM32F1xx_HAL_Driver/Src/stm32f1xx_hal_tim_ex.c ****   if (TIM_CHANNEL_N_STATE_GET(htim, Channel) == HAL_TIM_CHANNEL_STATE_BUSY)
 867:Drivers/STM32F1xx_HAL_Driver/Src/stm32f1xx_hal_tim_ex.c ****   {
 868:Drivers/STM32F1xx_HAL_Driver/Src/stm32f1xx_hal_tim_ex.c ****     return HAL_BUSY;
 869:Drivers/STM32F1xx_HAL_Driver/Src/stm32f1xx_hal_tim_ex.c ****   }
 870:Drivers/STM32F1xx_HAL_Driver/Src/stm32f1xx_hal_tim_ex.c ****   else if (TIM_CHANNEL_N_STATE_GET(htim, Channel) == HAL_TIM_CHANNEL_STATE_READY)
 871:Drivers/STM32F1xx_HAL_Driver/Src/stm32f1xx_hal_tim_ex.c ****   {
 872:Drivers/STM32F1xx_HAL_Driver/Src/stm32f1xx_hal_tim_ex.c ****     if ((pData == NULL) && (Length > 0U))
 873:Drivers/STM32F1xx_HAL_Driver/Src/stm32f1xx_hal_tim_ex.c ****     {
 874:Drivers/STM32F1xx_HAL_Driver/Src/stm32f1xx_hal_tim_ex.c ****       return HAL_ERROR;
 875:Drivers/STM32F1xx_HAL_Driver/Src/stm32f1xx_hal_tim_ex.c ****     }
 876:Drivers/STM32F1xx_HAL_Driver/Src/stm32f1xx_hal_tim_ex.c ****     else
 877:Drivers/STM32F1xx_HAL_Driver/Src/stm32f1xx_hal_tim_ex.c ****     {
 878:Drivers/STM32F1xx_HAL_Driver/Src/stm32f1xx_hal_tim_ex.c ****       TIM_CHANNEL_N_STATE_SET(htim, Channel, HAL_TIM_CHANNEL_STATE_BUSY);
 879:Drivers/STM32F1xx_HAL_Driver/Src/stm32f1xx_hal_tim_ex.c ****     }
 880:Drivers/STM32F1xx_HAL_Driver/Src/stm32f1xx_hal_tim_ex.c ****   }
 881:Drivers/STM32F1xx_HAL_Driver/Src/stm32f1xx_hal_tim_ex.c ****   else
 882:Drivers/STM32F1xx_HAL_Driver/Src/stm32f1xx_hal_tim_ex.c ****   {
 883:Drivers/STM32F1xx_HAL_Driver/Src/stm32f1xx_hal_tim_ex.c ****     return HAL_ERROR;
 884:Drivers/STM32F1xx_HAL_Driver/Src/stm32f1xx_hal_tim_ex.c ****   }
 885:Drivers/STM32F1xx_HAL_Driver/Src/stm32f1xx_hal_tim_ex.c **** 
 886:Drivers/STM32F1xx_HAL_Driver/Src/stm32f1xx_hal_tim_ex.c ****   switch (Channel)
 887:Drivers/STM32F1xx_HAL_Driver/Src/stm32f1xx_hal_tim_ex.c ****   {
ARM GAS  C:\Users\Korisnik\AppData\Local\Temp\cckoF0Cb.s 			page 17


 888:Drivers/STM32F1xx_HAL_Driver/Src/stm32f1xx_hal_tim_ex.c ****     case TIM_CHANNEL_1:
 889:Drivers/STM32F1xx_HAL_Driver/Src/stm32f1xx_hal_tim_ex.c ****     {
 890:Drivers/STM32F1xx_HAL_Driver/Src/stm32f1xx_hal_tim_ex.c ****       /* Set the DMA compare callbacks */
 891:Drivers/STM32F1xx_HAL_Driver/Src/stm32f1xx_hal_tim_ex.c ****       htim->hdma[TIM_DMA_ID_CC1]->XferCpltCallback = TIM_DMADelayPulseNCplt;
 892:Drivers/STM32F1xx_HAL_Driver/Src/stm32f1xx_hal_tim_ex.c ****       htim->hdma[TIM_DMA_ID_CC1]->XferHalfCpltCallback = TIM_DMADelayPulseHalfCplt;
 893:Drivers/STM32F1xx_HAL_Driver/Src/stm32f1xx_hal_tim_ex.c **** 
 894:Drivers/STM32F1xx_HAL_Driver/Src/stm32f1xx_hal_tim_ex.c ****       /* Set the DMA error callback */
 895:Drivers/STM32F1xx_HAL_Driver/Src/stm32f1xx_hal_tim_ex.c ****       htim->hdma[TIM_DMA_ID_CC1]->XferErrorCallback = TIM_DMAErrorCCxN ;
 896:Drivers/STM32F1xx_HAL_Driver/Src/stm32f1xx_hal_tim_ex.c **** 
 897:Drivers/STM32F1xx_HAL_Driver/Src/stm32f1xx_hal_tim_ex.c ****       /* Enable the DMA channel */
 898:Drivers/STM32F1xx_HAL_Driver/Src/stm32f1xx_hal_tim_ex.c ****       if (HAL_DMA_Start_IT(htim->hdma[TIM_DMA_ID_CC1], (uint32_t)pData, (uint32_t)&htim->Instance->
 899:Drivers/STM32F1xx_HAL_Driver/Src/stm32f1xx_hal_tim_ex.c ****                          Length) != HAL_OK)
 900:Drivers/STM32F1xx_HAL_Driver/Src/stm32f1xx_hal_tim_ex.c ****       {
 901:Drivers/STM32F1xx_HAL_Driver/Src/stm32f1xx_hal_tim_ex.c ****         /* Return error status */
 902:Drivers/STM32F1xx_HAL_Driver/Src/stm32f1xx_hal_tim_ex.c ****         return HAL_ERROR;
 903:Drivers/STM32F1xx_HAL_Driver/Src/stm32f1xx_hal_tim_ex.c ****       }
 904:Drivers/STM32F1xx_HAL_Driver/Src/stm32f1xx_hal_tim_ex.c ****       /* Enable the TIM Output Compare DMA request */
 905:Drivers/STM32F1xx_HAL_Driver/Src/stm32f1xx_hal_tim_ex.c ****       __HAL_TIM_ENABLE_DMA(htim, TIM_DMA_CC1);
 906:Drivers/STM32F1xx_HAL_Driver/Src/stm32f1xx_hal_tim_ex.c ****       break;
 907:Drivers/STM32F1xx_HAL_Driver/Src/stm32f1xx_hal_tim_ex.c ****     }
 908:Drivers/STM32F1xx_HAL_Driver/Src/stm32f1xx_hal_tim_ex.c **** 
 909:Drivers/STM32F1xx_HAL_Driver/Src/stm32f1xx_hal_tim_ex.c ****     case TIM_CHANNEL_2:
 910:Drivers/STM32F1xx_HAL_Driver/Src/stm32f1xx_hal_tim_ex.c ****     {
 911:Drivers/STM32F1xx_HAL_Driver/Src/stm32f1xx_hal_tim_ex.c ****       /* Set the DMA compare callbacks */
 912:Drivers/STM32F1xx_HAL_Driver/Src/stm32f1xx_hal_tim_ex.c ****       htim->hdma[TIM_DMA_ID_CC2]->XferCpltCallback = TIM_DMADelayPulseNCplt;
 913:Drivers/STM32F1xx_HAL_Driver/Src/stm32f1xx_hal_tim_ex.c ****       htim->hdma[TIM_DMA_ID_CC2]->XferHalfCpltCallback = TIM_DMADelayPulseHalfCplt;
 914:Drivers/STM32F1xx_HAL_Driver/Src/stm32f1xx_hal_tim_ex.c **** 
 915:Drivers/STM32F1xx_HAL_Driver/Src/stm32f1xx_hal_tim_ex.c ****       /* Set the DMA error callback */
 916:Drivers/STM32F1xx_HAL_Driver/Src/stm32f1xx_hal_tim_ex.c ****       htim->hdma[TIM_DMA_ID_CC2]->XferErrorCallback = TIM_DMAErrorCCxN ;
 917:Drivers/STM32F1xx_HAL_Driver/Src/stm32f1xx_hal_tim_ex.c **** 
 918:Drivers/STM32F1xx_HAL_Driver/Src/stm32f1xx_hal_tim_ex.c ****       /* Enable the DMA channel */
 919:Drivers/STM32F1xx_HAL_Driver/Src/stm32f1xx_hal_tim_ex.c ****       if (HAL_DMA_Start_IT(htim->hdma[TIM_DMA_ID_CC2], (uint32_t)pData, (uint32_t)&htim->Instance->
 920:Drivers/STM32F1xx_HAL_Driver/Src/stm32f1xx_hal_tim_ex.c ****                          Length) != HAL_OK)
 921:Drivers/STM32F1xx_HAL_Driver/Src/stm32f1xx_hal_tim_ex.c ****       {
 922:Drivers/STM32F1xx_HAL_Driver/Src/stm32f1xx_hal_tim_ex.c ****         /* Return error status */
 923:Drivers/STM32F1xx_HAL_Driver/Src/stm32f1xx_hal_tim_ex.c ****         return HAL_ERROR;
 924:Drivers/STM32F1xx_HAL_Driver/Src/stm32f1xx_hal_tim_ex.c ****       }
 925:Drivers/STM32F1xx_HAL_Driver/Src/stm32f1xx_hal_tim_ex.c ****       /* Enable the TIM Output Compare DMA request */
 926:Drivers/STM32F1xx_HAL_Driver/Src/stm32f1xx_hal_tim_ex.c ****       __HAL_TIM_ENABLE_DMA(htim, TIM_DMA_CC2);
 927:Drivers/STM32F1xx_HAL_Driver/Src/stm32f1xx_hal_tim_ex.c ****       break;
 928:Drivers/STM32F1xx_HAL_Driver/Src/stm32f1xx_hal_tim_ex.c ****     }
 929:Drivers/STM32F1xx_HAL_Driver/Src/stm32f1xx_hal_tim_ex.c **** 
 930:Drivers/STM32F1xx_HAL_Driver/Src/stm32f1xx_hal_tim_ex.c ****     case TIM_CHANNEL_3:
 931:Drivers/STM32F1xx_HAL_Driver/Src/stm32f1xx_hal_tim_ex.c ****     {
 932:Drivers/STM32F1xx_HAL_Driver/Src/stm32f1xx_hal_tim_ex.c ****       /* Set the DMA compare callbacks */
 933:Drivers/STM32F1xx_HAL_Driver/Src/stm32f1xx_hal_tim_ex.c ****       htim->hdma[TIM_DMA_ID_CC3]->XferCpltCallback = TIM_DMADelayPulseNCplt;
 934:Drivers/STM32F1xx_HAL_Driver/Src/stm32f1xx_hal_tim_ex.c ****       htim->hdma[TIM_DMA_ID_CC3]->XferHalfCpltCallback = TIM_DMADelayPulseHalfCplt;
 935:Drivers/STM32F1xx_HAL_Driver/Src/stm32f1xx_hal_tim_ex.c **** 
 936:Drivers/STM32F1xx_HAL_Driver/Src/stm32f1xx_hal_tim_ex.c ****       /* Set the DMA error callback */
 937:Drivers/STM32F1xx_HAL_Driver/Src/stm32f1xx_hal_tim_ex.c ****       htim->hdma[TIM_DMA_ID_CC3]->XferErrorCallback = TIM_DMAErrorCCxN ;
 938:Drivers/STM32F1xx_HAL_Driver/Src/stm32f1xx_hal_tim_ex.c **** 
 939:Drivers/STM32F1xx_HAL_Driver/Src/stm32f1xx_hal_tim_ex.c ****       /* Enable the DMA channel */
 940:Drivers/STM32F1xx_HAL_Driver/Src/stm32f1xx_hal_tim_ex.c ****       if (HAL_DMA_Start_IT(htim->hdma[TIM_DMA_ID_CC3], (uint32_t)pData, (uint32_t)&htim->Instance->
 941:Drivers/STM32F1xx_HAL_Driver/Src/stm32f1xx_hal_tim_ex.c ****                          Length) != HAL_OK)
 942:Drivers/STM32F1xx_HAL_Driver/Src/stm32f1xx_hal_tim_ex.c ****       {
 943:Drivers/STM32F1xx_HAL_Driver/Src/stm32f1xx_hal_tim_ex.c ****         /* Return error status */
 944:Drivers/STM32F1xx_HAL_Driver/Src/stm32f1xx_hal_tim_ex.c ****         return HAL_ERROR;
ARM GAS  C:\Users\Korisnik\AppData\Local\Temp\cckoF0Cb.s 			page 18


 945:Drivers/STM32F1xx_HAL_Driver/Src/stm32f1xx_hal_tim_ex.c ****       }
 946:Drivers/STM32F1xx_HAL_Driver/Src/stm32f1xx_hal_tim_ex.c ****       /* Enable the TIM Output Compare DMA request */
 947:Drivers/STM32F1xx_HAL_Driver/Src/stm32f1xx_hal_tim_ex.c ****       __HAL_TIM_ENABLE_DMA(htim, TIM_DMA_CC3);
 948:Drivers/STM32F1xx_HAL_Driver/Src/stm32f1xx_hal_tim_ex.c ****       break;
 949:Drivers/STM32F1xx_HAL_Driver/Src/stm32f1xx_hal_tim_ex.c ****     }
 950:Drivers/STM32F1xx_HAL_Driver/Src/stm32f1xx_hal_tim_ex.c **** 
 951:Drivers/STM32F1xx_HAL_Driver/Src/stm32f1xx_hal_tim_ex.c ****     default:
 952:Drivers/STM32F1xx_HAL_Driver/Src/stm32f1xx_hal_tim_ex.c ****       break;
 953:Drivers/STM32F1xx_HAL_Driver/Src/stm32f1xx_hal_tim_ex.c ****   }
 954:Drivers/STM32F1xx_HAL_Driver/Src/stm32f1xx_hal_tim_ex.c **** 
 955:Drivers/STM32F1xx_HAL_Driver/Src/stm32f1xx_hal_tim_ex.c ****   /* Enable the Capture compare channel N */
 956:Drivers/STM32F1xx_HAL_Driver/Src/stm32f1xx_hal_tim_ex.c ****   TIM_CCxNChannelCmd(htim->Instance, Channel, TIM_CCxN_ENABLE);
 957:Drivers/STM32F1xx_HAL_Driver/Src/stm32f1xx_hal_tim_ex.c **** 
 958:Drivers/STM32F1xx_HAL_Driver/Src/stm32f1xx_hal_tim_ex.c ****   /* Enable the Main Output */
 959:Drivers/STM32F1xx_HAL_Driver/Src/stm32f1xx_hal_tim_ex.c ****   __HAL_TIM_MOE_ENABLE(htim);
 960:Drivers/STM32F1xx_HAL_Driver/Src/stm32f1xx_hal_tim_ex.c **** 
 961:Drivers/STM32F1xx_HAL_Driver/Src/stm32f1xx_hal_tim_ex.c ****   /* Enable the Peripheral, except in trigger mode where enable is automatically done with trigger 
 962:Drivers/STM32F1xx_HAL_Driver/Src/stm32f1xx_hal_tim_ex.c ****   if (IS_TIM_SLAVE_INSTANCE(htim->Instance))
 963:Drivers/STM32F1xx_HAL_Driver/Src/stm32f1xx_hal_tim_ex.c ****   {
 964:Drivers/STM32F1xx_HAL_Driver/Src/stm32f1xx_hal_tim_ex.c ****     tmpsmcr = htim->Instance->SMCR & TIM_SMCR_SMS;
 965:Drivers/STM32F1xx_HAL_Driver/Src/stm32f1xx_hal_tim_ex.c ****     if (!IS_TIM_SLAVEMODE_TRIGGER_ENABLED(tmpsmcr))
 966:Drivers/STM32F1xx_HAL_Driver/Src/stm32f1xx_hal_tim_ex.c ****     {
 967:Drivers/STM32F1xx_HAL_Driver/Src/stm32f1xx_hal_tim_ex.c ****       __HAL_TIM_ENABLE(htim);
 968:Drivers/STM32F1xx_HAL_Driver/Src/stm32f1xx_hal_tim_ex.c ****     }
 969:Drivers/STM32F1xx_HAL_Driver/Src/stm32f1xx_hal_tim_ex.c ****   }
 970:Drivers/STM32F1xx_HAL_Driver/Src/stm32f1xx_hal_tim_ex.c ****   else
 971:Drivers/STM32F1xx_HAL_Driver/Src/stm32f1xx_hal_tim_ex.c ****   {
 972:Drivers/STM32F1xx_HAL_Driver/Src/stm32f1xx_hal_tim_ex.c ****     __HAL_TIM_ENABLE(htim);
 973:Drivers/STM32F1xx_HAL_Driver/Src/stm32f1xx_hal_tim_ex.c ****   }
 974:Drivers/STM32F1xx_HAL_Driver/Src/stm32f1xx_hal_tim_ex.c **** 
 975:Drivers/STM32F1xx_HAL_Driver/Src/stm32f1xx_hal_tim_ex.c ****   /* Return function status */
 976:Drivers/STM32F1xx_HAL_Driver/Src/stm32f1xx_hal_tim_ex.c ****   return HAL_OK;
 977:Drivers/STM32F1xx_HAL_Driver/Src/stm32f1xx_hal_tim_ex.c **** }
 978:Drivers/STM32F1xx_HAL_Driver/Src/stm32f1xx_hal_tim_ex.c **** 
 979:Drivers/STM32F1xx_HAL_Driver/Src/stm32f1xx_hal_tim_ex.c **** /**
 980:Drivers/STM32F1xx_HAL_Driver/Src/stm32f1xx_hal_tim_ex.c ****   * @brief  Stops the TIM Output Compare signal generation in DMA mode
 981:Drivers/STM32F1xx_HAL_Driver/Src/stm32f1xx_hal_tim_ex.c ****   *         on the complementary output.
 982:Drivers/STM32F1xx_HAL_Driver/Src/stm32f1xx_hal_tim_ex.c ****   * @param  htim TIM Output Compare handle
 983:Drivers/STM32F1xx_HAL_Driver/Src/stm32f1xx_hal_tim_ex.c ****   * @param  Channel TIM Channel to be disabled
 984:Drivers/STM32F1xx_HAL_Driver/Src/stm32f1xx_hal_tim_ex.c ****   *          This parameter can be one of the following values:
 985:Drivers/STM32F1xx_HAL_Driver/Src/stm32f1xx_hal_tim_ex.c ****   *            @arg TIM_CHANNEL_1: TIM Channel 1 selected
 986:Drivers/STM32F1xx_HAL_Driver/Src/stm32f1xx_hal_tim_ex.c ****   *            @arg TIM_CHANNEL_2: TIM Channel 2 selected
 987:Drivers/STM32F1xx_HAL_Driver/Src/stm32f1xx_hal_tim_ex.c ****   *            @arg TIM_CHANNEL_3: TIM Channel 3 selected
 988:Drivers/STM32F1xx_HAL_Driver/Src/stm32f1xx_hal_tim_ex.c ****   * @retval HAL status
 989:Drivers/STM32F1xx_HAL_Driver/Src/stm32f1xx_hal_tim_ex.c ****   */
 990:Drivers/STM32F1xx_HAL_Driver/Src/stm32f1xx_hal_tim_ex.c **** HAL_StatusTypeDef HAL_TIMEx_OCN_Stop_DMA(TIM_HandleTypeDef *htim, uint32_t Channel)
 991:Drivers/STM32F1xx_HAL_Driver/Src/stm32f1xx_hal_tim_ex.c **** {
 992:Drivers/STM32F1xx_HAL_Driver/Src/stm32f1xx_hal_tim_ex.c ****   /* Check the parameters */
 993:Drivers/STM32F1xx_HAL_Driver/Src/stm32f1xx_hal_tim_ex.c ****   assert_param(IS_TIM_CCXN_INSTANCE(htim->Instance, Channel));
 994:Drivers/STM32F1xx_HAL_Driver/Src/stm32f1xx_hal_tim_ex.c **** 
 995:Drivers/STM32F1xx_HAL_Driver/Src/stm32f1xx_hal_tim_ex.c ****   switch (Channel)
 996:Drivers/STM32F1xx_HAL_Driver/Src/stm32f1xx_hal_tim_ex.c ****   {
 997:Drivers/STM32F1xx_HAL_Driver/Src/stm32f1xx_hal_tim_ex.c ****     case TIM_CHANNEL_1:
 998:Drivers/STM32F1xx_HAL_Driver/Src/stm32f1xx_hal_tim_ex.c ****     {
 999:Drivers/STM32F1xx_HAL_Driver/Src/stm32f1xx_hal_tim_ex.c ****       /* Disable the TIM Output Compare DMA request */
1000:Drivers/STM32F1xx_HAL_Driver/Src/stm32f1xx_hal_tim_ex.c ****       __HAL_TIM_DISABLE_DMA(htim, TIM_DMA_CC1);
1001:Drivers/STM32F1xx_HAL_Driver/Src/stm32f1xx_hal_tim_ex.c ****       (void)HAL_DMA_Abort_IT(htim->hdma[TIM_DMA_ID_CC1]);
ARM GAS  C:\Users\Korisnik\AppData\Local\Temp\cckoF0Cb.s 			page 19


1002:Drivers/STM32F1xx_HAL_Driver/Src/stm32f1xx_hal_tim_ex.c ****       break;
1003:Drivers/STM32F1xx_HAL_Driver/Src/stm32f1xx_hal_tim_ex.c ****     }
1004:Drivers/STM32F1xx_HAL_Driver/Src/stm32f1xx_hal_tim_ex.c **** 
1005:Drivers/STM32F1xx_HAL_Driver/Src/stm32f1xx_hal_tim_ex.c ****     case TIM_CHANNEL_2:
1006:Drivers/STM32F1xx_HAL_Driver/Src/stm32f1xx_hal_tim_ex.c ****     {
1007:Drivers/STM32F1xx_HAL_Driver/Src/stm32f1xx_hal_tim_ex.c ****       /* Disable the TIM Output Compare DMA request */
1008:Drivers/STM32F1xx_HAL_Driver/Src/stm32f1xx_hal_tim_ex.c ****       __HAL_TIM_DISABLE_DMA(htim, TIM_DMA_CC2);
1009:Drivers/STM32F1xx_HAL_Driver/Src/stm32f1xx_hal_tim_ex.c ****       (void)HAL_DMA_Abort_IT(htim->hdma[TIM_DMA_ID_CC2]);
1010:Drivers/STM32F1xx_HAL_Driver/Src/stm32f1xx_hal_tim_ex.c ****       break;
1011:Drivers/STM32F1xx_HAL_Driver/Src/stm32f1xx_hal_tim_ex.c ****     }
1012:Drivers/STM32F1xx_HAL_Driver/Src/stm32f1xx_hal_tim_ex.c **** 
1013:Drivers/STM32F1xx_HAL_Driver/Src/stm32f1xx_hal_tim_ex.c ****     case TIM_CHANNEL_3:
1014:Drivers/STM32F1xx_HAL_Driver/Src/stm32f1xx_hal_tim_ex.c ****     {
1015:Drivers/STM32F1xx_HAL_Driver/Src/stm32f1xx_hal_tim_ex.c ****       /* Disable the TIM Output Compare DMA request */
1016:Drivers/STM32F1xx_HAL_Driver/Src/stm32f1xx_hal_tim_ex.c ****       __HAL_TIM_DISABLE_DMA(htim, TIM_DMA_CC3);
1017:Drivers/STM32F1xx_HAL_Driver/Src/stm32f1xx_hal_tim_ex.c ****       (void)HAL_DMA_Abort_IT(htim->hdma[TIM_DMA_ID_CC3]);
1018:Drivers/STM32F1xx_HAL_Driver/Src/stm32f1xx_hal_tim_ex.c ****       break;
1019:Drivers/STM32F1xx_HAL_Driver/Src/stm32f1xx_hal_tim_ex.c ****     }
1020:Drivers/STM32F1xx_HAL_Driver/Src/stm32f1xx_hal_tim_ex.c **** 
1021:Drivers/STM32F1xx_HAL_Driver/Src/stm32f1xx_hal_tim_ex.c ****     default:
1022:Drivers/STM32F1xx_HAL_Driver/Src/stm32f1xx_hal_tim_ex.c ****       break;
1023:Drivers/STM32F1xx_HAL_Driver/Src/stm32f1xx_hal_tim_ex.c ****   }
1024:Drivers/STM32F1xx_HAL_Driver/Src/stm32f1xx_hal_tim_ex.c **** 
1025:Drivers/STM32F1xx_HAL_Driver/Src/stm32f1xx_hal_tim_ex.c ****   /* Disable the Capture compare channel N */
1026:Drivers/STM32F1xx_HAL_Driver/Src/stm32f1xx_hal_tim_ex.c ****   TIM_CCxNChannelCmd(htim->Instance, Channel, TIM_CCxN_DISABLE);
1027:Drivers/STM32F1xx_HAL_Driver/Src/stm32f1xx_hal_tim_ex.c **** 
1028:Drivers/STM32F1xx_HAL_Driver/Src/stm32f1xx_hal_tim_ex.c ****   /* Disable the Main Output */
1029:Drivers/STM32F1xx_HAL_Driver/Src/stm32f1xx_hal_tim_ex.c ****   __HAL_TIM_MOE_DISABLE(htim);
1030:Drivers/STM32F1xx_HAL_Driver/Src/stm32f1xx_hal_tim_ex.c **** 
1031:Drivers/STM32F1xx_HAL_Driver/Src/stm32f1xx_hal_tim_ex.c ****   /* Disable the Peripheral */
1032:Drivers/STM32F1xx_HAL_Driver/Src/stm32f1xx_hal_tim_ex.c ****   __HAL_TIM_DISABLE(htim);
1033:Drivers/STM32F1xx_HAL_Driver/Src/stm32f1xx_hal_tim_ex.c **** 
1034:Drivers/STM32F1xx_HAL_Driver/Src/stm32f1xx_hal_tim_ex.c ****   /* Set the TIM complementary channel state */
1035:Drivers/STM32F1xx_HAL_Driver/Src/stm32f1xx_hal_tim_ex.c ****   TIM_CHANNEL_N_STATE_SET(htim, Channel, HAL_TIM_CHANNEL_STATE_READY);
1036:Drivers/STM32F1xx_HAL_Driver/Src/stm32f1xx_hal_tim_ex.c **** 
1037:Drivers/STM32F1xx_HAL_Driver/Src/stm32f1xx_hal_tim_ex.c ****   /* Return function status */
1038:Drivers/STM32F1xx_HAL_Driver/Src/stm32f1xx_hal_tim_ex.c ****   return HAL_OK;
1039:Drivers/STM32F1xx_HAL_Driver/Src/stm32f1xx_hal_tim_ex.c **** }
1040:Drivers/STM32F1xx_HAL_Driver/Src/stm32f1xx_hal_tim_ex.c **** 
1041:Drivers/STM32F1xx_HAL_Driver/Src/stm32f1xx_hal_tim_ex.c **** /**
1042:Drivers/STM32F1xx_HAL_Driver/Src/stm32f1xx_hal_tim_ex.c ****   * @}
1043:Drivers/STM32F1xx_HAL_Driver/Src/stm32f1xx_hal_tim_ex.c ****   */
1044:Drivers/STM32F1xx_HAL_Driver/Src/stm32f1xx_hal_tim_ex.c **** 
1045:Drivers/STM32F1xx_HAL_Driver/Src/stm32f1xx_hal_tim_ex.c **** /** @defgroup TIMEx_Exported_Functions_Group3 Extended Timer Complementary PWM functions
1046:Drivers/STM32F1xx_HAL_Driver/Src/stm32f1xx_hal_tim_ex.c ****   * @brief    Timer Complementary PWM functions
1047:Drivers/STM32F1xx_HAL_Driver/Src/stm32f1xx_hal_tim_ex.c ****   *
1048:Drivers/STM32F1xx_HAL_Driver/Src/stm32f1xx_hal_tim_ex.c **** @verbatim
1049:Drivers/STM32F1xx_HAL_Driver/Src/stm32f1xx_hal_tim_ex.c ****   ==============================================================================
1050:Drivers/STM32F1xx_HAL_Driver/Src/stm32f1xx_hal_tim_ex.c ****                  ##### Timer Complementary PWM functions #####
1051:Drivers/STM32F1xx_HAL_Driver/Src/stm32f1xx_hal_tim_ex.c ****   ==============================================================================
1052:Drivers/STM32F1xx_HAL_Driver/Src/stm32f1xx_hal_tim_ex.c ****   [..]
1053:Drivers/STM32F1xx_HAL_Driver/Src/stm32f1xx_hal_tim_ex.c ****     This section provides functions allowing to:
1054:Drivers/STM32F1xx_HAL_Driver/Src/stm32f1xx_hal_tim_ex.c ****     (+) Start the Complementary PWM.
1055:Drivers/STM32F1xx_HAL_Driver/Src/stm32f1xx_hal_tim_ex.c ****     (+) Stop the Complementary PWM.
1056:Drivers/STM32F1xx_HAL_Driver/Src/stm32f1xx_hal_tim_ex.c ****     (+) Start the Complementary PWM and enable interrupts.
1057:Drivers/STM32F1xx_HAL_Driver/Src/stm32f1xx_hal_tim_ex.c ****     (+) Stop the Complementary PWM and disable interrupts.
1058:Drivers/STM32F1xx_HAL_Driver/Src/stm32f1xx_hal_tim_ex.c ****     (+) Start the Complementary PWM and enable DMA transfers.
ARM GAS  C:\Users\Korisnik\AppData\Local\Temp\cckoF0Cb.s 			page 20


1059:Drivers/STM32F1xx_HAL_Driver/Src/stm32f1xx_hal_tim_ex.c ****     (+) Stop the Complementary PWM and disable DMA transfers.
1060:Drivers/STM32F1xx_HAL_Driver/Src/stm32f1xx_hal_tim_ex.c ****     (+) Start the Complementary Input Capture measurement.
1061:Drivers/STM32F1xx_HAL_Driver/Src/stm32f1xx_hal_tim_ex.c ****     (+) Stop the Complementary Input Capture.
1062:Drivers/STM32F1xx_HAL_Driver/Src/stm32f1xx_hal_tim_ex.c ****     (+) Start the Complementary Input Capture and enable interrupts.
1063:Drivers/STM32F1xx_HAL_Driver/Src/stm32f1xx_hal_tim_ex.c ****     (+) Stop the Complementary Input Capture and disable interrupts.
1064:Drivers/STM32F1xx_HAL_Driver/Src/stm32f1xx_hal_tim_ex.c ****     (+) Start the Complementary Input Capture and enable DMA transfers.
1065:Drivers/STM32F1xx_HAL_Driver/Src/stm32f1xx_hal_tim_ex.c ****     (+) Stop the Complementary Input Capture and disable DMA transfers.
1066:Drivers/STM32F1xx_HAL_Driver/Src/stm32f1xx_hal_tim_ex.c ****     (+) Start the Complementary One Pulse generation.
1067:Drivers/STM32F1xx_HAL_Driver/Src/stm32f1xx_hal_tim_ex.c ****     (+) Stop the Complementary One Pulse.
1068:Drivers/STM32F1xx_HAL_Driver/Src/stm32f1xx_hal_tim_ex.c ****     (+) Start the Complementary One Pulse and enable interrupts.
1069:Drivers/STM32F1xx_HAL_Driver/Src/stm32f1xx_hal_tim_ex.c ****     (+) Stop the Complementary One Pulse and disable interrupts.
1070:Drivers/STM32F1xx_HAL_Driver/Src/stm32f1xx_hal_tim_ex.c **** 
1071:Drivers/STM32F1xx_HAL_Driver/Src/stm32f1xx_hal_tim_ex.c **** @endverbatim
1072:Drivers/STM32F1xx_HAL_Driver/Src/stm32f1xx_hal_tim_ex.c ****   * @{
1073:Drivers/STM32F1xx_HAL_Driver/Src/stm32f1xx_hal_tim_ex.c ****   */
1074:Drivers/STM32F1xx_HAL_Driver/Src/stm32f1xx_hal_tim_ex.c **** 
1075:Drivers/STM32F1xx_HAL_Driver/Src/stm32f1xx_hal_tim_ex.c **** /**
1076:Drivers/STM32F1xx_HAL_Driver/Src/stm32f1xx_hal_tim_ex.c ****   * @brief  Starts the PWM signal generation on the complementary output.
1077:Drivers/STM32F1xx_HAL_Driver/Src/stm32f1xx_hal_tim_ex.c ****   * @param  htim TIM handle
1078:Drivers/STM32F1xx_HAL_Driver/Src/stm32f1xx_hal_tim_ex.c ****   * @param  Channel TIM Channel to be enabled
1079:Drivers/STM32F1xx_HAL_Driver/Src/stm32f1xx_hal_tim_ex.c ****   *          This parameter can be one of the following values:
1080:Drivers/STM32F1xx_HAL_Driver/Src/stm32f1xx_hal_tim_ex.c ****   *            @arg TIM_CHANNEL_1: TIM Channel 1 selected
1081:Drivers/STM32F1xx_HAL_Driver/Src/stm32f1xx_hal_tim_ex.c ****   *            @arg TIM_CHANNEL_2: TIM Channel 2 selected
1082:Drivers/STM32F1xx_HAL_Driver/Src/stm32f1xx_hal_tim_ex.c ****   *            @arg TIM_CHANNEL_3: TIM Channel 3 selected
1083:Drivers/STM32F1xx_HAL_Driver/Src/stm32f1xx_hal_tim_ex.c ****   * @retval HAL status
1084:Drivers/STM32F1xx_HAL_Driver/Src/stm32f1xx_hal_tim_ex.c ****   */
1085:Drivers/STM32F1xx_HAL_Driver/Src/stm32f1xx_hal_tim_ex.c **** HAL_StatusTypeDef HAL_TIMEx_PWMN_Start(TIM_HandleTypeDef *htim, uint32_t Channel)
1086:Drivers/STM32F1xx_HAL_Driver/Src/stm32f1xx_hal_tim_ex.c **** {
1087:Drivers/STM32F1xx_HAL_Driver/Src/stm32f1xx_hal_tim_ex.c ****   uint32_t tmpsmcr;
1088:Drivers/STM32F1xx_HAL_Driver/Src/stm32f1xx_hal_tim_ex.c **** 
1089:Drivers/STM32F1xx_HAL_Driver/Src/stm32f1xx_hal_tim_ex.c ****   /* Check the parameters */
1090:Drivers/STM32F1xx_HAL_Driver/Src/stm32f1xx_hal_tim_ex.c ****   assert_param(IS_TIM_CCXN_INSTANCE(htim->Instance, Channel));
1091:Drivers/STM32F1xx_HAL_Driver/Src/stm32f1xx_hal_tim_ex.c **** 
1092:Drivers/STM32F1xx_HAL_Driver/Src/stm32f1xx_hal_tim_ex.c ****   /* Check the TIM complementary channel state */
1093:Drivers/STM32F1xx_HAL_Driver/Src/stm32f1xx_hal_tim_ex.c ****   if (TIM_CHANNEL_N_STATE_GET(htim, Channel) != HAL_TIM_CHANNEL_STATE_READY)
1094:Drivers/STM32F1xx_HAL_Driver/Src/stm32f1xx_hal_tim_ex.c ****   {
1095:Drivers/STM32F1xx_HAL_Driver/Src/stm32f1xx_hal_tim_ex.c ****     return HAL_ERROR;
1096:Drivers/STM32F1xx_HAL_Driver/Src/stm32f1xx_hal_tim_ex.c ****   }
1097:Drivers/STM32F1xx_HAL_Driver/Src/stm32f1xx_hal_tim_ex.c **** 
1098:Drivers/STM32F1xx_HAL_Driver/Src/stm32f1xx_hal_tim_ex.c ****   /* Set the TIM complementary channel state */
1099:Drivers/STM32F1xx_HAL_Driver/Src/stm32f1xx_hal_tim_ex.c ****   TIM_CHANNEL_N_STATE_SET(htim, Channel, HAL_TIM_CHANNEL_STATE_BUSY);
1100:Drivers/STM32F1xx_HAL_Driver/Src/stm32f1xx_hal_tim_ex.c **** 
1101:Drivers/STM32F1xx_HAL_Driver/Src/stm32f1xx_hal_tim_ex.c ****   /* Enable the complementary PWM output  */
1102:Drivers/STM32F1xx_HAL_Driver/Src/stm32f1xx_hal_tim_ex.c ****   TIM_CCxNChannelCmd(htim->Instance, Channel, TIM_CCxN_ENABLE);
1103:Drivers/STM32F1xx_HAL_Driver/Src/stm32f1xx_hal_tim_ex.c **** 
1104:Drivers/STM32F1xx_HAL_Driver/Src/stm32f1xx_hal_tim_ex.c ****   /* Enable the Main Output */
1105:Drivers/STM32F1xx_HAL_Driver/Src/stm32f1xx_hal_tim_ex.c ****   __HAL_TIM_MOE_ENABLE(htim);
1106:Drivers/STM32F1xx_HAL_Driver/Src/stm32f1xx_hal_tim_ex.c **** 
1107:Drivers/STM32F1xx_HAL_Driver/Src/stm32f1xx_hal_tim_ex.c ****   /* Enable the Peripheral, except in trigger mode where enable is automatically done with trigger 
1108:Drivers/STM32F1xx_HAL_Driver/Src/stm32f1xx_hal_tim_ex.c ****   if (IS_TIM_SLAVE_INSTANCE(htim->Instance))
1109:Drivers/STM32F1xx_HAL_Driver/Src/stm32f1xx_hal_tim_ex.c ****   {
1110:Drivers/STM32F1xx_HAL_Driver/Src/stm32f1xx_hal_tim_ex.c ****     tmpsmcr = htim->Instance->SMCR & TIM_SMCR_SMS;
1111:Drivers/STM32F1xx_HAL_Driver/Src/stm32f1xx_hal_tim_ex.c ****     if (!IS_TIM_SLAVEMODE_TRIGGER_ENABLED(tmpsmcr))
1112:Drivers/STM32F1xx_HAL_Driver/Src/stm32f1xx_hal_tim_ex.c ****     {
1113:Drivers/STM32F1xx_HAL_Driver/Src/stm32f1xx_hal_tim_ex.c ****       __HAL_TIM_ENABLE(htim);
1114:Drivers/STM32F1xx_HAL_Driver/Src/stm32f1xx_hal_tim_ex.c ****     }
1115:Drivers/STM32F1xx_HAL_Driver/Src/stm32f1xx_hal_tim_ex.c ****   }
ARM GAS  C:\Users\Korisnik\AppData\Local\Temp\cckoF0Cb.s 			page 21


1116:Drivers/STM32F1xx_HAL_Driver/Src/stm32f1xx_hal_tim_ex.c ****   else
1117:Drivers/STM32F1xx_HAL_Driver/Src/stm32f1xx_hal_tim_ex.c ****   {
1118:Drivers/STM32F1xx_HAL_Driver/Src/stm32f1xx_hal_tim_ex.c ****     __HAL_TIM_ENABLE(htim);
1119:Drivers/STM32F1xx_HAL_Driver/Src/stm32f1xx_hal_tim_ex.c ****   }
1120:Drivers/STM32F1xx_HAL_Driver/Src/stm32f1xx_hal_tim_ex.c **** 
1121:Drivers/STM32F1xx_HAL_Driver/Src/stm32f1xx_hal_tim_ex.c ****   /* Return function status */
1122:Drivers/STM32F1xx_HAL_Driver/Src/stm32f1xx_hal_tim_ex.c ****   return HAL_OK;
1123:Drivers/STM32F1xx_HAL_Driver/Src/stm32f1xx_hal_tim_ex.c **** }
1124:Drivers/STM32F1xx_HAL_Driver/Src/stm32f1xx_hal_tim_ex.c **** 
1125:Drivers/STM32F1xx_HAL_Driver/Src/stm32f1xx_hal_tim_ex.c **** /**
1126:Drivers/STM32F1xx_HAL_Driver/Src/stm32f1xx_hal_tim_ex.c ****   * @brief  Stops the PWM signal generation on the complementary output.
1127:Drivers/STM32F1xx_HAL_Driver/Src/stm32f1xx_hal_tim_ex.c ****   * @param  htim TIM handle
1128:Drivers/STM32F1xx_HAL_Driver/Src/stm32f1xx_hal_tim_ex.c ****   * @param  Channel TIM Channel to be disabled
1129:Drivers/STM32F1xx_HAL_Driver/Src/stm32f1xx_hal_tim_ex.c ****   *          This parameter can be one of the following values:
1130:Drivers/STM32F1xx_HAL_Driver/Src/stm32f1xx_hal_tim_ex.c ****   *            @arg TIM_CHANNEL_1: TIM Channel 1 selected
1131:Drivers/STM32F1xx_HAL_Driver/Src/stm32f1xx_hal_tim_ex.c ****   *            @arg TIM_CHANNEL_2: TIM Channel 2 selected
1132:Drivers/STM32F1xx_HAL_Driver/Src/stm32f1xx_hal_tim_ex.c ****   *            @arg TIM_CHANNEL_3: TIM Channel 3 selected
1133:Drivers/STM32F1xx_HAL_Driver/Src/stm32f1xx_hal_tim_ex.c ****   * @retval HAL status
1134:Drivers/STM32F1xx_HAL_Driver/Src/stm32f1xx_hal_tim_ex.c ****   */
1135:Drivers/STM32F1xx_HAL_Driver/Src/stm32f1xx_hal_tim_ex.c **** HAL_StatusTypeDef HAL_TIMEx_PWMN_Stop(TIM_HandleTypeDef *htim, uint32_t Channel)
1136:Drivers/STM32F1xx_HAL_Driver/Src/stm32f1xx_hal_tim_ex.c **** {
1137:Drivers/STM32F1xx_HAL_Driver/Src/stm32f1xx_hal_tim_ex.c ****   /* Check the parameters */
1138:Drivers/STM32F1xx_HAL_Driver/Src/stm32f1xx_hal_tim_ex.c ****   assert_param(IS_TIM_CCXN_INSTANCE(htim->Instance, Channel));
1139:Drivers/STM32F1xx_HAL_Driver/Src/stm32f1xx_hal_tim_ex.c **** 
1140:Drivers/STM32F1xx_HAL_Driver/Src/stm32f1xx_hal_tim_ex.c ****   /* Disable the complementary PWM output  */
1141:Drivers/STM32F1xx_HAL_Driver/Src/stm32f1xx_hal_tim_ex.c ****   TIM_CCxNChannelCmd(htim->Instance, Channel, TIM_CCxN_DISABLE);
1142:Drivers/STM32F1xx_HAL_Driver/Src/stm32f1xx_hal_tim_ex.c **** 
1143:Drivers/STM32F1xx_HAL_Driver/Src/stm32f1xx_hal_tim_ex.c ****   /* Disable the Main Output */
1144:Drivers/STM32F1xx_HAL_Driver/Src/stm32f1xx_hal_tim_ex.c ****   __HAL_TIM_MOE_DISABLE(htim);
1145:Drivers/STM32F1xx_HAL_Driver/Src/stm32f1xx_hal_tim_ex.c **** 
1146:Drivers/STM32F1xx_HAL_Driver/Src/stm32f1xx_hal_tim_ex.c ****   /* Disable the Peripheral */
1147:Drivers/STM32F1xx_HAL_Driver/Src/stm32f1xx_hal_tim_ex.c ****   __HAL_TIM_DISABLE(htim);
1148:Drivers/STM32F1xx_HAL_Driver/Src/stm32f1xx_hal_tim_ex.c **** 
1149:Drivers/STM32F1xx_HAL_Driver/Src/stm32f1xx_hal_tim_ex.c ****   /* Set the TIM complementary channel state */
1150:Drivers/STM32F1xx_HAL_Driver/Src/stm32f1xx_hal_tim_ex.c ****   TIM_CHANNEL_N_STATE_SET(htim, Channel, HAL_TIM_CHANNEL_STATE_READY);
1151:Drivers/STM32F1xx_HAL_Driver/Src/stm32f1xx_hal_tim_ex.c **** 
1152:Drivers/STM32F1xx_HAL_Driver/Src/stm32f1xx_hal_tim_ex.c ****   /* Return function status */
1153:Drivers/STM32F1xx_HAL_Driver/Src/stm32f1xx_hal_tim_ex.c ****   return HAL_OK;
1154:Drivers/STM32F1xx_HAL_Driver/Src/stm32f1xx_hal_tim_ex.c **** }
1155:Drivers/STM32F1xx_HAL_Driver/Src/stm32f1xx_hal_tim_ex.c **** 
1156:Drivers/STM32F1xx_HAL_Driver/Src/stm32f1xx_hal_tim_ex.c **** /**
1157:Drivers/STM32F1xx_HAL_Driver/Src/stm32f1xx_hal_tim_ex.c ****   * @brief  Starts the PWM signal generation in interrupt mode on the
1158:Drivers/STM32F1xx_HAL_Driver/Src/stm32f1xx_hal_tim_ex.c ****   *         complementary output.
1159:Drivers/STM32F1xx_HAL_Driver/Src/stm32f1xx_hal_tim_ex.c ****   * @param  htim TIM handle
1160:Drivers/STM32F1xx_HAL_Driver/Src/stm32f1xx_hal_tim_ex.c ****   * @param  Channel TIM Channel to be disabled
1161:Drivers/STM32F1xx_HAL_Driver/Src/stm32f1xx_hal_tim_ex.c ****   *          This parameter can be one of the following values:
1162:Drivers/STM32F1xx_HAL_Driver/Src/stm32f1xx_hal_tim_ex.c ****   *            @arg TIM_CHANNEL_1: TIM Channel 1 selected
1163:Drivers/STM32F1xx_HAL_Driver/Src/stm32f1xx_hal_tim_ex.c ****   *            @arg TIM_CHANNEL_2: TIM Channel 2 selected
1164:Drivers/STM32F1xx_HAL_Driver/Src/stm32f1xx_hal_tim_ex.c ****   *            @arg TIM_CHANNEL_3: TIM Channel 3 selected
1165:Drivers/STM32F1xx_HAL_Driver/Src/stm32f1xx_hal_tim_ex.c ****   * @retval HAL status
1166:Drivers/STM32F1xx_HAL_Driver/Src/stm32f1xx_hal_tim_ex.c ****   */
1167:Drivers/STM32F1xx_HAL_Driver/Src/stm32f1xx_hal_tim_ex.c **** HAL_StatusTypeDef HAL_TIMEx_PWMN_Start_IT(TIM_HandleTypeDef *htim, uint32_t Channel)
1168:Drivers/STM32F1xx_HAL_Driver/Src/stm32f1xx_hal_tim_ex.c **** {
1169:Drivers/STM32F1xx_HAL_Driver/Src/stm32f1xx_hal_tim_ex.c ****   uint32_t tmpsmcr;
1170:Drivers/STM32F1xx_HAL_Driver/Src/stm32f1xx_hal_tim_ex.c **** 
1171:Drivers/STM32F1xx_HAL_Driver/Src/stm32f1xx_hal_tim_ex.c ****   /* Check the parameters */
1172:Drivers/STM32F1xx_HAL_Driver/Src/stm32f1xx_hal_tim_ex.c ****   assert_param(IS_TIM_CCXN_INSTANCE(htim->Instance, Channel));
ARM GAS  C:\Users\Korisnik\AppData\Local\Temp\cckoF0Cb.s 			page 22


1173:Drivers/STM32F1xx_HAL_Driver/Src/stm32f1xx_hal_tim_ex.c **** 
1174:Drivers/STM32F1xx_HAL_Driver/Src/stm32f1xx_hal_tim_ex.c ****   /* Check the TIM complementary channel state */
1175:Drivers/STM32F1xx_HAL_Driver/Src/stm32f1xx_hal_tim_ex.c ****   if (TIM_CHANNEL_N_STATE_GET(htim, Channel) != HAL_TIM_CHANNEL_STATE_READY)
1176:Drivers/STM32F1xx_HAL_Driver/Src/stm32f1xx_hal_tim_ex.c ****   {
1177:Drivers/STM32F1xx_HAL_Driver/Src/stm32f1xx_hal_tim_ex.c ****     return HAL_ERROR;
1178:Drivers/STM32F1xx_HAL_Driver/Src/stm32f1xx_hal_tim_ex.c ****   }
1179:Drivers/STM32F1xx_HAL_Driver/Src/stm32f1xx_hal_tim_ex.c **** 
1180:Drivers/STM32F1xx_HAL_Driver/Src/stm32f1xx_hal_tim_ex.c ****   /* Set the TIM complementary channel state */
1181:Drivers/STM32F1xx_HAL_Driver/Src/stm32f1xx_hal_tim_ex.c ****   TIM_CHANNEL_N_STATE_SET(htim, Channel, HAL_TIM_CHANNEL_STATE_BUSY);
1182:Drivers/STM32F1xx_HAL_Driver/Src/stm32f1xx_hal_tim_ex.c **** 
1183:Drivers/STM32F1xx_HAL_Driver/Src/stm32f1xx_hal_tim_ex.c ****   switch (Channel)
1184:Drivers/STM32F1xx_HAL_Driver/Src/stm32f1xx_hal_tim_ex.c ****   {
1185:Drivers/STM32F1xx_HAL_Driver/Src/stm32f1xx_hal_tim_ex.c ****     case TIM_CHANNEL_1:
1186:Drivers/STM32F1xx_HAL_Driver/Src/stm32f1xx_hal_tim_ex.c ****     {
1187:Drivers/STM32F1xx_HAL_Driver/Src/stm32f1xx_hal_tim_ex.c ****       /* Enable the TIM Capture/Compare 1 interrupt */
1188:Drivers/STM32F1xx_HAL_Driver/Src/stm32f1xx_hal_tim_ex.c ****       __HAL_TIM_ENABLE_IT(htim, TIM_IT_CC1);
1189:Drivers/STM32F1xx_HAL_Driver/Src/stm32f1xx_hal_tim_ex.c ****       break;
1190:Drivers/STM32F1xx_HAL_Driver/Src/stm32f1xx_hal_tim_ex.c ****     }
1191:Drivers/STM32F1xx_HAL_Driver/Src/stm32f1xx_hal_tim_ex.c **** 
1192:Drivers/STM32F1xx_HAL_Driver/Src/stm32f1xx_hal_tim_ex.c ****     case TIM_CHANNEL_2:
1193:Drivers/STM32F1xx_HAL_Driver/Src/stm32f1xx_hal_tim_ex.c ****     {
1194:Drivers/STM32F1xx_HAL_Driver/Src/stm32f1xx_hal_tim_ex.c ****       /* Enable the TIM Capture/Compare 2 interrupt */
1195:Drivers/STM32F1xx_HAL_Driver/Src/stm32f1xx_hal_tim_ex.c ****       __HAL_TIM_ENABLE_IT(htim, TIM_IT_CC2);
1196:Drivers/STM32F1xx_HAL_Driver/Src/stm32f1xx_hal_tim_ex.c ****       break;
1197:Drivers/STM32F1xx_HAL_Driver/Src/stm32f1xx_hal_tim_ex.c ****     }
1198:Drivers/STM32F1xx_HAL_Driver/Src/stm32f1xx_hal_tim_ex.c **** 
1199:Drivers/STM32F1xx_HAL_Driver/Src/stm32f1xx_hal_tim_ex.c ****     case TIM_CHANNEL_3:
1200:Drivers/STM32F1xx_HAL_Driver/Src/stm32f1xx_hal_tim_ex.c ****     {
1201:Drivers/STM32F1xx_HAL_Driver/Src/stm32f1xx_hal_tim_ex.c ****       /* Enable the TIM Capture/Compare 3 interrupt */
1202:Drivers/STM32F1xx_HAL_Driver/Src/stm32f1xx_hal_tim_ex.c ****       __HAL_TIM_ENABLE_IT(htim, TIM_IT_CC3);
1203:Drivers/STM32F1xx_HAL_Driver/Src/stm32f1xx_hal_tim_ex.c ****       break;
1204:Drivers/STM32F1xx_HAL_Driver/Src/stm32f1xx_hal_tim_ex.c ****     }
1205:Drivers/STM32F1xx_HAL_Driver/Src/stm32f1xx_hal_tim_ex.c **** 
1206:Drivers/STM32F1xx_HAL_Driver/Src/stm32f1xx_hal_tim_ex.c ****     default:
1207:Drivers/STM32F1xx_HAL_Driver/Src/stm32f1xx_hal_tim_ex.c ****       break;
1208:Drivers/STM32F1xx_HAL_Driver/Src/stm32f1xx_hal_tim_ex.c ****   }
1209:Drivers/STM32F1xx_HAL_Driver/Src/stm32f1xx_hal_tim_ex.c **** 
1210:Drivers/STM32F1xx_HAL_Driver/Src/stm32f1xx_hal_tim_ex.c ****   /* Enable the TIM Break interrupt */
1211:Drivers/STM32F1xx_HAL_Driver/Src/stm32f1xx_hal_tim_ex.c ****   __HAL_TIM_ENABLE_IT(htim, TIM_IT_BREAK);
1212:Drivers/STM32F1xx_HAL_Driver/Src/stm32f1xx_hal_tim_ex.c **** 
1213:Drivers/STM32F1xx_HAL_Driver/Src/stm32f1xx_hal_tim_ex.c ****   /* Enable the complementary PWM output  */
1214:Drivers/STM32F1xx_HAL_Driver/Src/stm32f1xx_hal_tim_ex.c ****   TIM_CCxNChannelCmd(htim->Instance, Channel, TIM_CCxN_ENABLE);
1215:Drivers/STM32F1xx_HAL_Driver/Src/stm32f1xx_hal_tim_ex.c **** 
1216:Drivers/STM32F1xx_HAL_Driver/Src/stm32f1xx_hal_tim_ex.c ****   /* Enable the Main Output */
1217:Drivers/STM32F1xx_HAL_Driver/Src/stm32f1xx_hal_tim_ex.c ****   __HAL_TIM_MOE_ENABLE(htim);
1218:Drivers/STM32F1xx_HAL_Driver/Src/stm32f1xx_hal_tim_ex.c **** 
1219:Drivers/STM32F1xx_HAL_Driver/Src/stm32f1xx_hal_tim_ex.c ****   /* Enable the Peripheral, except in trigger mode where enable is automatically done with trigger 
1220:Drivers/STM32F1xx_HAL_Driver/Src/stm32f1xx_hal_tim_ex.c ****   if (IS_TIM_SLAVE_INSTANCE(htim->Instance))
1221:Drivers/STM32F1xx_HAL_Driver/Src/stm32f1xx_hal_tim_ex.c ****   {
1222:Drivers/STM32F1xx_HAL_Driver/Src/stm32f1xx_hal_tim_ex.c ****     tmpsmcr = htim->Instance->SMCR & TIM_SMCR_SMS;
1223:Drivers/STM32F1xx_HAL_Driver/Src/stm32f1xx_hal_tim_ex.c ****     if (!IS_TIM_SLAVEMODE_TRIGGER_ENABLED(tmpsmcr))
1224:Drivers/STM32F1xx_HAL_Driver/Src/stm32f1xx_hal_tim_ex.c ****     {
1225:Drivers/STM32F1xx_HAL_Driver/Src/stm32f1xx_hal_tim_ex.c ****       __HAL_TIM_ENABLE(htim);
1226:Drivers/STM32F1xx_HAL_Driver/Src/stm32f1xx_hal_tim_ex.c ****     }
1227:Drivers/STM32F1xx_HAL_Driver/Src/stm32f1xx_hal_tim_ex.c ****   }
1228:Drivers/STM32F1xx_HAL_Driver/Src/stm32f1xx_hal_tim_ex.c ****   else
1229:Drivers/STM32F1xx_HAL_Driver/Src/stm32f1xx_hal_tim_ex.c ****   {
ARM GAS  C:\Users\Korisnik\AppData\Local\Temp\cckoF0Cb.s 			page 23


1230:Drivers/STM32F1xx_HAL_Driver/Src/stm32f1xx_hal_tim_ex.c ****     __HAL_TIM_ENABLE(htim);
1231:Drivers/STM32F1xx_HAL_Driver/Src/stm32f1xx_hal_tim_ex.c ****   }
1232:Drivers/STM32F1xx_HAL_Driver/Src/stm32f1xx_hal_tim_ex.c **** 
1233:Drivers/STM32F1xx_HAL_Driver/Src/stm32f1xx_hal_tim_ex.c ****   /* Return function status */
1234:Drivers/STM32F1xx_HAL_Driver/Src/stm32f1xx_hal_tim_ex.c ****   return HAL_OK;
1235:Drivers/STM32F1xx_HAL_Driver/Src/stm32f1xx_hal_tim_ex.c **** }
1236:Drivers/STM32F1xx_HAL_Driver/Src/stm32f1xx_hal_tim_ex.c **** 
1237:Drivers/STM32F1xx_HAL_Driver/Src/stm32f1xx_hal_tim_ex.c **** /**
1238:Drivers/STM32F1xx_HAL_Driver/Src/stm32f1xx_hal_tim_ex.c ****   * @brief  Stops the PWM signal generation in interrupt mode on the
1239:Drivers/STM32F1xx_HAL_Driver/Src/stm32f1xx_hal_tim_ex.c ****   *         complementary output.
1240:Drivers/STM32F1xx_HAL_Driver/Src/stm32f1xx_hal_tim_ex.c ****   * @param  htim TIM handle
1241:Drivers/STM32F1xx_HAL_Driver/Src/stm32f1xx_hal_tim_ex.c ****   * @param  Channel TIM Channel to be disabled
1242:Drivers/STM32F1xx_HAL_Driver/Src/stm32f1xx_hal_tim_ex.c ****   *          This parameter can be one of the following values:
1243:Drivers/STM32F1xx_HAL_Driver/Src/stm32f1xx_hal_tim_ex.c ****   *            @arg TIM_CHANNEL_1: TIM Channel 1 selected
1244:Drivers/STM32F1xx_HAL_Driver/Src/stm32f1xx_hal_tim_ex.c ****   *            @arg TIM_CHANNEL_2: TIM Channel 2 selected
1245:Drivers/STM32F1xx_HAL_Driver/Src/stm32f1xx_hal_tim_ex.c ****   *            @arg TIM_CHANNEL_3: TIM Channel 3 selected
1246:Drivers/STM32F1xx_HAL_Driver/Src/stm32f1xx_hal_tim_ex.c ****   * @retval HAL status
1247:Drivers/STM32F1xx_HAL_Driver/Src/stm32f1xx_hal_tim_ex.c ****   */
1248:Drivers/STM32F1xx_HAL_Driver/Src/stm32f1xx_hal_tim_ex.c **** HAL_StatusTypeDef HAL_TIMEx_PWMN_Stop_IT(TIM_HandleTypeDef *htim, uint32_t Channel)
1249:Drivers/STM32F1xx_HAL_Driver/Src/stm32f1xx_hal_tim_ex.c **** {
1250:Drivers/STM32F1xx_HAL_Driver/Src/stm32f1xx_hal_tim_ex.c ****   uint32_t tmpccer;
1251:Drivers/STM32F1xx_HAL_Driver/Src/stm32f1xx_hal_tim_ex.c **** 
1252:Drivers/STM32F1xx_HAL_Driver/Src/stm32f1xx_hal_tim_ex.c ****   /* Check the parameters */
1253:Drivers/STM32F1xx_HAL_Driver/Src/stm32f1xx_hal_tim_ex.c ****   assert_param(IS_TIM_CCXN_INSTANCE(htim->Instance, Channel));
1254:Drivers/STM32F1xx_HAL_Driver/Src/stm32f1xx_hal_tim_ex.c **** 
1255:Drivers/STM32F1xx_HAL_Driver/Src/stm32f1xx_hal_tim_ex.c ****   switch (Channel)
1256:Drivers/STM32F1xx_HAL_Driver/Src/stm32f1xx_hal_tim_ex.c ****   {
1257:Drivers/STM32F1xx_HAL_Driver/Src/stm32f1xx_hal_tim_ex.c ****     case TIM_CHANNEL_1:
1258:Drivers/STM32F1xx_HAL_Driver/Src/stm32f1xx_hal_tim_ex.c ****     {
1259:Drivers/STM32F1xx_HAL_Driver/Src/stm32f1xx_hal_tim_ex.c ****       /* Disable the TIM Capture/Compare 1 interrupt */
1260:Drivers/STM32F1xx_HAL_Driver/Src/stm32f1xx_hal_tim_ex.c ****       __HAL_TIM_DISABLE_IT(htim, TIM_IT_CC1);
1261:Drivers/STM32F1xx_HAL_Driver/Src/stm32f1xx_hal_tim_ex.c ****       break;
1262:Drivers/STM32F1xx_HAL_Driver/Src/stm32f1xx_hal_tim_ex.c ****     }
1263:Drivers/STM32F1xx_HAL_Driver/Src/stm32f1xx_hal_tim_ex.c **** 
1264:Drivers/STM32F1xx_HAL_Driver/Src/stm32f1xx_hal_tim_ex.c ****     case TIM_CHANNEL_2:
1265:Drivers/STM32F1xx_HAL_Driver/Src/stm32f1xx_hal_tim_ex.c ****     {
1266:Drivers/STM32F1xx_HAL_Driver/Src/stm32f1xx_hal_tim_ex.c ****       /* Disable the TIM Capture/Compare 2 interrupt */
1267:Drivers/STM32F1xx_HAL_Driver/Src/stm32f1xx_hal_tim_ex.c ****       __HAL_TIM_DISABLE_IT(htim, TIM_IT_CC2);
1268:Drivers/STM32F1xx_HAL_Driver/Src/stm32f1xx_hal_tim_ex.c ****       break;
1269:Drivers/STM32F1xx_HAL_Driver/Src/stm32f1xx_hal_tim_ex.c ****     }
1270:Drivers/STM32F1xx_HAL_Driver/Src/stm32f1xx_hal_tim_ex.c **** 
1271:Drivers/STM32F1xx_HAL_Driver/Src/stm32f1xx_hal_tim_ex.c ****     case TIM_CHANNEL_3:
1272:Drivers/STM32F1xx_HAL_Driver/Src/stm32f1xx_hal_tim_ex.c ****     {
1273:Drivers/STM32F1xx_HAL_Driver/Src/stm32f1xx_hal_tim_ex.c ****       /* Disable the TIM Capture/Compare 3 interrupt */
1274:Drivers/STM32F1xx_HAL_Driver/Src/stm32f1xx_hal_tim_ex.c ****       __HAL_TIM_DISABLE_IT(htim, TIM_IT_CC3);
1275:Drivers/STM32F1xx_HAL_Driver/Src/stm32f1xx_hal_tim_ex.c ****       break;
1276:Drivers/STM32F1xx_HAL_Driver/Src/stm32f1xx_hal_tim_ex.c ****     }
1277:Drivers/STM32F1xx_HAL_Driver/Src/stm32f1xx_hal_tim_ex.c **** 
1278:Drivers/STM32F1xx_HAL_Driver/Src/stm32f1xx_hal_tim_ex.c ****     default:
1279:Drivers/STM32F1xx_HAL_Driver/Src/stm32f1xx_hal_tim_ex.c ****       break;
1280:Drivers/STM32F1xx_HAL_Driver/Src/stm32f1xx_hal_tim_ex.c ****   }
1281:Drivers/STM32F1xx_HAL_Driver/Src/stm32f1xx_hal_tim_ex.c **** 
1282:Drivers/STM32F1xx_HAL_Driver/Src/stm32f1xx_hal_tim_ex.c ****   /* Disable the complementary PWM output  */
1283:Drivers/STM32F1xx_HAL_Driver/Src/stm32f1xx_hal_tim_ex.c ****   TIM_CCxNChannelCmd(htim->Instance, Channel, TIM_CCxN_DISABLE);
1284:Drivers/STM32F1xx_HAL_Driver/Src/stm32f1xx_hal_tim_ex.c **** 
1285:Drivers/STM32F1xx_HAL_Driver/Src/stm32f1xx_hal_tim_ex.c ****   /* Disable the TIM Break interrupt (only if no more channel is active) */
1286:Drivers/STM32F1xx_HAL_Driver/Src/stm32f1xx_hal_tim_ex.c ****   tmpccer = htim->Instance->CCER;
ARM GAS  C:\Users\Korisnik\AppData\Local\Temp\cckoF0Cb.s 			page 24


1287:Drivers/STM32F1xx_HAL_Driver/Src/stm32f1xx_hal_tim_ex.c ****   if ((tmpccer & (TIM_CCER_CC1NE | TIM_CCER_CC2NE | TIM_CCER_CC3NE)) == (uint32_t)RESET)
1288:Drivers/STM32F1xx_HAL_Driver/Src/stm32f1xx_hal_tim_ex.c ****   {
1289:Drivers/STM32F1xx_HAL_Driver/Src/stm32f1xx_hal_tim_ex.c ****     __HAL_TIM_DISABLE_IT(htim, TIM_IT_BREAK);
1290:Drivers/STM32F1xx_HAL_Driver/Src/stm32f1xx_hal_tim_ex.c ****   }
1291:Drivers/STM32F1xx_HAL_Driver/Src/stm32f1xx_hal_tim_ex.c **** 
1292:Drivers/STM32F1xx_HAL_Driver/Src/stm32f1xx_hal_tim_ex.c ****   /* Disable the Main Output */
1293:Drivers/STM32F1xx_HAL_Driver/Src/stm32f1xx_hal_tim_ex.c ****   __HAL_TIM_MOE_DISABLE(htim);
1294:Drivers/STM32F1xx_HAL_Driver/Src/stm32f1xx_hal_tim_ex.c **** 
1295:Drivers/STM32F1xx_HAL_Driver/Src/stm32f1xx_hal_tim_ex.c ****   /* Disable the Peripheral */
1296:Drivers/STM32F1xx_HAL_Driver/Src/stm32f1xx_hal_tim_ex.c ****   __HAL_TIM_DISABLE(htim);
1297:Drivers/STM32F1xx_HAL_Driver/Src/stm32f1xx_hal_tim_ex.c **** 
1298:Drivers/STM32F1xx_HAL_Driver/Src/stm32f1xx_hal_tim_ex.c ****   /* Set the TIM complementary channel state */
1299:Drivers/STM32F1xx_HAL_Driver/Src/stm32f1xx_hal_tim_ex.c ****   TIM_CHANNEL_N_STATE_SET(htim, Channel, HAL_TIM_CHANNEL_STATE_READY);
1300:Drivers/STM32F1xx_HAL_Driver/Src/stm32f1xx_hal_tim_ex.c **** 
1301:Drivers/STM32F1xx_HAL_Driver/Src/stm32f1xx_hal_tim_ex.c ****   /* Return function status */
1302:Drivers/STM32F1xx_HAL_Driver/Src/stm32f1xx_hal_tim_ex.c ****   return HAL_OK;
1303:Drivers/STM32F1xx_HAL_Driver/Src/stm32f1xx_hal_tim_ex.c **** }
1304:Drivers/STM32F1xx_HAL_Driver/Src/stm32f1xx_hal_tim_ex.c **** 
1305:Drivers/STM32F1xx_HAL_Driver/Src/stm32f1xx_hal_tim_ex.c **** /**
1306:Drivers/STM32F1xx_HAL_Driver/Src/stm32f1xx_hal_tim_ex.c ****   * @brief  Starts the TIM PWM signal generation in DMA mode on the
1307:Drivers/STM32F1xx_HAL_Driver/Src/stm32f1xx_hal_tim_ex.c ****   *         complementary output
1308:Drivers/STM32F1xx_HAL_Driver/Src/stm32f1xx_hal_tim_ex.c ****   * @param  htim TIM handle
1309:Drivers/STM32F1xx_HAL_Driver/Src/stm32f1xx_hal_tim_ex.c ****   * @param  Channel TIM Channel to be enabled
1310:Drivers/STM32F1xx_HAL_Driver/Src/stm32f1xx_hal_tim_ex.c ****   *          This parameter can be one of the following values:
1311:Drivers/STM32F1xx_HAL_Driver/Src/stm32f1xx_hal_tim_ex.c ****   *            @arg TIM_CHANNEL_1: TIM Channel 1 selected
1312:Drivers/STM32F1xx_HAL_Driver/Src/stm32f1xx_hal_tim_ex.c ****   *            @arg TIM_CHANNEL_2: TIM Channel 2 selected
1313:Drivers/STM32F1xx_HAL_Driver/Src/stm32f1xx_hal_tim_ex.c ****   *            @arg TIM_CHANNEL_3: TIM Channel 3 selected
1314:Drivers/STM32F1xx_HAL_Driver/Src/stm32f1xx_hal_tim_ex.c ****   * @param  pData The source Buffer address.
1315:Drivers/STM32F1xx_HAL_Driver/Src/stm32f1xx_hal_tim_ex.c ****   * @param  Length The length of data to be transferred from memory to TIM peripheral
1316:Drivers/STM32F1xx_HAL_Driver/Src/stm32f1xx_hal_tim_ex.c ****   * @retval HAL status
1317:Drivers/STM32F1xx_HAL_Driver/Src/stm32f1xx_hal_tim_ex.c ****   */
1318:Drivers/STM32F1xx_HAL_Driver/Src/stm32f1xx_hal_tim_ex.c **** HAL_StatusTypeDef HAL_TIMEx_PWMN_Start_DMA(TIM_HandleTypeDef *htim, uint32_t Channel, uint32_t *pDa
1319:Drivers/STM32F1xx_HAL_Driver/Src/stm32f1xx_hal_tim_ex.c **** {
1320:Drivers/STM32F1xx_HAL_Driver/Src/stm32f1xx_hal_tim_ex.c ****   uint32_t tmpsmcr;
1321:Drivers/STM32F1xx_HAL_Driver/Src/stm32f1xx_hal_tim_ex.c **** 
1322:Drivers/STM32F1xx_HAL_Driver/Src/stm32f1xx_hal_tim_ex.c ****   /* Check the parameters */
1323:Drivers/STM32F1xx_HAL_Driver/Src/stm32f1xx_hal_tim_ex.c ****   assert_param(IS_TIM_CCXN_INSTANCE(htim->Instance, Channel));
1324:Drivers/STM32F1xx_HAL_Driver/Src/stm32f1xx_hal_tim_ex.c **** 
1325:Drivers/STM32F1xx_HAL_Driver/Src/stm32f1xx_hal_tim_ex.c ****   /* Set the TIM complementary channel state */
1326:Drivers/STM32F1xx_HAL_Driver/Src/stm32f1xx_hal_tim_ex.c ****   if (TIM_CHANNEL_N_STATE_GET(htim, Channel) == HAL_TIM_CHANNEL_STATE_BUSY)
1327:Drivers/STM32F1xx_HAL_Driver/Src/stm32f1xx_hal_tim_ex.c ****   {
1328:Drivers/STM32F1xx_HAL_Driver/Src/stm32f1xx_hal_tim_ex.c ****     return HAL_BUSY;
1329:Drivers/STM32F1xx_HAL_Driver/Src/stm32f1xx_hal_tim_ex.c ****   }
1330:Drivers/STM32F1xx_HAL_Driver/Src/stm32f1xx_hal_tim_ex.c ****   else if (TIM_CHANNEL_N_STATE_GET(htim, Channel) == HAL_TIM_CHANNEL_STATE_READY)
1331:Drivers/STM32F1xx_HAL_Driver/Src/stm32f1xx_hal_tim_ex.c ****   {
1332:Drivers/STM32F1xx_HAL_Driver/Src/stm32f1xx_hal_tim_ex.c ****     if ((pData == NULL) && (Length > 0U))
1333:Drivers/STM32F1xx_HAL_Driver/Src/stm32f1xx_hal_tim_ex.c ****     {
1334:Drivers/STM32F1xx_HAL_Driver/Src/stm32f1xx_hal_tim_ex.c ****       return HAL_ERROR;
1335:Drivers/STM32F1xx_HAL_Driver/Src/stm32f1xx_hal_tim_ex.c ****     }
1336:Drivers/STM32F1xx_HAL_Driver/Src/stm32f1xx_hal_tim_ex.c ****     else
1337:Drivers/STM32F1xx_HAL_Driver/Src/stm32f1xx_hal_tim_ex.c ****     {
1338:Drivers/STM32F1xx_HAL_Driver/Src/stm32f1xx_hal_tim_ex.c ****       TIM_CHANNEL_N_STATE_SET(htim, Channel, HAL_TIM_CHANNEL_STATE_BUSY);
1339:Drivers/STM32F1xx_HAL_Driver/Src/stm32f1xx_hal_tim_ex.c ****     }
1340:Drivers/STM32F1xx_HAL_Driver/Src/stm32f1xx_hal_tim_ex.c ****   }
1341:Drivers/STM32F1xx_HAL_Driver/Src/stm32f1xx_hal_tim_ex.c ****   else
1342:Drivers/STM32F1xx_HAL_Driver/Src/stm32f1xx_hal_tim_ex.c ****   {
1343:Drivers/STM32F1xx_HAL_Driver/Src/stm32f1xx_hal_tim_ex.c ****     return HAL_ERROR;
ARM GAS  C:\Users\Korisnik\AppData\Local\Temp\cckoF0Cb.s 			page 25


1344:Drivers/STM32F1xx_HAL_Driver/Src/stm32f1xx_hal_tim_ex.c ****   }
1345:Drivers/STM32F1xx_HAL_Driver/Src/stm32f1xx_hal_tim_ex.c **** 
1346:Drivers/STM32F1xx_HAL_Driver/Src/stm32f1xx_hal_tim_ex.c ****   switch (Channel)
1347:Drivers/STM32F1xx_HAL_Driver/Src/stm32f1xx_hal_tim_ex.c ****   {
1348:Drivers/STM32F1xx_HAL_Driver/Src/stm32f1xx_hal_tim_ex.c ****     case TIM_CHANNEL_1:
1349:Drivers/STM32F1xx_HAL_Driver/Src/stm32f1xx_hal_tim_ex.c ****     {
1350:Drivers/STM32F1xx_HAL_Driver/Src/stm32f1xx_hal_tim_ex.c ****       /* Set the DMA compare callbacks */
1351:Drivers/STM32F1xx_HAL_Driver/Src/stm32f1xx_hal_tim_ex.c ****       htim->hdma[TIM_DMA_ID_CC1]->XferCpltCallback = TIM_DMADelayPulseNCplt;
1352:Drivers/STM32F1xx_HAL_Driver/Src/stm32f1xx_hal_tim_ex.c ****       htim->hdma[TIM_DMA_ID_CC1]->XferHalfCpltCallback = TIM_DMADelayPulseHalfCplt;
1353:Drivers/STM32F1xx_HAL_Driver/Src/stm32f1xx_hal_tim_ex.c **** 
1354:Drivers/STM32F1xx_HAL_Driver/Src/stm32f1xx_hal_tim_ex.c ****       /* Set the DMA error callback */
1355:Drivers/STM32F1xx_HAL_Driver/Src/stm32f1xx_hal_tim_ex.c ****       htim->hdma[TIM_DMA_ID_CC1]->XferErrorCallback = TIM_DMAErrorCCxN ;
1356:Drivers/STM32F1xx_HAL_Driver/Src/stm32f1xx_hal_tim_ex.c **** 
1357:Drivers/STM32F1xx_HAL_Driver/Src/stm32f1xx_hal_tim_ex.c ****       /* Enable the DMA channel */
1358:Drivers/STM32F1xx_HAL_Driver/Src/stm32f1xx_hal_tim_ex.c ****       if (HAL_DMA_Start_IT(htim->hdma[TIM_DMA_ID_CC1], (uint32_t)pData, (uint32_t)&htim->Instance->
1359:Drivers/STM32F1xx_HAL_Driver/Src/stm32f1xx_hal_tim_ex.c ****                          Length) != HAL_OK)
1360:Drivers/STM32F1xx_HAL_Driver/Src/stm32f1xx_hal_tim_ex.c ****       {
1361:Drivers/STM32F1xx_HAL_Driver/Src/stm32f1xx_hal_tim_ex.c ****         /* Return error status */
1362:Drivers/STM32F1xx_HAL_Driver/Src/stm32f1xx_hal_tim_ex.c ****         return HAL_ERROR;
1363:Drivers/STM32F1xx_HAL_Driver/Src/stm32f1xx_hal_tim_ex.c ****       }
1364:Drivers/STM32F1xx_HAL_Driver/Src/stm32f1xx_hal_tim_ex.c ****       /* Enable the TIM Capture/Compare 1 DMA request */
1365:Drivers/STM32F1xx_HAL_Driver/Src/stm32f1xx_hal_tim_ex.c ****       __HAL_TIM_ENABLE_DMA(htim, TIM_DMA_CC1);
1366:Drivers/STM32F1xx_HAL_Driver/Src/stm32f1xx_hal_tim_ex.c ****       break;
1367:Drivers/STM32F1xx_HAL_Driver/Src/stm32f1xx_hal_tim_ex.c ****     }
1368:Drivers/STM32F1xx_HAL_Driver/Src/stm32f1xx_hal_tim_ex.c **** 
1369:Drivers/STM32F1xx_HAL_Driver/Src/stm32f1xx_hal_tim_ex.c ****     case TIM_CHANNEL_2:
1370:Drivers/STM32F1xx_HAL_Driver/Src/stm32f1xx_hal_tim_ex.c ****     {
1371:Drivers/STM32F1xx_HAL_Driver/Src/stm32f1xx_hal_tim_ex.c ****       /* Set the DMA compare callbacks */
1372:Drivers/STM32F1xx_HAL_Driver/Src/stm32f1xx_hal_tim_ex.c ****       htim->hdma[TIM_DMA_ID_CC2]->XferCpltCallback = TIM_DMADelayPulseNCplt;
1373:Drivers/STM32F1xx_HAL_Driver/Src/stm32f1xx_hal_tim_ex.c ****       htim->hdma[TIM_DMA_ID_CC2]->XferHalfCpltCallback = TIM_DMADelayPulseHalfCplt;
1374:Drivers/STM32F1xx_HAL_Driver/Src/stm32f1xx_hal_tim_ex.c **** 
1375:Drivers/STM32F1xx_HAL_Driver/Src/stm32f1xx_hal_tim_ex.c ****       /* Set the DMA error callback */
1376:Drivers/STM32F1xx_HAL_Driver/Src/stm32f1xx_hal_tim_ex.c ****       htim->hdma[TIM_DMA_ID_CC2]->XferErrorCallback = TIM_DMAErrorCCxN ;
1377:Drivers/STM32F1xx_HAL_Driver/Src/stm32f1xx_hal_tim_ex.c **** 
1378:Drivers/STM32F1xx_HAL_Driver/Src/stm32f1xx_hal_tim_ex.c ****       /* Enable the DMA channel */
1379:Drivers/STM32F1xx_HAL_Driver/Src/stm32f1xx_hal_tim_ex.c ****       if (HAL_DMA_Start_IT(htim->hdma[TIM_DMA_ID_CC2], (uint32_t)pData, (uint32_t)&htim->Instance->
1380:Drivers/STM32F1xx_HAL_Driver/Src/stm32f1xx_hal_tim_ex.c ****                          Length) != HAL_OK)
1381:Drivers/STM32F1xx_HAL_Driver/Src/stm32f1xx_hal_tim_ex.c ****       {
1382:Drivers/STM32F1xx_HAL_Driver/Src/stm32f1xx_hal_tim_ex.c ****         /* Return error status */
1383:Drivers/STM32F1xx_HAL_Driver/Src/stm32f1xx_hal_tim_ex.c ****         return HAL_ERROR;
1384:Drivers/STM32F1xx_HAL_Driver/Src/stm32f1xx_hal_tim_ex.c ****       }
1385:Drivers/STM32F1xx_HAL_Driver/Src/stm32f1xx_hal_tim_ex.c ****       /* Enable the TIM Capture/Compare 2 DMA request */
1386:Drivers/STM32F1xx_HAL_Driver/Src/stm32f1xx_hal_tim_ex.c ****       __HAL_TIM_ENABLE_DMA(htim, TIM_DMA_CC2);
1387:Drivers/STM32F1xx_HAL_Driver/Src/stm32f1xx_hal_tim_ex.c ****       break;
1388:Drivers/STM32F1xx_HAL_Driver/Src/stm32f1xx_hal_tim_ex.c ****     }
1389:Drivers/STM32F1xx_HAL_Driver/Src/stm32f1xx_hal_tim_ex.c **** 
1390:Drivers/STM32F1xx_HAL_Driver/Src/stm32f1xx_hal_tim_ex.c ****     case TIM_CHANNEL_3:
1391:Drivers/STM32F1xx_HAL_Driver/Src/stm32f1xx_hal_tim_ex.c ****     {
1392:Drivers/STM32F1xx_HAL_Driver/Src/stm32f1xx_hal_tim_ex.c ****       /* Set the DMA compare callbacks */
1393:Drivers/STM32F1xx_HAL_Driver/Src/stm32f1xx_hal_tim_ex.c ****       htim->hdma[TIM_DMA_ID_CC3]->XferCpltCallback = TIM_DMADelayPulseNCplt;
1394:Drivers/STM32F1xx_HAL_Driver/Src/stm32f1xx_hal_tim_ex.c ****       htim->hdma[TIM_DMA_ID_CC3]->XferHalfCpltCallback = TIM_DMADelayPulseHalfCplt;
1395:Drivers/STM32F1xx_HAL_Driver/Src/stm32f1xx_hal_tim_ex.c **** 
1396:Drivers/STM32F1xx_HAL_Driver/Src/stm32f1xx_hal_tim_ex.c ****       /* Set the DMA error callback */
1397:Drivers/STM32F1xx_HAL_Driver/Src/stm32f1xx_hal_tim_ex.c ****       htim->hdma[TIM_DMA_ID_CC3]->XferErrorCallback = TIM_DMAErrorCCxN ;
1398:Drivers/STM32F1xx_HAL_Driver/Src/stm32f1xx_hal_tim_ex.c **** 
1399:Drivers/STM32F1xx_HAL_Driver/Src/stm32f1xx_hal_tim_ex.c ****       /* Enable the DMA channel */
1400:Drivers/STM32F1xx_HAL_Driver/Src/stm32f1xx_hal_tim_ex.c ****       if (HAL_DMA_Start_IT(htim->hdma[TIM_DMA_ID_CC3], (uint32_t)pData, (uint32_t)&htim->Instance->
ARM GAS  C:\Users\Korisnik\AppData\Local\Temp\cckoF0Cb.s 			page 26


1401:Drivers/STM32F1xx_HAL_Driver/Src/stm32f1xx_hal_tim_ex.c ****                          Length) != HAL_OK)
1402:Drivers/STM32F1xx_HAL_Driver/Src/stm32f1xx_hal_tim_ex.c ****       {
1403:Drivers/STM32F1xx_HAL_Driver/Src/stm32f1xx_hal_tim_ex.c ****         /* Return error status */
1404:Drivers/STM32F1xx_HAL_Driver/Src/stm32f1xx_hal_tim_ex.c ****         return HAL_ERROR;
1405:Drivers/STM32F1xx_HAL_Driver/Src/stm32f1xx_hal_tim_ex.c ****       }
1406:Drivers/STM32F1xx_HAL_Driver/Src/stm32f1xx_hal_tim_ex.c ****       /* Enable the TIM Capture/Compare 3 DMA request */
1407:Drivers/STM32F1xx_HAL_Driver/Src/stm32f1xx_hal_tim_ex.c ****       __HAL_TIM_ENABLE_DMA(htim, TIM_DMA_CC3);
1408:Drivers/STM32F1xx_HAL_Driver/Src/stm32f1xx_hal_tim_ex.c ****       break;
1409:Drivers/STM32F1xx_HAL_Driver/Src/stm32f1xx_hal_tim_ex.c ****     }
1410:Drivers/STM32F1xx_HAL_Driver/Src/stm32f1xx_hal_tim_ex.c **** 
1411:Drivers/STM32F1xx_HAL_Driver/Src/stm32f1xx_hal_tim_ex.c ****     default:
1412:Drivers/STM32F1xx_HAL_Driver/Src/stm32f1xx_hal_tim_ex.c ****       break;
1413:Drivers/STM32F1xx_HAL_Driver/Src/stm32f1xx_hal_tim_ex.c ****   }
1414:Drivers/STM32F1xx_HAL_Driver/Src/stm32f1xx_hal_tim_ex.c **** 
1415:Drivers/STM32F1xx_HAL_Driver/Src/stm32f1xx_hal_tim_ex.c ****   /* Enable the complementary PWM output  */
1416:Drivers/STM32F1xx_HAL_Driver/Src/stm32f1xx_hal_tim_ex.c ****   TIM_CCxNChannelCmd(htim->Instance, Channel, TIM_CCxN_ENABLE);
1417:Drivers/STM32F1xx_HAL_Driver/Src/stm32f1xx_hal_tim_ex.c **** 
1418:Drivers/STM32F1xx_HAL_Driver/Src/stm32f1xx_hal_tim_ex.c ****   /* Enable the Main Output */
1419:Drivers/STM32F1xx_HAL_Driver/Src/stm32f1xx_hal_tim_ex.c ****   __HAL_TIM_MOE_ENABLE(htim);
1420:Drivers/STM32F1xx_HAL_Driver/Src/stm32f1xx_hal_tim_ex.c **** 
1421:Drivers/STM32F1xx_HAL_Driver/Src/stm32f1xx_hal_tim_ex.c ****   /* Enable the Peripheral, except in trigger mode where enable is automatically done with trigger 
1422:Drivers/STM32F1xx_HAL_Driver/Src/stm32f1xx_hal_tim_ex.c ****   if (IS_TIM_SLAVE_INSTANCE(htim->Instance))
1423:Drivers/STM32F1xx_HAL_Driver/Src/stm32f1xx_hal_tim_ex.c ****   {
1424:Drivers/STM32F1xx_HAL_Driver/Src/stm32f1xx_hal_tim_ex.c ****     tmpsmcr = htim->Instance->SMCR & TIM_SMCR_SMS;
1425:Drivers/STM32F1xx_HAL_Driver/Src/stm32f1xx_hal_tim_ex.c ****     if (!IS_TIM_SLAVEMODE_TRIGGER_ENABLED(tmpsmcr))
1426:Drivers/STM32F1xx_HAL_Driver/Src/stm32f1xx_hal_tim_ex.c ****     {
1427:Drivers/STM32F1xx_HAL_Driver/Src/stm32f1xx_hal_tim_ex.c ****       __HAL_TIM_ENABLE(htim);
1428:Drivers/STM32F1xx_HAL_Driver/Src/stm32f1xx_hal_tim_ex.c ****     }
1429:Drivers/STM32F1xx_HAL_Driver/Src/stm32f1xx_hal_tim_ex.c ****   }
1430:Drivers/STM32F1xx_HAL_Driver/Src/stm32f1xx_hal_tim_ex.c ****   else
1431:Drivers/STM32F1xx_HAL_Driver/Src/stm32f1xx_hal_tim_ex.c ****   {
1432:Drivers/STM32F1xx_HAL_Driver/Src/stm32f1xx_hal_tim_ex.c ****     __HAL_TIM_ENABLE(htim);
1433:Drivers/STM32F1xx_HAL_Driver/Src/stm32f1xx_hal_tim_ex.c ****   }
1434:Drivers/STM32F1xx_HAL_Driver/Src/stm32f1xx_hal_tim_ex.c **** 
1435:Drivers/STM32F1xx_HAL_Driver/Src/stm32f1xx_hal_tim_ex.c ****   /* Return function status */
1436:Drivers/STM32F1xx_HAL_Driver/Src/stm32f1xx_hal_tim_ex.c ****   return HAL_OK;
1437:Drivers/STM32F1xx_HAL_Driver/Src/stm32f1xx_hal_tim_ex.c **** }
1438:Drivers/STM32F1xx_HAL_Driver/Src/stm32f1xx_hal_tim_ex.c **** 
1439:Drivers/STM32F1xx_HAL_Driver/Src/stm32f1xx_hal_tim_ex.c **** /**
1440:Drivers/STM32F1xx_HAL_Driver/Src/stm32f1xx_hal_tim_ex.c ****   * @brief  Stops the TIM PWM signal generation in DMA mode on the complementary
1441:Drivers/STM32F1xx_HAL_Driver/Src/stm32f1xx_hal_tim_ex.c ****   *         output
1442:Drivers/STM32F1xx_HAL_Driver/Src/stm32f1xx_hal_tim_ex.c ****   * @param  htim TIM handle
1443:Drivers/STM32F1xx_HAL_Driver/Src/stm32f1xx_hal_tim_ex.c ****   * @param  Channel TIM Channel to be disabled
1444:Drivers/STM32F1xx_HAL_Driver/Src/stm32f1xx_hal_tim_ex.c ****   *          This parameter can be one of the following values:
1445:Drivers/STM32F1xx_HAL_Driver/Src/stm32f1xx_hal_tim_ex.c ****   *            @arg TIM_CHANNEL_1: TIM Channel 1 selected
1446:Drivers/STM32F1xx_HAL_Driver/Src/stm32f1xx_hal_tim_ex.c ****   *            @arg TIM_CHANNEL_2: TIM Channel 2 selected
1447:Drivers/STM32F1xx_HAL_Driver/Src/stm32f1xx_hal_tim_ex.c ****   *            @arg TIM_CHANNEL_3: TIM Channel 3 selected
1448:Drivers/STM32F1xx_HAL_Driver/Src/stm32f1xx_hal_tim_ex.c ****   * @retval HAL status
1449:Drivers/STM32F1xx_HAL_Driver/Src/stm32f1xx_hal_tim_ex.c ****   */
1450:Drivers/STM32F1xx_HAL_Driver/Src/stm32f1xx_hal_tim_ex.c **** HAL_StatusTypeDef HAL_TIMEx_PWMN_Stop_DMA(TIM_HandleTypeDef *htim, uint32_t Channel)
1451:Drivers/STM32F1xx_HAL_Driver/Src/stm32f1xx_hal_tim_ex.c **** {
1452:Drivers/STM32F1xx_HAL_Driver/Src/stm32f1xx_hal_tim_ex.c ****   /* Check the parameters */
1453:Drivers/STM32F1xx_HAL_Driver/Src/stm32f1xx_hal_tim_ex.c ****   assert_param(IS_TIM_CCXN_INSTANCE(htim->Instance, Channel));
1454:Drivers/STM32F1xx_HAL_Driver/Src/stm32f1xx_hal_tim_ex.c **** 
1455:Drivers/STM32F1xx_HAL_Driver/Src/stm32f1xx_hal_tim_ex.c ****   switch (Channel)
1456:Drivers/STM32F1xx_HAL_Driver/Src/stm32f1xx_hal_tim_ex.c ****   {
1457:Drivers/STM32F1xx_HAL_Driver/Src/stm32f1xx_hal_tim_ex.c ****     case TIM_CHANNEL_1:
ARM GAS  C:\Users\Korisnik\AppData\Local\Temp\cckoF0Cb.s 			page 27


1458:Drivers/STM32F1xx_HAL_Driver/Src/stm32f1xx_hal_tim_ex.c ****     {
1459:Drivers/STM32F1xx_HAL_Driver/Src/stm32f1xx_hal_tim_ex.c ****       /* Disable the TIM Capture/Compare 1 DMA request */
1460:Drivers/STM32F1xx_HAL_Driver/Src/stm32f1xx_hal_tim_ex.c ****       __HAL_TIM_DISABLE_DMA(htim, TIM_DMA_CC1);
1461:Drivers/STM32F1xx_HAL_Driver/Src/stm32f1xx_hal_tim_ex.c ****       (void)HAL_DMA_Abort_IT(htim->hdma[TIM_DMA_ID_CC1]);
1462:Drivers/STM32F1xx_HAL_Driver/Src/stm32f1xx_hal_tim_ex.c ****       break;
1463:Drivers/STM32F1xx_HAL_Driver/Src/stm32f1xx_hal_tim_ex.c ****     }
1464:Drivers/STM32F1xx_HAL_Driver/Src/stm32f1xx_hal_tim_ex.c **** 
1465:Drivers/STM32F1xx_HAL_Driver/Src/stm32f1xx_hal_tim_ex.c ****     case TIM_CHANNEL_2:
1466:Drivers/STM32F1xx_HAL_Driver/Src/stm32f1xx_hal_tim_ex.c ****     {
1467:Drivers/STM32F1xx_HAL_Driver/Src/stm32f1xx_hal_tim_ex.c ****       /* Disable the TIM Capture/Compare 2 DMA request */
1468:Drivers/STM32F1xx_HAL_Driver/Src/stm32f1xx_hal_tim_ex.c ****       __HAL_TIM_DISABLE_DMA(htim, TIM_DMA_CC2);
1469:Drivers/STM32F1xx_HAL_Driver/Src/stm32f1xx_hal_tim_ex.c ****       (void)HAL_DMA_Abort_IT(htim->hdma[TIM_DMA_ID_CC2]);
1470:Drivers/STM32F1xx_HAL_Driver/Src/stm32f1xx_hal_tim_ex.c ****       break;
1471:Drivers/STM32F1xx_HAL_Driver/Src/stm32f1xx_hal_tim_ex.c ****     }
1472:Drivers/STM32F1xx_HAL_Driver/Src/stm32f1xx_hal_tim_ex.c **** 
1473:Drivers/STM32F1xx_HAL_Driver/Src/stm32f1xx_hal_tim_ex.c ****     case TIM_CHANNEL_3:
1474:Drivers/STM32F1xx_HAL_Driver/Src/stm32f1xx_hal_tim_ex.c ****     {
1475:Drivers/STM32F1xx_HAL_Driver/Src/stm32f1xx_hal_tim_ex.c ****       /* Disable the TIM Capture/Compare 3 DMA request */
1476:Drivers/STM32F1xx_HAL_Driver/Src/stm32f1xx_hal_tim_ex.c ****       __HAL_TIM_DISABLE_DMA(htim, TIM_DMA_CC3);
1477:Drivers/STM32F1xx_HAL_Driver/Src/stm32f1xx_hal_tim_ex.c ****       (void)HAL_DMA_Abort_IT(htim->hdma[TIM_DMA_ID_CC3]);
1478:Drivers/STM32F1xx_HAL_Driver/Src/stm32f1xx_hal_tim_ex.c ****       break;
1479:Drivers/STM32F1xx_HAL_Driver/Src/stm32f1xx_hal_tim_ex.c ****     }
1480:Drivers/STM32F1xx_HAL_Driver/Src/stm32f1xx_hal_tim_ex.c **** 
1481:Drivers/STM32F1xx_HAL_Driver/Src/stm32f1xx_hal_tim_ex.c ****     default:
1482:Drivers/STM32F1xx_HAL_Driver/Src/stm32f1xx_hal_tim_ex.c ****       break;
1483:Drivers/STM32F1xx_HAL_Driver/Src/stm32f1xx_hal_tim_ex.c ****   }
1484:Drivers/STM32F1xx_HAL_Driver/Src/stm32f1xx_hal_tim_ex.c **** 
1485:Drivers/STM32F1xx_HAL_Driver/Src/stm32f1xx_hal_tim_ex.c ****   /* Disable the complementary PWM output */
1486:Drivers/STM32F1xx_HAL_Driver/Src/stm32f1xx_hal_tim_ex.c ****   TIM_CCxNChannelCmd(htim->Instance, Channel, TIM_CCxN_DISABLE);
1487:Drivers/STM32F1xx_HAL_Driver/Src/stm32f1xx_hal_tim_ex.c **** 
1488:Drivers/STM32F1xx_HAL_Driver/Src/stm32f1xx_hal_tim_ex.c ****   /* Disable the Main Output */
1489:Drivers/STM32F1xx_HAL_Driver/Src/stm32f1xx_hal_tim_ex.c ****   __HAL_TIM_MOE_DISABLE(htim);
1490:Drivers/STM32F1xx_HAL_Driver/Src/stm32f1xx_hal_tim_ex.c **** 
1491:Drivers/STM32F1xx_HAL_Driver/Src/stm32f1xx_hal_tim_ex.c ****   /* Disable the Peripheral */
1492:Drivers/STM32F1xx_HAL_Driver/Src/stm32f1xx_hal_tim_ex.c ****   __HAL_TIM_DISABLE(htim);
1493:Drivers/STM32F1xx_HAL_Driver/Src/stm32f1xx_hal_tim_ex.c **** 
1494:Drivers/STM32F1xx_HAL_Driver/Src/stm32f1xx_hal_tim_ex.c ****   /* Set the TIM complementary channel state */
1495:Drivers/STM32F1xx_HAL_Driver/Src/stm32f1xx_hal_tim_ex.c ****   TIM_CHANNEL_N_STATE_SET(htim, Channel, HAL_TIM_CHANNEL_STATE_READY);
1496:Drivers/STM32F1xx_HAL_Driver/Src/stm32f1xx_hal_tim_ex.c **** 
1497:Drivers/STM32F1xx_HAL_Driver/Src/stm32f1xx_hal_tim_ex.c ****   /* Return function status */
1498:Drivers/STM32F1xx_HAL_Driver/Src/stm32f1xx_hal_tim_ex.c ****   return HAL_OK;
1499:Drivers/STM32F1xx_HAL_Driver/Src/stm32f1xx_hal_tim_ex.c **** }
1500:Drivers/STM32F1xx_HAL_Driver/Src/stm32f1xx_hal_tim_ex.c **** 
1501:Drivers/STM32F1xx_HAL_Driver/Src/stm32f1xx_hal_tim_ex.c **** /**
1502:Drivers/STM32F1xx_HAL_Driver/Src/stm32f1xx_hal_tim_ex.c ****   * @}
1503:Drivers/STM32F1xx_HAL_Driver/Src/stm32f1xx_hal_tim_ex.c ****   */
1504:Drivers/STM32F1xx_HAL_Driver/Src/stm32f1xx_hal_tim_ex.c **** 
1505:Drivers/STM32F1xx_HAL_Driver/Src/stm32f1xx_hal_tim_ex.c **** /** @defgroup TIMEx_Exported_Functions_Group4 Extended Timer Complementary One Pulse functions
1506:Drivers/STM32F1xx_HAL_Driver/Src/stm32f1xx_hal_tim_ex.c ****   * @brief    Timer Complementary One Pulse functions
1507:Drivers/STM32F1xx_HAL_Driver/Src/stm32f1xx_hal_tim_ex.c ****   *
1508:Drivers/STM32F1xx_HAL_Driver/Src/stm32f1xx_hal_tim_ex.c **** @verbatim
1509:Drivers/STM32F1xx_HAL_Driver/Src/stm32f1xx_hal_tim_ex.c ****   ==============================================================================
1510:Drivers/STM32F1xx_HAL_Driver/Src/stm32f1xx_hal_tim_ex.c ****                 ##### Timer Complementary One Pulse functions #####
1511:Drivers/STM32F1xx_HAL_Driver/Src/stm32f1xx_hal_tim_ex.c ****   ==============================================================================
1512:Drivers/STM32F1xx_HAL_Driver/Src/stm32f1xx_hal_tim_ex.c ****   [..]
1513:Drivers/STM32F1xx_HAL_Driver/Src/stm32f1xx_hal_tim_ex.c ****     This section provides functions allowing to:
1514:Drivers/STM32F1xx_HAL_Driver/Src/stm32f1xx_hal_tim_ex.c ****     (+) Start the Complementary One Pulse generation.
ARM GAS  C:\Users\Korisnik\AppData\Local\Temp\cckoF0Cb.s 			page 28


1515:Drivers/STM32F1xx_HAL_Driver/Src/stm32f1xx_hal_tim_ex.c ****     (+) Stop the Complementary One Pulse.
1516:Drivers/STM32F1xx_HAL_Driver/Src/stm32f1xx_hal_tim_ex.c ****     (+) Start the Complementary One Pulse and enable interrupts.
1517:Drivers/STM32F1xx_HAL_Driver/Src/stm32f1xx_hal_tim_ex.c ****     (+) Stop the Complementary One Pulse and disable interrupts.
1518:Drivers/STM32F1xx_HAL_Driver/Src/stm32f1xx_hal_tim_ex.c **** 
1519:Drivers/STM32F1xx_HAL_Driver/Src/stm32f1xx_hal_tim_ex.c **** @endverbatim
1520:Drivers/STM32F1xx_HAL_Driver/Src/stm32f1xx_hal_tim_ex.c ****   * @{
1521:Drivers/STM32F1xx_HAL_Driver/Src/stm32f1xx_hal_tim_ex.c ****   */
1522:Drivers/STM32F1xx_HAL_Driver/Src/stm32f1xx_hal_tim_ex.c **** 
1523:Drivers/STM32F1xx_HAL_Driver/Src/stm32f1xx_hal_tim_ex.c **** /**
1524:Drivers/STM32F1xx_HAL_Driver/Src/stm32f1xx_hal_tim_ex.c ****   * @brief  Starts the TIM One Pulse signal generation on the complementary
1525:Drivers/STM32F1xx_HAL_Driver/Src/stm32f1xx_hal_tim_ex.c ****   *         output.
1526:Drivers/STM32F1xx_HAL_Driver/Src/stm32f1xx_hal_tim_ex.c ****   * @note OutputChannel must match the pulse output channel chosen when calling
1527:Drivers/STM32F1xx_HAL_Driver/Src/stm32f1xx_hal_tim_ex.c ****   *       @ref HAL_TIM_OnePulse_ConfigChannel().
1528:Drivers/STM32F1xx_HAL_Driver/Src/stm32f1xx_hal_tim_ex.c ****   * @param  htim TIM One Pulse handle
1529:Drivers/STM32F1xx_HAL_Driver/Src/stm32f1xx_hal_tim_ex.c ****   * @param  OutputChannel pulse output channel to enable
1530:Drivers/STM32F1xx_HAL_Driver/Src/stm32f1xx_hal_tim_ex.c ****   *          This parameter can be one of the following values:
1531:Drivers/STM32F1xx_HAL_Driver/Src/stm32f1xx_hal_tim_ex.c ****   *            @arg TIM_CHANNEL_1: TIM Channel 1 selected
1532:Drivers/STM32F1xx_HAL_Driver/Src/stm32f1xx_hal_tim_ex.c ****   *            @arg TIM_CHANNEL_2: TIM Channel 2 selected
1533:Drivers/STM32F1xx_HAL_Driver/Src/stm32f1xx_hal_tim_ex.c ****   * @retval HAL status
1534:Drivers/STM32F1xx_HAL_Driver/Src/stm32f1xx_hal_tim_ex.c ****   */
1535:Drivers/STM32F1xx_HAL_Driver/Src/stm32f1xx_hal_tim_ex.c **** HAL_StatusTypeDef HAL_TIMEx_OnePulseN_Start(TIM_HandleTypeDef *htim, uint32_t OutputChannel)
1536:Drivers/STM32F1xx_HAL_Driver/Src/stm32f1xx_hal_tim_ex.c **** {
1537:Drivers/STM32F1xx_HAL_Driver/Src/stm32f1xx_hal_tim_ex.c ****   uint32_t input_channel = (OutputChannel == TIM_CHANNEL_1) ? TIM_CHANNEL_2 : TIM_CHANNEL_1;
1538:Drivers/STM32F1xx_HAL_Driver/Src/stm32f1xx_hal_tim_ex.c ****   HAL_TIM_ChannelStateTypeDef channel_1_state = TIM_CHANNEL_STATE_GET(htim, TIM_CHANNEL_1);
1539:Drivers/STM32F1xx_HAL_Driver/Src/stm32f1xx_hal_tim_ex.c ****   HAL_TIM_ChannelStateTypeDef channel_2_state = TIM_CHANNEL_STATE_GET(htim, TIM_CHANNEL_2);
1540:Drivers/STM32F1xx_HAL_Driver/Src/stm32f1xx_hal_tim_ex.c ****   HAL_TIM_ChannelStateTypeDef complementary_channel_1_state = TIM_CHANNEL_N_STATE_GET(htim, TIM_CHA
1541:Drivers/STM32F1xx_HAL_Driver/Src/stm32f1xx_hal_tim_ex.c ****   HAL_TIM_ChannelStateTypeDef complementary_channel_2_state = TIM_CHANNEL_N_STATE_GET(htim, TIM_CHA
1542:Drivers/STM32F1xx_HAL_Driver/Src/stm32f1xx_hal_tim_ex.c **** 
1543:Drivers/STM32F1xx_HAL_Driver/Src/stm32f1xx_hal_tim_ex.c ****   /* Check the parameters */
1544:Drivers/STM32F1xx_HAL_Driver/Src/stm32f1xx_hal_tim_ex.c ****   assert_param(IS_TIM_CCXN_INSTANCE(htim->Instance, OutputChannel));
1545:Drivers/STM32F1xx_HAL_Driver/Src/stm32f1xx_hal_tim_ex.c **** 
1546:Drivers/STM32F1xx_HAL_Driver/Src/stm32f1xx_hal_tim_ex.c ****   /* Check the TIM channels state */
1547:Drivers/STM32F1xx_HAL_Driver/Src/stm32f1xx_hal_tim_ex.c ****   if ((channel_1_state != HAL_TIM_CHANNEL_STATE_READY)
1548:Drivers/STM32F1xx_HAL_Driver/Src/stm32f1xx_hal_tim_ex.c ****       || (channel_2_state != HAL_TIM_CHANNEL_STATE_READY)
1549:Drivers/STM32F1xx_HAL_Driver/Src/stm32f1xx_hal_tim_ex.c ****       || (complementary_channel_1_state != HAL_TIM_CHANNEL_STATE_READY)
1550:Drivers/STM32F1xx_HAL_Driver/Src/stm32f1xx_hal_tim_ex.c ****       || (complementary_channel_2_state != HAL_TIM_CHANNEL_STATE_READY))
1551:Drivers/STM32F1xx_HAL_Driver/Src/stm32f1xx_hal_tim_ex.c ****   {
1552:Drivers/STM32F1xx_HAL_Driver/Src/stm32f1xx_hal_tim_ex.c ****     return HAL_ERROR;
1553:Drivers/STM32F1xx_HAL_Driver/Src/stm32f1xx_hal_tim_ex.c ****   }
1554:Drivers/STM32F1xx_HAL_Driver/Src/stm32f1xx_hal_tim_ex.c **** 
1555:Drivers/STM32F1xx_HAL_Driver/Src/stm32f1xx_hal_tim_ex.c ****   /* Set the TIM channels state */
1556:Drivers/STM32F1xx_HAL_Driver/Src/stm32f1xx_hal_tim_ex.c ****   TIM_CHANNEL_STATE_SET(htim, TIM_CHANNEL_1, HAL_TIM_CHANNEL_STATE_BUSY);
1557:Drivers/STM32F1xx_HAL_Driver/Src/stm32f1xx_hal_tim_ex.c ****   TIM_CHANNEL_STATE_SET(htim, TIM_CHANNEL_2, HAL_TIM_CHANNEL_STATE_BUSY);
1558:Drivers/STM32F1xx_HAL_Driver/Src/stm32f1xx_hal_tim_ex.c ****   TIM_CHANNEL_N_STATE_SET(htim, TIM_CHANNEL_1, HAL_TIM_CHANNEL_STATE_BUSY);
1559:Drivers/STM32F1xx_HAL_Driver/Src/stm32f1xx_hal_tim_ex.c ****   TIM_CHANNEL_N_STATE_SET(htim, TIM_CHANNEL_2, HAL_TIM_CHANNEL_STATE_BUSY);
1560:Drivers/STM32F1xx_HAL_Driver/Src/stm32f1xx_hal_tim_ex.c **** 
1561:Drivers/STM32F1xx_HAL_Driver/Src/stm32f1xx_hal_tim_ex.c ****   /* Enable the complementary One Pulse output channel and the Input Capture channel */
1562:Drivers/STM32F1xx_HAL_Driver/Src/stm32f1xx_hal_tim_ex.c ****   TIM_CCxNChannelCmd(htim->Instance, OutputChannel, TIM_CCxN_ENABLE);
1563:Drivers/STM32F1xx_HAL_Driver/Src/stm32f1xx_hal_tim_ex.c ****   TIM_CCxChannelCmd(htim->Instance, input_channel, TIM_CCx_ENABLE);
1564:Drivers/STM32F1xx_HAL_Driver/Src/stm32f1xx_hal_tim_ex.c **** 
1565:Drivers/STM32F1xx_HAL_Driver/Src/stm32f1xx_hal_tim_ex.c ****   /* Enable the Main Output */
1566:Drivers/STM32F1xx_HAL_Driver/Src/stm32f1xx_hal_tim_ex.c ****   __HAL_TIM_MOE_ENABLE(htim);
1567:Drivers/STM32F1xx_HAL_Driver/Src/stm32f1xx_hal_tim_ex.c **** 
1568:Drivers/STM32F1xx_HAL_Driver/Src/stm32f1xx_hal_tim_ex.c ****   /* Return function status */
1569:Drivers/STM32F1xx_HAL_Driver/Src/stm32f1xx_hal_tim_ex.c ****   return HAL_OK;
1570:Drivers/STM32F1xx_HAL_Driver/Src/stm32f1xx_hal_tim_ex.c **** }
1571:Drivers/STM32F1xx_HAL_Driver/Src/stm32f1xx_hal_tim_ex.c **** 
ARM GAS  C:\Users\Korisnik\AppData\Local\Temp\cckoF0Cb.s 			page 29


1572:Drivers/STM32F1xx_HAL_Driver/Src/stm32f1xx_hal_tim_ex.c **** /**
1573:Drivers/STM32F1xx_HAL_Driver/Src/stm32f1xx_hal_tim_ex.c ****   * @brief  Stops the TIM One Pulse signal generation on the complementary
1574:Drivers/STM32F1xx_HAL_Driver/Src/stm32f1xx_hal_tim_ex.c ****   *         output.
1575:Drivers/STM32F1xx_HAL_Driver/Src/stm32f1xx_hal_tim_ex.c ****   * @note OutputChannel must match the pulse output channel chosen when calling
1576:Drivers/STM32F1xx_HAL_Driver/Src/stm32f1xx_hal_tim_ex.c ****   *       @ref HAL_TIM_OnePulse_ConfigChannel().
1577:Drivers/STM32F1xx_HAL_Driver/Src/stm32f1xx_hal_tim_ex.c ****   * @param  htim TIM One Pulse handle
1578:Drivers/STM32F1xx_HAL_Driver/Src/stm32f1xx_hal_tim_ex.c ****   * @param  OutputChannel pulse output channel to disable
1579:Drivers/STM32F1xx_HAL_Driver/Src/stm32f1xx_hal_tim_ex.c ****   *          This parameter can be one of the following values:
1580:Drivers/STM32F1xx_HAL_Driver/Src/stm32f1xx_hal_tim_ex.c ****   *            @arg TIM_CHANNEL_1: TIM Channel 1 selected
1581:Drivers/STM32F1xx_HAL_Driver/Src/stm32f1xx_hal_tim_ex.c ****   *            @arg TIM_CHANNEL_2: TIM Channel 2 selected
1582:Drivers/STM32F1xx_HAL_Driver/Src/stm32f1xx_hal_tim_ex.c ****   * @retval HAL status
1583:Drivers/STM32F1xx_HAL_Driver/Src/stm32f1xx_hal_tim_ex.c ****   */
1584:Drivers/STM32F1xx_HAL_Driver/Src/stm32f1xx_hal_tim_ex.c **** HAL_StatusTypeDef HAL_TIMEx_OnePulseN_Stop(TIM_HandleTypeDef *htim, uint32_t OutputChannel)
1585:Drivers/STM32F1xx_HAL_Driver/Src/stm32f1xx_hal_tim_ex.c **** {
1586:Drivers/STM32F1xx_HAL_Driver/Src/stm32f1xx_hal_tim_ex.c ****   uint32_t input_channel = (OutputChannel == TIM_CHANNEL_1) ? TIM_CHANNEL_2 : TIM_CHANNEL_1;
1587:Drivers/STM32F1xx_HAL_Driver/Src/stm32f1xx_hal_tim_ex.c **** 
1588:Drivers/STM32F1xx_HAL_Driver/Src/stm32f1xx_hal_tim_ex.c ****   /* Check the parameters */
1589:Drivers/STM32F1xx_HAL_Driver/Src/stm32f1xx_hal_tim_ex.c ****   assert_param(IS_TIM_CCXN_INSTANCE(htim->Instance, OutputChannel));
1590:Drivers/STM32F1xx_HAL_Driver/Src/stm32f1xx_hal_tim_ex.c **** 
1591:Drivers/STM32F1xx_HAL_Driver/Src/stm32f1xx_hal_tim_ex.c ****   /* Disable the complementary One Pulse output channel and the Input Capture channel */
1592:Drivers/STM32F1xx_HAL_Driver/Src/stm32f1xx_hal_tim_ex.c ****   TIM_CCxNChannelCmd(htim->Instance, OutputChannel, TIM_CCxN_DISABLE);
1593:Drivers/STM32F1xx_HAL_Driver/Src/stm32f1xx_hal_tim_ex.c ****   TIM_CCxChannelCmd(htim->Instance, input_channel, TIM_CCx_DISABLE);
1594:Drivers/STM32F1xx_HAL_Driver/Src/stm32f1xx_hal_tim_ex.c **** 
1595:Drivers/STM32F1xx_HAL_Driver/Src/stm32f1xx_hal_tim_ex.c ****   /* Disable the Main Output */
1596:Drivers/STM32F1xx_HAL_Driver/Src/stm32f1xx_hal_tim_ex.c ****   __HAL_TIM_MOE_DISABLE(htim);
1597:Drivers/STM32F1xx_HAL_Driver/Src/stm32f1xx_hal_tim_ex.c **** 
1598:Drivers/STM32F1xx_HAL_Driver/Src/stm32f1xx_hal_tim_ex.c ****   /* Disable the Peripheral */
1599:Drivers/STM32F1xx_HAL_Driver/Src/stm32f1xx_hal_tim_ex.c ****   __HAL_TIM_DISABLE(htim);
1600:Drivers/STM32F1xx_HAL_Driver/Src/stm32f1xx_hal_tim_ex.c **** 
1601:Drivers/STM32F1xx_HAL_Driver/Src/stm32f1xx_hal_tim_ex.c ****   /* Set the TIM  channels state */
1602:Drivers/STM32F1xx_HAL_Driver/Src/stm32f1xx_hal_tim_ex.c ****   TIM_CHANNEL_STATE_SET(htim, TIM_CHANNEL_1, HAL_TIM_CHANNEL_STATE_READY);
1603:Drivers/STM32F1xx_HAL_Driver/Src/stm32f1xx_hal_tim_ex.c ****   TIM_CHANNEL_STATE_SET(htim, TIM_CHANNEL_2, HAL_TIM_CHANNEL_STATE_READY);
1604:Drivers/STM32F1xx_HAL_Driver/Src/stm32f1xx_hal_tim_ex.c ****   TIM_CHANNEL_N_STATE_SET(htim, TIM_CHANNEL_1, HAL_TIM_CHANNEL_STATE_READY);
1605:Drivers/STM32F1xx_HAL_Driver/Src/stm32f1xx_hal_tim_ex.c ****   TIM_CHANNEL_N_STATE_SET(htim, TIM_CHANNEL_2, HAL_TIM_CHANNEL_STATE_READY);
1606:Drivers/STM32F1xx_HAL_Driver/Src/stm32f1xx_hal_tim_ex.c **** 
1607:Drivers/STM32F1xx_HAL_Driver/Src/stm32f1xx_hal_tim_ex.c ****   /* Return function status */
1608:Drivers/STM32F1xx_HAL_Driver/Src/stm32f1xx_hal_tim_ex.c ****   return HAL_OK;
1609:Drivers/STM32F1xx_HAL_Driver/Src/stm32f1xx_hal_tim_ex.c **** }
1610:Drivers/STM32F1xx_HAL_Driver/Src/stm32f1xx_hal_tim_ex.c **** 
1611:Drivers/STM32F1xx_HAL_Driver/Src/stm32f1xx_hal_tim_ex.c **** /**
1612:Drivers/STM32F1xx_HAL_Driver/Src/stm32f1xx_hal_tim_ex.c ****   * @brief  Starts the TIM One Pulse signal generation in interrupt mode on the
1613:Drivers/STM32F1xx_HAL_Driver/Src/stm32f1xx_hal_tim_ex.c ****   *         complementary channel.
1614:Drivers/STM32F1xx_HAL_Driver/Src/stm32f1xx_hal_tim_ex.c ****   * @note OutputChannel must match the pulse output channel chosen when calling
1615:Drivers/STM32F1xx_HAL_Driver/Src/stm32f1xx_hal_tim_ex.c ****   *       @ref HAL_TIM_OnePulse_ConfigChannel().
1616:Drivers/STM32F1xx_HAL_Driver/Src/stm32f1xx_hal_tim_ex.c ****   * @param  htim TIM One Pulse handle
1617:Drivers/STM32F1xx_HAL_Driver/Src/stm32f1xx_hal_tim_ex.c ****   * @param  OutputChannel pulse output channel to enable
1618:Drivers/STM32F1xx_HAL_Driver/Src/stm32f1xx_hal_tim_ex.c ****   *          This parameter can be one of the following values:
1619:Drivers/STM32F1xx_HAL_Driver/Src/stm32f1xx_hal_tim_ex.c ****   *            @arg TIM_CHANNEL_1: TIM Channel 1 selected
1620:Drivers/STM32F1xx_HAL_Driver/Src/stm32f1xx_hal_tim_ex.c ****   *            @arg TIM_CHANNEL_2: TIM Channel 2 selected
1621:Drivers/STM32F1xx_HAL_Driver/Src/stm32f1xx_hal_tim_ex.c ****   * @retval HAL status
1622:Drivers/STM32F1xx_HAL_Driver/Src/stm32f1xx_hal_tim_ex.c ****   */
1623:Drivers/STM32F1xx_HAL_Driver/Src/stm32f1xx_hal_tim_ex.c **** HAL_StatusTypeDef HAL_TIMEx_OnePulseN_Start_IT(TIM_HandleTypeDef *htim, uint32_t OutputChannel)
1624:Drivers/STM32F1xx_HAL_Driver/Src/stm32f1xx_hal_tim_ex.c **** {
1625:Drivers/STM32F1xx_HAL_Driver/Src/stm32f1xx_hal_tim_ex.c ****   uint32_t input_channel = (OutputChannel == TIM_CHANNEL_1) ? TIM_CHANNEL_2 : TIM_CHANNEL_1;
1626:Drivers/STM32F1xx_HAL_Driver/Src/stm32f1xx_hal_tim_ex.c ****   HAL_TIM_ChannelStateTypeDef channel_1_state = TIM_CHANNEL_STATE_GET(htim, TIM_CHANNEL_1);
1627:Drivers/STM32F1xx_HAL_Driver/Src/stm32f1xx_hal_tim_ex.c ****   HAL_TIM_ChannelStateTypeDef channel_2_state = TIM_CHANNEL_STATE_GET(htim, TIM_CHANNEL_2);
1628:Drivers/STM32F1xx_HAL_Driver/Src/stm32f1xx_hal_tim_ex.c ****   HAL_TIM_ChannelStateTypeDef complementary_channel_1_state = TIM_CHANNEL_N_STATE_GET(htim, TIM_CHA
ARM GAS  C:\Users\Korisnik\AppData\Local\Temp\cckoF0Cb.s 			page 30


1629:Drivers/STM32F1xx_HAL_Driver/Src/stm32f1xx_hal_tim_ex.c ****   HAL_TIM_ChannelStateTypeDef complementary_channel_2_state = TIM_CHANNEL_N_STATE_GET(htim, TIM_CHA
1630:Drivers/STM32F1xx_HAL_Driver/Src/stm32f1xx_hal_tim_ex.c **** 
1631:Drivers/STM32F1xx_HAL_Driver/Src/stm32f1xx_hal_tim_ex.c ****   /* Check the parameters */
1632:Drivers/STM32F1xx_HAL_Driver/Src/stm32f1xx_hal_tim_ex.c ****   assert_param(IS_TIM_CCXN_INSTANCE(htim->Instance, OutputChannel));
1633:Drivers/STM32F1xx_HAL_Driver/Src/stm32f1xx_hal_tim_ex.c **** 
1634:Drivers/STM32F1xx_HAL_Driver/Src/stm32f1xx_hal_tim_ex.c ****   /* Check the TIM channels state */
1635:Drivers/STM32F1xx_HAL_Driver/Src/stm32f1xx_hal_tim_ex.c ****   if ((channel_1_state != HAL_TIM_CHANNEL_STATE_READY)
1636:Drivers/STM32F1xx_HAL_Driver/Src/stm32f1xx_hal_tim_ex.c ****       || (channel_2_state != HAL_TIM_CHANNEL_STATE_READY)
1637:Drivers/STM32F1xx_HAL_Driver/Src/stm32f1xx_hal_tim_ex.c ****       || (complementary_channel_1_state != HAL_TIM_CHANNEL_STATE_READY)
1638:Drivers/STM32F1xx_HAL_Driver/Src/stm32f1xx_hal_tim_ex.c ****       || (complementary_channel_2_state != HAL_TIM_CHANNEL_STATE_READY))
1639:Drivers/STM32F1xx_HAL_Driver/Src/stm32f1xx_hal_tim_ex.c ****   {
1640:Drivers/STM32F1xx_HAL_Driver/Src/stm32f1xx_hal_tim_ex.c ****     return HAL_ERROR;
1641:Drivers/STM32F1xx_HAL_Driver/Src/stm32f1xx_hal_tim_ex.c ****   }
1642:Drivers/STM32F1xx_HAL_Driver/Src/stm32f1xx_hal_tim_ex.c **** 
1643:Drivers/STM32F1xx_HAL_Driver/Src/stm32f1xx_hal_tim_ex.c ****   /* Set the TIM channels state */
1644:Drivers/STM32F1xx_HAL_Driver/Src/stm32f1xx_hal_tim_ex.c ****   TIM_CHANNEL_STATE_SET(htim, TIM_CHANNEL_1, HAL_TIM_CHANNEL_STATE_BUSY);
1645:Drivers/STM32F1xx_HAL_Driver/Src/stm32f1xx_hal_tim_ex.c ****   TIM_CHANNEL_STATE_SET(htim, TIM_CHANNEL_2, HAL_TIM_CHANNEL_STATE_BUSY);
1646:Drivers/STM32F1xx_HAL_Driver/Src/stm32f1xx_hal_tim_ex.c ****   TIM_CHANNEL_N_STATE_SET(htim, TIM_CHANNEL_1, HAL_TIM_CHANNEL_STATE_BUSY);
1647:Drivers/STM32F1xx_HAL_Driver/Src/stm32f1xx_hal_tim_ex.c ****   TIM_CHANNEL_N_STATE_SET(htim, TIM_CHANNEL_2, HAL_TIM_CHANNEL_STATE_BUSY);
1648:Drivers/STM32F1xx_HAL_Driver/Src/stm32f1xx_hal_tim_ex.c **** 
1649:Drivers/STM32F1xx_HAL_Driver/Src/stm32f1xx_hal_tim_ex.c ****   /* Enable the TIM Capture/Compare 1 interrupt */
1650:Drivers/STM32F1xx_HAL_Driver/Src/stm32f1xx_hal_tim_ex.c ****   __HAL_TIM_ENABLE_IT(htim, TIM_IT_CC1);
1651:Drivers/STM32F1xx_HAL_Driver/Src/stm32f1xx_hal_tim_ex.c **** 
1652:Drivers/STM32F1xx_HAL_Driver/Src/stm32f1xx_hal_tim_ex.c ****   /* Enable the TIM Capture/Compare 2 interrupt */
1653:Drivers/STM32F1xx_HAL_Driver/Src/stm32f1xx_hal_tim_ex.c ****   __HAL_TIM_ENABLE_IT(htim, TIM_IT_CC2);
1654:Drivers/STM32F1xx_HAL_Driver/Src/stm32f1xx_hal_tim_ex.c **** 
1655:Drivers/STM32F1xx_HAL_Driver/Src/stm32f1xx_hal_tim_ex.c ****   /* Enable the complementary One Pulse output channel and the Input Capture channel */
1656:Drivers/STM32F1xx_HAL_Driver/Src/stm32f1xx_hal_tim_ex.c ****   TIM_CCxNChannelCmd(htim->Instance, OutputChannel, TIM_CCxN_ENABLE);
1657:Drivers/STM32F1xx_HAL_Driver/Src/stm32f1xx_hal_tim_ex.c ****   TIM_CCxChannelCmd(htim->Instance, input_channel, TIM_CCx_ENABLE);
1658:Drivers/STM32F1xx_HAL_Driver/Src/stm32f1xx_hal_tim_ex.c **** 
1659:Drivers/STM32F1xx_HAL_Driver/Src/stm32f1xx_hal_tim_ex.c ****   /* Enable the Main Output */
1660:Drivers/STM32F1xx_HAL_Driver/Src/stm32f1xx_hal_tim_ex.c ****   __HAL_TIM_MOE_ENABLE(htim);
1661:Drivers/STM32F1xx_HAL_Driver/Src/stm32f1xx_hal_tim_ex.c **** 
1662:Drivers/STM32F1xx_HAL_Driver/Src/stm32f1xx_hal_tim_ex.c ****   /* Return function status */
1663:Drivers/STM32F1xx_HAL_Driver/Src/stm32f1xx_hal_tim_ex.c ****   return HAL_OK;
1664:Drivers/STM32F1xx_HAL_Driver/Src/stm32f1xx_hal_tim_ex.c **** }
1665:Drivers/STM32F1xx_HAL_Driver/Src/stm32f1xx_hal_tim_ex.c **** 
1666:Drivers/STM32F1xx_HAL_Driver/Src/stm32f1xx_hal_tim_ex.c **** /**
1667:Drivers/STM32F1xx_HAL_Driver/Src/stm32f1xx_hal_tim_ex.c ****   * @brief  Stops the TIM One Pulse signal generation in interrupt mode on the
1668:Drivers/STM32F1xx_HAL_Driver/Src/stm32f1xx_hal_tim_ex.c ****   *         complementary channel.
1669:Drivers/STM32F1xx_HAL_Driver/Src/stm32f1xx_hal_tim_ex.c ****   * @note OutputChannel must match the pulse output channel chosen when calling
1670:Drivers/STM32F1xx_HAL_Driver/Src/stm32f1xx_hal_tim_ex.c ****   *       @ref HAL_TIM_OnePulse_ConfigChannel().
1671:Drivers/STM32F1xx_HAL_Driver/Src/stm32f1xx_hal_tim_ex.c ****   * @param  htim TIM One Pulse handle
1672:Drivers/STM32F1xx_HAL_Driver/Src/stm32f1xx_hal_tim_ex.c ****   * @param  OutputChannel pulse output channel to disable
1673:Drivers/STM32F1xx_HAL_Driver/Src/stm32f1xx_hal_tim_ex.c ****   *          This parameter can be one of the following values:
1674:Drivers/STM32F1xx_HAL_Driver/Src/stm32f1xx_hal_tim_ex.c ****   *            @arg TIM_CHANNEL_1: TIM Channel 1 selected
1675:Drivers/STM32F1xx_HAL_Driver/Src/stm32f1xx_hal_tim_ex.c ****   *            @arg TIM_CHANNEL_2: TIM Channel 2 selected
1676:Drivers/STM32F1xx_HAL_Driver/Src/stm32f1xx_hal_tim_ex.c ****   * @retval HAL status
1677:Drivers/STM32F1xx_HAL_Driver/Src/stm32f1xx_hal_tim_ex.c ****   */
1678:Drivers/STM32F1xx_HAL_Driver/Src/stm32f1xx_hal_tim_ex.c **** HAL_StatusTypeDef HAL_TIMEx_OnePulseN_Stop_IT(TIM_HandleTypeDef *htim, uint32_t OutputChannel)
1679:Drivers/STM32F1xx_HAL_Driver/Src/stm32f1xx_hal_tim_ex.c **** {
1680:Drivers/STM32F1xx_HAL_Driver/Src/stm32f1xx_hal_tim_ex.c ****   uint32_t input_channel = (OutputChannel == TIM_CHANNEL_1) ? TIM_CHANNEL_2 : TIM_CHANNEL_1;
1681:Drivers/STM32F1xx_HAL_Driver/Src/stm32f1xx_hal_tim_ex.c **** 
1682:Drivers/STM32F1xx_HAL_Driver/Src/stm32f1xx_hal_tim_ex.c ****   /* Check the parameters */
1683:Drivers/STM32F1xx_HAL_Driver/Src/stm32f1xx_hal_tim_ex.c ****   assert_param(IS_TIM_CCXN_INSTANCE(htim->Instance, OutputChannel));
1684:Drivers/STM32F1xx_HAL_Driver/Src/stm32f1xx_hal_tim_ex.c **** 
1685:Drivers/STM32F1xx_HAL_Driver/Src/stm32f1xx_hal_tim_ex.c ****   /* Disable the TIM Capture/Compare 1 interrupt */
ARM GAS  C:\Users\Korisnik\AppData\Local\Temp\cckoF0Cb.s 			page 31


1686:Drivers/STM32F1xx_HAL_Driver/Src/stm32f1xx_hal_tim_ex.c ****   __HAL_TIM_DISABLE_IT(htim, TIM_IT_CC1);
1687:Drivers/STM32F1xx_HAL_Driver/Src/stm32f1xx_hal_tim_ex.c **** 
1688:Drivers/STM32F1xx_HAL_Driver/Src/stm32f1xx_hal_tim_ex.c ****   /* Disable the TIM Capture/Compare 2 interrupt */
1689:Drivers/STM32F1xx_HAL_Driver/Src/stm32f1xx_hal_tim_ex.c ****   __HAL_TIM_DISABLE_IT(htim, TIM_IT_CC2);
1690:Drivers/STM32F1xx_HAL_Driver/Src/stm32f1xx_hal_tim_ex.c **** 
1691:Drivers/STM32F1xx_HAL_Driver/Src/stm32f1xx_hal_tim_ex.c ****   /* Disable the complementary One Pulse output channel and the Input Capture channel */
1692:Drivers/STM32F1xx_HAL_Driver/Src/stm32f1xx_hal_tim_ex.c ****   TIM_CCxNChannelCmd(htim->Instance, OutputChannel, TIM_CCxN_DISABLE);
1693:Drivers/STM32F1xx_HAL_Driver/Src/stm32f1xx_hal_tim_ex.c ****   TIM_CCxChannelCmd(htim->Instance, input_channel, TIM_CCx_DISABLE);
1694:Drivers/STM32F1xx_HAL_Driver/Src/stm32f1xx_hal_tim_ex.c **** 
1695:Drivers/STM32F1xx_HAL_Driver/Src/stm32f1xx_hal_tim_ex.c ****   /* Disable the Main Output */
1696:Drivers/STM32F1xx_HAL_Driver/Src/stm32f1xx_hal_tim_ex.c ****   __HAL_TIM_MOE_DISABLE(htim);
1697:Drivers/STM32F1xx_HAL_Driver/Src/stm32f1xx_hal_tim_ex.c **** 
1698:Drivers/STM32F1xx_HAL_Driver/Src/stm32f1xx_hal_tim_ex.c ****   /* Disable the Peripheral */
1699:Drivers/STM32F1xx_HAL_Driver/Src/stm32f1xx_hal_tim_ex.c ****   __HAL_TIM_DISABLE(htim);
1700:Drivers/STM32F1xx_HAL_Driver/Src/stm32f1xx_hal_tim_ex.c **** 
1701:Drivers/STM32F1xx_HAL_Driver/Src/stm32f1xx_hal_tim_ex.c ****   /* Set the TIM  channels state */
1702:Drivers/STM32F1xx_HAL_Driver/Src/stm32f1xx_hal_tim_ex.c ****   TIM_CHANNEL_STATE_SET(htim, TIM_CHANNEL_1, HAL_TIM_CHANNEL_STATE_READY);
1703:Drivers/STM32F1xx_HAL_Driver/Src/stm32f1xx_hal_tim_ex.c ****   TIM_CHANNEL_STATE_SET(htim, TIM_CHANNEL_2, HAL_TIM_CHANNEL_STATE_READY);
1704:Drivers/STM32F1xx_HAL_Driver/Src/stm32f1xx_hal_tim_ex.c ****   TIM_CHANNEL_N_STATE_SET(htim, TIM_CHANNEL_1, HAL_TIM_CHANNEL_STATE_READY);
1705:Drivers/STM32F1xx_HAL_Driver/Src/stm32f1xx_hal_tim_ex.c ****   TIM_CHANNEL_N_STATE_SET(htim, TIM_CHANNEL_2, HAL_TIM_CHANNEL_STATE_READY);
1706:Drivers/STM32F1xx_HAL_Driver/Src/stm32f1xx_hal_tim_ex.c **** 
1707:Drivers/STM32F1xx_HAL_Driver/Src/stm32f1xx_hal_tim_ex.c ****   /* Return function status */
1708:Drivers/STM32F1xx_HAL_Driver/Src/stm32f1xx_hal_tim_ex.c ****   return HAL_OK;
1709:Drivers/STM32F1xx_HAL_Driver/Src/stm32f1xx_hal_tim_ex.c **** }
1710:Drivers/STM32F1xx_HAL_Driver/Src/stm32f1xx_hal_tim_ex.c **** 
1711:Drivers/STM32F1xx_HAL_Driver/Src/stm32f1xx_hal_tim_ex.c **** /**
1712:Drivers/STM32F1xx_HAL_Driver/Src/stm32f1xx_hal_tim_ex.c ****   * @}
1713:Drivers/STM32F1xx_HAL_Driver/Src/stm32f1xx_hal_tim_ex.c ****   */
1714:Drivers/STM32F1xx_HAL_Driver/Src/stm32f1xx_hal_tim_ex.c **** 
1715:Drivers/STM32F1xx_HAL_Driver/Src/stm32f1xx_hal_tim_ex.c **** /** @defgroup TIMEx_Exported_Functions_Group5 Extended Peripheral Control functions
1716:Drivers/STM32F1xx_HAL_Driver/Src/stm32f1xx_hal_tim_ex.c ****   * @brief    Peripheral Control functions
1717:Drivers/STM32F1xx_HAL_Driver/Src/stm32f1xx_hal_tim_ex.c ****   *
1718:Drivers/STM32F1xx_HAL_Driver/Src/stm32f1xx_hal_tim_ex.c **** @verbatim
1719:Drivers/STM32F1xx_HAL_Driver/Src/stm32f1xx_hal_tim_ex.c ****   ==============================================================================
1720:Drivers/STM32F1xx_HAL_Driver/Src/stm32f1xx_hal_tim_ex.c ****                     ##### Peripheral Control functions #####
1721:Drivers/STM32F1xx_HAL_Driver/Src/stm32f1xx_hal_tim_ex.c ****   ==============================================================================
1722:Drivers/STM32F1xx_HAL_Driver/Src/stm32f1xx_hal_tim_ex.c ****   [..]
1723:Drivers/STM32F1xx_HAL_Driver/Src/stm32f1xx_hal_tim_ex.c ****     This section provides functions allowing to:
1724:Drivers/STM32F1xx_HAL_Driver/Src/stm32f1xx_hal_tim_ex.c ****       (+) Configure the commutation event in case of use of the Hall sensor interface.
1725:Drivers/STM32F1xx_HAL_Driver/Src/stm32f1xx_hal_tim_ex.c ****       (+) Configure Output channels for OC and PWM mode.
1726:Drivers/STM32F1xx_HAL_Driver/Src/stm32f1xx_hal_tim_ex.c **** 
1727:Drivers/STM32F1xx_HAL_Driver/Src/stm32f1xx_hal_tim_ex.c ****       (+) Configure Complementary channels, break features and dead time.
1728:Drivers/STM32F1xx_HAL_Driver/Src/stm32f1xx_hal_tim_ex.c ****       (+) Configure Master synchronization.
1729:Drivers/STM32F1xx_HAL_Driver/Src/stm32f1xx_hal_tim_ex.c ****       (+) Configure timer remapping capabilities.
1730:Drivers/STM32F1xx_HAL_Driver/Src/stm32f1xx_hal_tim_ex.c **** 
1731:Drivers/STM32F1xx_HAL_Driver/Src/stm32f1xx_hal_tim_ex.c **** @endverbatim
1732:Drivers/STM32F1xx_HAL_Driver/Src/stm32f1xx_hal_tim_ex.c ****   * @{
1733:Drivers/STM32F1xx_HAL_Driver/Src/stm32f1xx_hal_tim_ex.c ****   */
1734:Drivers/STM32F1xx_HAL_Driver/Src/stm32f1xx_hal_tim_ex.c **** 
1735:Drivers/STM32F1xx_HAL_Driver/Src/stm32f1xx_hal_tim_ex.c **** /**
1736:Drivers/STM32F1xx_HAL_Driver/Src/stm32f1xx_hal_tim_ex.c ****   * @brief  Configure the TIM commutation event sequence.
1737:Drivers/STM32F1xx_HAL_Driver/Src/stm32f1xx_hal_tim_ex.c ****   * @note  This function is mandatory to use the commutation event in order to
1738:Drivers/STM32F1xx_HAL_Driver/Src/stm32f1xx_hal_tim_ex.c ****   *        update the configuration at each commutation detection on the TRGI input of the Timer,
1739:Drivers/STM32F1xx_HAL_Driver/Src/stm32f1xx_hal_tim_ex.c ****   *        the typical use of this feature is with the use of another Timer(interface Timer)
1740:Drivers/STM32F1xx_HAL_Driver/Src/stm32f1xx_hal_tim_ex.c ****   *        configured in Hall sensor interface, this interface Timer will generate the
1741:Drivers/STM32F1xx_HAL_Driver/Src/stm32f1xx_hal_tim_ex.c ****   *        commutation at its TRGO output (connected to Timer used in this function) each time
1742:Drivers/STM32F1xx_HAL_Driver/Src/stm32f1xx_hal_tim_ex.c ****   *        the TI1 of the Interface Timer detect a commutation at its input TI1.
ARM GAS  C:\Users\Korisnik\AppData\Local\Temp\cckoF0Cb.s 			page 32


1743:Drivers/STM32F1xx_HAL_Driver/Src/stm32f1xx_hal_tim_ex.c ****   * @param  htim TIM handle
1744:Drivers/STM32F1xx_HAL_Driver/Src/stm32f1xx_hal_tim_ex.c ****   * @param  InputTrigger the Internal trigger corresponding to the Timer Interfacing with the Hall 
1745:Drivers/STM32F1xx_HAL_Driver/Src/stm32f1xx_hal_tim_ex.c ****   *          This parameter can be one of the following values:
1746:Drivers/STM32F1xx_HAL_Driver/Src/stm32f1xx_hal_tim_ex.c ****   *            @arg TIM_TS_ITR0: Internal trigger 0 selected
1747:Drivers/STM32F1xx_HAL_Driver/Src/stm32f1xx_hal_tim_ex.c ****   *            @arg TIM_TS_ITR1: Internal trigger 1 selected
1748:Drivers/STM32F1xx_HAL_Driver/Src/stm32f1xx_hal_tim_ex.c ****   *            @arg TIM_TS_ITR2: Internal trigger 2 selected
1749:Drivers/STM32F1xx_HAL_Driver/Src/stm32f1xx_hal_tim_ex.c ****   *            @arg TIM_TS_ITR3: Internal trigger 3 selected
1750:Drivers/STM32F1xx_HAL_Driver/Src/stm32f1xx_hal_tim_ex.c ****   *            @arg TIM_TS_NONE: No trigger is needed
1751:Drivers/STM32F1xx_HAL_Driver/Src/stm32f1xx_hal_tim_ex.c ****   * @param  CommutationSource the Commutation Event source
1752:Drivers/STM32F1xx_HAL_Driver/Src/stm32f1xx_hal_tim_ex.c ****   *          This parameter can be one of the following values:
1753:Drivers/STM32F1xx_HAL_Driver/Src/stm32f1xx_hal_tim_ex.c ****   *            @arg TIM_COMMUTATION_TRGI: Commutation source is the TRGI of the Interface Timer
1754:Drivers/STM32F1xx_HAL_Driver/Src/stm32f1xx_hal_tim_ex.c ****   *            @arg TIM_COMMUTATION_SOFTWARE:  Commutation source is set by software using the COMG
1755:Drivers/STM32F1xx_HAL_Driver/Src/stm32f1xx_hal_tim_ex.c ****   * @retval HAL status
1756:Drivers/STM32F1xx_HAL_Driver/Src/stm32f1xx_hal_tim_ex.c ****   */
1757:Drivers/STM32F1xx_HAL_Driver/Src/stm32f1xx_hal_tim_ex.c **** HAL_StatusTypeDef HAL_TIMEx_ConfigCommutEvent(TIM_HandleTypeDef *htim, uint32_t  InputTrigger,
1758:Drivers/STM32F1xx_HAL_Driver/Src/stm32f1xx_hal_tim_ex.c ****                                               uint32_t  CommutationSource)
1759:Drivers/STM32F1xx_HAL_Driver/Src/stm32f1xx_hal_tim_ex.c **** {
1760:Drivers/STM32F1xx_HAL_Driver/Src/stm32f1xx_hal_tim_ex.c ****   /* Check the parameters */
1761:Drivers/STM32F1xx_HAL_Driver/Src/stm32f1xx_hal_tim_ex.c ****   assert_param(IS_TIM_COMMUTATION_EVENT_INSTANCE(htim->Instance));
1762:Drivers/STM32F1xx_HAL_Driver/Src/stm32f1xx_hal_tim_ex.c ****   assert_param(IS_TIM_INTERNAL_TRIGGEREVENT_SELECTION(InputTrigger));
1763:Drivers/STM32F1xx_HAL_Driver/Src/stm32f1xx_hal_tim_ex.c **** 
1764:Drivers/STM32F1xx_HAL_Driver/Src/stm32f1xx_hal_tim_ex.c ****   __HAL_LOCK(htim);
1765:Drivers/STM32F1xx_HAL_Driver/Src/stm32f1xx_hal_tim_ex.c **** 
1766:Drivers/STM32F1xx_HAL_Driver/Src/stm32f1xx_hal_tim_ex.c ****   if ((InputTrigger == TIM_TS_ITR0) || (InputTrigger == TIM_TS_ITR1) ||
1767:Drivers/STM32F1xx_HAL_Driver/Src/stm32f1xx_hal_tim_ex.c ****       (InputTrigger == TIM_TS_ITR2) || (InputTrigger == TIM_TS_ITR3))
1768:Drivers/STM32F1xx_HAL_Driver/Src/stm32f1xx_hal_tim_ex.c ****   {
1769:Drivers/STM32F1xx_HAL_Driver/Src/stm32f1xx_hal_tim_ex.c ****     /* Select the Input trigger */
1770:Drivers/STM32F1xx_HAL_Driver/Src/stm32f1xx_hal_tim_ex.c ****     htim->Instance->SMCR &= ~TIM_SMCR_TS;
1771:Drivers/STM32F1xx_HAL_Driver/Src/stm32f1xx_hal_tim_ex.c ****     htim->Instance->SMCR |= InputTrigger;
1772:Drivers/STM32F1xx_HAL_Driver/Src/stm32f1xx_hal_tim_ex.c ****   }
1773:Drivers/STM32F1xx_HAL_Driver/Src/stm32f1xx_hal_tim_ex.c **** 
1774:Drivers/STM32F1xx_HAL_Driver/Src/stm32f1xx_hal_tim_ex.c ****   /* Select the Capture Compare preload feature */
1775:Drivers/STM32F1xx_HAL_Driver/Src/stm32f1xx_hal_tim_ex.c ****   htim->Instance->CR2 |= TIM_CR2_CCPC;
1776:Drivers/STM32F1xx_HAL_Driver/Src/stm32f1xx_hal_tim_ex.c ****   /* Select the Commutation event source */
1777:Drivers/STM32F1xx_HAL_Driver/Src/stm32f1xx_hal_tim_ex.c ****   htim->Instance->CR2 &= ~TIM_CR2_CCUS;
1778:Drivers/STM32F1xx_HAL_Driver/Src/stm32f1xx_hal_tim_ex.c ****   htim->Instance->CR2 |= CommutationSource;
1779:Drivers/STM32F1xx_HAL_Driver/Src/stm32f1xx_hal_tim_ex.c **** 
1780:Drivers/STM32F1xx_HAL_Driver/Src/stm32f1xx_hal_tim_ex.c ****   /* Disable Commutation Interrupt */
1781:Drivers/STM32F1xx_HAL_Driver/Src/stm32f1xx_hal_tim_ex.c ****   __HAL_TIM_DISABLE_IT(htim, TIM_IT_COM);
1782:Drivers/STM32F1xx_HAL_Driver/Src/stm32f1xx_hal_tim_ex.c **** 
1783:Drivers/STM32F1xx_HAL_Driver/Src/stm32f1xx_hal_tim_ex.c ****   /* Disable Commutation DMA request */
1784:Drivers/STM32F1xx_HAL_Driver/Src/stm32f1xx_hal_tim_ex.c ****   __HAL_TIM_DISABLE_DMA(htim, TIM_DMA_COM);
1785:Drivers/STM32F1xx_HAL_Driver/Src/stm32f1xx_hal_tim_ex.c **** 
1786:Drivers/STM32F1xx_HAL_Driver/Src/stm32f1xx_hal_tim_ex.c ****   __HAL_UNLOCK(htim);
1787:Drivers/STM32F1xx_HAL_Driver/Src/stm32f1xx_hal_tim_ex.c **** 
1788:Drivers/STM32F1xx_HAL_Driver/Src/stm32f1xx_hal_tim_ex.c ****   return HAL_OK;
1789:Drivers/STM32F1xx_HAL_Driver/Src/stm32f1xx_hal_tim_ex.c **** }
1790:Drivers/STM32F1xx_HAL_Driver/Src/stm32f1xx_hal_tim_ex.c **** 
1791:Drivers/STM32F1xx_HAL_Driver/Src/stm32f1xx_hal_tim_ex.c **** /**
1792:Drivers/STM32F1xx_HAL_Driver/Src/stm32f1xx_hal_tim_ex.c ****   * @brief  Configure the TIM commutation event sequence with interrupt.
1793:Drivers/STM32F1xx_HAL_Driver/Src/stm32f1xx_hal_tim_ex.c ****   * @note  This function is mandatory to use the commutation event in order to
1794:Drivers/STM32F1xx_HAL_Driver/Src/stm32f1xx_hal_tim_ex.c ****   *        update the configuration at each commutation detection on the TRGI input of the Timer,
1795:Drivers/STM32F1xx_HAL_Driver/Src/stm32f1xx_hal_tim_ex.c ****   *        the typical use of this feature is with the use of another Timer(interface Timer)
1796:Drivers/STM32F1xx_HAL_Driver/Src/stm32f1xx_hal_tim_ex.c ****   *        configured in Hall sensor interface, this interface Timer will generate the
1797:Drivers/STM32F1xx_HAL_Driver/Src/stm32f1xx_hal_tim_ex.c ****   *        commutation at its TRGO output (connected to Timer used in this function) each time
1798:Drivers/STM32F1xx_HAL_Driver/Src/stm32f1xx_hal_tim_ex.c ****   *        the TI1 of the Interface Timer detect a commutation at its input TI1.
1799:Drivers/STM32F1xx_HAL_Driver/Src/stm32f1xx_hal_tim_ex.c ****   * @param  htim TIM handle
ARM GAS  C:\Users\Korisnik\AppData\Local\Temp\cckoF0Cb.s 			page 33


1800:Drivers/STM32F1xx_HAL_Driver/Src/stm32f1xx_hal_tim_ex.c ****   * @param  InputTrigger the Internal trigger corresponding to the Timer Interfacing with the Hall 
1801:Drivers/STM32F1xx_HAL_Driver/Src/stm32f1xx_hal_tim_ex.c ****   *          This parameter can be one of the following values:
1802:Drivers/STM32F1xx_HAL_Driver/Src/stm32f1xx_hal_tim_ex.c ****   *            @arg TIM_TS_ITR0: Internal trigger 0 selected
1803:Drivers/STM32F1xx_HAL_Driver/Src/stm32f1xx_hal_tim_ex.c ****   *            @arg TIM_TS_ITR1: Internal trigger 1 selected
1804:Drivers/STM32F1xx_HAL_Driver/Src/stm32f1xx_hal_tim_ex.c ****   *            @arg TIM_TS_ITR2: Internal trigger 2 selected
1805:Drivers/STM32F1xx_HAL_Driver/Src/stm32f1xx_hal_tim_ex.c ****   *            @arg TIM_TS_ITR3: Internal trigger 3 selected
1806:Drivers/STM32F1xx_HAL_Driver/Src/stm32f1xx_hal_tim_ex.c ****   *            @arg TIM_TS_NONE: No trigger is needed
1807:Drivers/STM32F1xx_HAL_Driver/Src/stm32f1xx_hal_tim_ex.c ****   * @param  CommutationSource the Commutation Event source
1808:Drivers/STM32F1xx_HAL_Driver/Src/stm32f1xx_hal_tim_ex.c ****   *          This parameter can be one of the following values:
1809:Drivers/STM32F1xx_HAL_Driver/Src/stm32f1xx_hal_tim_ex.c ****   *            @arg TIM_COMMUTATION_TRGI: Commutation source is the TRGI of the Interface Timer
1810:Drivers/STM32F1xx_HAL_Driver/Src/stm32f1xx_hal_tim_ex.c ****   *            @arg TIM_COMMUTATION_SOFTWARE:  Commutation source is set by software using the COMG
1811:Drivers/STM32F1xx_HAL_Driver/Src/stm32f1xx_hal_tim_ex.c ****   * @retval HAL status
1812:Drivers/STM32F1xx_HAL_Driver/Src/stm32f1xx_hal_tim_ex.c ****   */
1813:Drivers/STM32F1xx_HAL_Driver/Src/stm32f1xx_hal_tim_ex.c **** HAL_StatusTypeDef HAL_TIMEx_ConfigCommutEvent_IT(TIM_HandleTypeDef *htim, uint32_t  InputTrigger,
1814:Drivers/STM32F1xx_HAL_Driver/Src/stm32f1xx_hal_tim_ex.c ****                                                  uint32_t  CommutationSource)
1815:Drivers/STM32F1xx_HAL_Driver/Src/stm32f1xx_hal_tim_ex.c **** {
1816:Drivers/STM32F1xx_HAL_Driver/Src/stm32f1xx_hal_tim_ex.c ****   /* Check the parameters */
1817:Drivers/STM32F1xx_HAL_Driver/Src/stm32f1xx_hal_tim_ex.c ****   assert_param(IS_TIM_COMMUTATION_EVENT_INSTANCE(htim->Instance));
1818:Drivers/STM32F1xx_HAL_Driver/Src/stm32f1xx_hal_tim_ex.c ****   assert_param(IS_TIM_INTERNAL_TRIGGEREVENT_SELECTION(InputTrigger));
1819:Drivers/STM32F1xx_HAL_Driver/Src/stm32f1xx_hal_tim_ex.c **** 
1820:Drivers/STM32F1xx_HAL_Driver/Src/stm32f1xx_hal_tim_ex.c ****   __HAL_LOCK(htim);
1821:Drivers/STM32F1xx_HAL_Driver/Src/stm32f1xx_hal_tim_ex.c **** 
1822:Drivers/STM32F1xx_HAL_Driver/Src/stm32f1xx_hal_tim_ex.c ****   if ((InputTrigger == TIM_TS_ITR0) || (InputTrigger == TIM_TS_ITR1) ||
1823:Drivers/STM32F1xx_HAL_Driver/Src/stm32f1xx_hal_tim_ex.c ****       (InputTrigger == TIM_TS_ITR2) || (InputTrigger == TIM_TS_ITR3))
1824:Drivers/STM32F1xx_HAL_Driver/Src/stm32f1xx_hal_tim_ex.c ****   {
1825:Drivers/STM32F1xx_HAL_Driver/Src/stm32f1xx_hal_tim_ex.c ****     /* Select the Input trigger */
1826:Drivers/STM32F1xx_HAL_Driver/Src/stm32f1xx_hal_tim_ex.c ****     htim->Instance->SMCR &= ~TIM_SMCR_TS;
1827:Drivers/STM32F1xx_HAL_Driver/Src/stm32f1xx_hal_tim_ex.c ****     htim->Instance->SMCR |= InputTrigger;
1828:Drivers/STM32F1xx_HAL_Driver/Src/stm32f1xx_hal_tim_ex.c ****   }
1829:Drivers/STM32F1xx_HAL_Driver/Src/stm32f1xx_hal_tim_ex.c **** 
1830:Drivers/STM32F1xx_HAL_Driver/Src/stm32f1xx_hal_tim_ex.c ****   /* Select the Capture Compare preload feature */
1831:Drivers/STM32F1xx_HAL_Driver/Src/stm32f1xx_hal_tim_ex.c ****   htim->Instance->CR2 |= TIM_CR2_CCPC;
1832:Drivers/STM32F1xx_HAL_Driver/Src/stm32f1xx_hal_tim_ex.c ****   /* Select the Commutation event source */
1833:Drivers/STM32F1xx_HAL_Driver/Src/stm32f1xx_hal_tim_ex.c ****   htim->Instance->CR2 &= ~TIM_CR2_CCUS;
1834:Drivers/STM32F1xx_HAL_Driver/Src/stm32f1xx_hal_tim_ex.c ****   htim->Instance->CR2 |= CommutationSource;
1835:Drivers/STM32F1xx_HAL_Driver/Src/stm32f1xx_hal_tim_ex.c **** 
1836:Drivers/STM32F1xx_HAL_Driver/Src/stm32f1xx_hal_tim_ex.c ****   /* Disable Commutation DMA request */
1837:Drivers/STM32F1xx_HAL_Driver/Src/stm32f1xx_hal_tim_ex.c ****   __HAL_TIM_DISABLE_DMA(htim, TIM_DMA_COM);
1838:Drivers/STM32F1xx_HAL_Driver/Src/stm32f1xx_hal_tim_ex.c **** 
1839:Drivers/STM32F1xx_HAL_Driver/Src/stm32f1xx_hal_tim_ex.c ****   /* Enable the Commutation Interrupt */
1840:Drivers/STM32F1xx_HAL_Driver/Src/stm32f1xx_hal_tim_ex.c ****   __HAL_TIM_ENABLE_IT(htim, TIM_IT_COM);
1841:Drivers/STM32F1xx_HAL_Driver/Src/stm32f1xx_hal_tim_ex.c **** 
1842:Drivers/STM32F1xx_HAL_Driver/Src/stm32f1xx_hal_tim_ex.c ****   __HAL_UNLOCK(htim);
1843:Drivers/STM32F1xx_HAL_Driver/Src/stm32f1xx_hal_tim_ex.c **** 
1844:Drivers/STM32F1xx_HAL_Driver/Src/stm32f1xx_hal_tim_ex.c ****   return HAL_OK;
1845:Drivers/STM32F1xx_HAL_Driver/Src/stm32f1xx_hal_tim_ex.c **** }
1846:Drivers/STM32F1xx_HAL_Driver/Src/stm32f1xx_hal_tim_ex.c **** 
1847:Drivers/STM32F1xx_HAL_Driver/Src/stm32f1xx_hal_tim_ex.c **** /**
1848:Drivers/STM32F1xx_HAL_Driver/Src/stm32f1xx_hal_tim_ex.c ****   * @brief  Configure the TIM commutation event sequence with DMA.
1849:Drivers/STM32F1xx_HAL_Driver/Src/stm32f1xx_hal_tim_ex.c ****   * @note  This function is mandatory to use the commutation event in order to
1850:Drivers/STM32F1xx_HAL_Driver/Src/stm32f1xx_hal_tim_ex.c ****   *        update the configuration at each commutation detection on the TRGI input of the Timer,
1851:Drivers/STM32F1xx_HAL_Driver/Src/stm32f1xx_hal_tim_ex.c ****   *        the typical use of this feature is with the use of another Timer(interface Timer)
1852:Drivers/STM32F1xx_HAL_Driver/Src/stm32f1xx_hal_tim_ex.c ****   *        configured in Hall sensor interface, this interface Timer will generate the
1853:Drivers/STM32F1xx_HAL_Driver/Src/stm32f1xx_hal_tim_ex.c ****   *        commutation at its TRGO output (connected to Timer used in this function) each time
1854:Drivers/STM32F1xx_HAL_Driver/Src/stm32f1xx_hal_tim_ex.c ****   *        the TI1 of the Interface Timer detect a commutation at its input TI1.
1855:Drivers/STM32F1xx_HAL_Driver/Src/stm32f1xx_hal_tim_ex.c ****   * @note  The user should configure the DMA in his own software, in This function only the COMDE b
1856:Drivers/STM32F1xx_HAL_Driver/Src/stm32f1xx_hal_tim_ex.c ****   * @param  htim TIM handle
ARM GAS  C:\Users\Korisnik\AppData\Local\Temp\cckoF0Cb.s 			page 34


1857:Drivers/STM32F1xx_HAL_Driver/Src/stm32f1xx_hal_tim_ex.c ****   * @param  InputTrigger the Internal trigger corresponding to the Timer Interfacing with the Hall 
1858:Drivers/STM32F1xx_HAL_Driver/Src/stm32f1xx_hal_tim_ex.c ****   *          This parameter can be one of the following values:
1859:Drivers/STM32F1xx_HAL_Driver/Src/stm32f1xx_hal_tim_ex.c ****   *            @arg TIM_TS_ITR0: Internal trigger 0 selected
1860:Drivers/STM32F1xx_HAL_Driver/Src/stm32f1xx_hal_tim_ex.c ****   *            @arg TIM_TS_ITR1: Internal trigger 1 selected
1861:Drivers/STM32F1xx_HAL_Driver/Src/stm32f1xx_hal_tim_ex.c ****   *            @arg TIM_TS_ITR2: Internal trigger 2 selected
1862:Drivers/STM32F1xx_HAL_Driver/Src/stm32f1xx_hal_tim_ex.c ****   *            @arg TIM_TS_ITR3: Internal trigger 3 selected
1863:Drivers/STM32F1xx_HAL_Driver/Src/stm32f1xx_hal_tim_ex.c ****   *            @arg TIM_TS_NONE: No trigger is needed
1864:Drivers/STM32F1xx_HAL_Driver/Src/stm32f1xx_hal_tim_ex.c ****   * @param  CommutationSource the Commutation Event source
1865:Drivers/STM32F1xx_HAL_Driver/Src/stm32f1xx_hal_tim_ex.c ****   *          This parameter can be one of the following values:
1866:Drivers/STM32F1xx_HAL_Driver/Src/stm32f1xx_hal_tim_ex.c ****   *            @arg TIM_COMMUTATION_TRGI: Commutation source is the TRGI of the Interface Timer
1867:Drivers/STM32F1xx_HAL_Driver/Src/stm32f1xx_hal_tim_ex.c ****   *            @arg TIM_COMMUTATION_SOFTWARE:  Commutation source is set by software using the COMG
1868:Drivers/STM32F1xx_HAL_Driver/Src/stm32f1xx_hal_tim_ex.c ****   * @retval HAL status
1869:Drivers/STM32F1xx_HAL_Driver/Src/stm32f1xx_hal_tim_ex.c ****   */
1870:Drivers/STM32F1xx_HAL_Driver/Src/stm32f1xx_hal_tim_ex.c **** HAL_StatusTypeDef HAL_TIMEx_ConfigCommutEvent_DMA(TIM_HandleTypeDef *htim, uint32_t  InputTrigger,
1871:Drivers/STM32F1xx_HAL_Driver/Src/stm32f1xx_hal_tim_ex.c ****                                                   uint32_t  CommutationSource)
1872:Drivers/STM32F1xx_HAL_Driver/Src/stm32f1xx_hal_tim_ex.c **** {
1873:Drivers/STM32F1xx_HAL_Driver/Src/stm32f1xx_hal_tim_ex.c ****   /* Check the parameters */
1874:Drivers/STM32F1xx_HAL_Driver/Src/stm32f1xx_hal_tim_ex.c ****   assert_param(IS_TIM_COMMUTATION_EVENT_INSTANCE(htim->Instance));
1875:Drivers/STM32F1xx_HAL_Driver/Src/stm32f1xx_hal_tim_ex.c ****   assert_param(IS_TIM_INTERNAL_TRIGGEREVENT_SELECTION(InputTrigger));
1876:Drivers/STM32F1xx_HAL_Driver/Src/stm32f1xx_hal_tim_ex.c **** 
1877:Drivers/STM32F1xx_HAL_Driver/Src/stm32f1xx_hal_tim_ex.c ****   __HAL_LOCK(htim);
1878:Drivers/STM32F1xx_HAL_Driver/Src/stm32f1xx_hal_tim_ex.c **** 
1879:Drivers/STM32F1xx_HAL_Driver/Src/stm32f1xx_hal_tim_ex.c ****   if ((InputTrigger == TIM_TS_ITR0) || (InputTrigger == TIM_TS_ITR1) ||
1880:Drivers/STM32F1xx_HAL_Driver/Src/stm32f1xx_hal_tim_ex.c ****       (InputTrigger == TIM_TS_ITR2) || (InputTrigger == TIM_TS_ITR3))
1881:Drivers/STM32F1xx_HAL_Driver/Src/stm32f1xx_hal_tim_ex.c ****   {
1882:Drivers/STM32F1xx_HAL_Driver/Src/stm32f1xx_hal_tim_ex.c ****     /* Select the Input trigger */
1883:Drivers/STM32F1xx_HAL_Driver/Src/stm32f1xx_hal_tim_ex.c ****     htim->Instance->SMCR &= ~TIM_SMCR_TS;
1884:Drivers/STM32F1xx_HAL_Driver/Src/stm32f1xx_hal_tim_ex.c ****     htim->Instance->SMCR |= InputTrigger;
1885:Drivers/STM32F1xx_HAL_Driver/Src/stm32f1xx_hal_tim_ex.c ****   }
1886:Drivers/STM32F1xx_HAL_Driver/Src/stm32f1xx_hal_tim_ex.c **** 
1887:Drivers/STM32F1xx_HAL_Driver/Src/stm32f1xx_hal_tim_ex.c ****   /* Select the Capture Compare preload feature */
1888:Drivers/STM32F1xx_HAL_Driver/Src/stm32f1xx_hal_tim_ex.c ****   htim->Instance->CR2 |= TIM_CR2_CCPC;
1889:Drivers/STM32F1xx_HAL_Driver/Src/stm32f1xx_hal_tim_ex.c ****   /* Select the Commutation event source */
1890:Drivers/STM32F1xx_HAL_Driver/Src/stm32f1xx_hal_tim_ex.c ****   htim->Instance->CR2 &= ~TIM_CR2_CCUS;
1891:Drivers/STM32F1xx_HAL_Driver/Src/stm32f1xx_hal_tim_ex.c ****   htim->Instance->CR2 |= CommutationSource;
1892:Drivers/STM32F1xx_HAL_Driver/Src/stm32f1xx_hal_tim_ex.c **** 
1893:Drivers/STM32F1xx_HAL_Driver/Src/stm32f1xx_hal_tim_ex.c ****   /* Enable the Commutation DMA Request */
1894:Drivers/STM32F1xx_HAL_Driver/Src/stm32f1xx_hal_tim_ex.c ****   /* Set the DMA Commutation Callback */
1895:Drivers/STM32F1xx_HAL_Driver/Src/stm32f1xx_hal_tim_ex.c ****   htim->hdma[TIM_DMA_ID_COMMUTATION]->XferCpltCallback = TIMEx_DMACommutationCplt;
1896:Drivers/STM32F1xx_HAL_Driver/Src/stm32f1xx_hal_tim_ex.c ****   htim->hdma[TIM_DMA_ID_COMMUTATION]->XferHalfCpltCallback = TIMEx_DMACommutationHalfCplt;
1897:Drivers/STM32F1xx_HAL_Driver/Src/stm32f1xx_hal_tim_ex.c ****   /* Set the DMA error callback */
1898:Drivers/STM32F1xx_HAL_Driver/Src/stm32f1xx_hal_tim_ex.c ****   htim->hdma[TIM_DMA_ID_COMMUTATION]->XferErrorCallback = TIM_DMAError;
1899:Drivers/STM32F1xx_HAL_Driver/Src/stm32f1xx_hal_tim_ex.c **** 
1900:Drivers/STM32F1xx_HAL_Driver/Src/stm32f1xx_hal_tim_ex.c ****   /* Disable Commutation Interrupt */
1901:Drivers/STM32F1xx_HAL_Driver/Src/stm32f1xx_hal_tim_ex.c ****   __HAL_TIM_DISABLE_IT(htim, TIM_IT_COM);
1902:Drivers/STM32F1xx_HAL_Driver/Src/stm32f1xx_hal_tim_ex.c **** 
1903:Drivers/STM32F1xx_HAL_Driver/Src/stm32f1xx_hal_tim_ex.c ****   /* Enable the Commutation DMA Request */
1904:Drivers/STM32F1xx_HAL_Driver/Src/stm32f1xx_hal_tim_ex.c ****   __HAL_TIM_ENABLE_DMA(htim, TIM_DMA_COM);
1905:Drivers/STM32F1xx_HAL_Driver/Src/stm32f1xx_hal_tim_ex.c **** 
1906:Drivers/STM32F1xx_HAL_Driver/Src/stm32f1xx_hal_tim_ex.c ****   __HAL_UNLOCK(htim);
1907:Drivers/STM32F1xx_HAL_Driver/Src/stm32f1xx_hal_tim_ex.c **** 
1908:Drivers/STM32F1xx_HAL_Driver/Src/stm32f1xx_hal_tim_ex.c ****   return HAL_OK;
1909:Drivers/STM32F1xx_HAL_Driver/Src/stm32f1xx_hal_tim_ex.c **** }
1910:Drivers/STM32F1xx_HAL_Driver/Src/stm32f1xx_hal_tim_ex.c **** 
1911:Drivers/STM32F1xx_HAL_Driver/Src/stm32f1xx_hal_tim_ex.c **** /**
1912:Drivers/STM32F1xx_HAL_Driver/Src/stm32f1xx_hal_tim_ex.c ****   * @brief  Configures the TIM in master mode.
1913:Drivers/STM32F1xx_HAL_Driver/Src/stm32f1xx_hal_tim_ex.c ****   * @param  htim TIM handle.
ARM GAS  C:\Users\Korisnik\AppData\Local\Temp\cckoF0Cb.s 			page 35


1914:Drivers/STM32F1xx_HAL_Driver/Src/stm32f1xx_hal_tim_ex.c ****   * @param  sMasterConfig pointer to a TIM_MasterConfigTypeDef structure that
1915:Drivers/STM32F1xx_HAL_Driver/Src/stm32f1xx_hal_tim_ex.c ****   *         contains the selected trigger output (TRGO) and the Master/Slave
1916:Drivers/STM32F1xx_HAL_Driver/Src/stm32f1xx_hal_tim_ex.c ****   *         mode.
1917:Drivers/STM32F1xx_HAL_Driver/Src/stm32f1xx_hal_tim_ex.c ****   * @retval HAL status
1918:Drivers/STM32F1xx_HAL_Driver/Src/stm32f1xx_hal_tim_ex.c ****   */
1919:Drivers/STM32F1xx_HAL_Driver/Src/stm32f1xx_hal_tim_ex.c **** HAL_StatusTypeDef HAL_TIMEx_MasterConfigSynchronization(TIM_HandleTypeDef *htim,
1920:Drivers/STM32F1xx_HAL_Driver/Src/stm32f1xx_hal_tim_ex.c ****                                                         TIM_MasterConfigTypeDef *sMasterConfig)
1921:Drivers/STM32F1xx_HAL_Driver/Src/stm32f1xx_hal_tim_ex.c **** {
1922:Drivers/STM32F1xx_HAL_Driver/Src/stm32f1xx_hal_tim_ex.c ****   uint32_t tmpcr2;
1923:Drivers/STM32F1xx_HAL_Driver/Src/stm32f1xx_hal_tim_ex.c ****   uint32_t tmpsmcr;
1924:Drivers/STM32F1xx_HAL_Driver/Src/stm32f1xx_hal_tim_ex.c **** 
1925:Drivers/STM32F1xx_HAL_Driver/Src/stm32f1xx_hal_tim_ex.c ****   /* Check the parameters */
1926:Drivers/STM32F1xx_HAL_Driver/Src/stm32f1xx_hal_tim_ex.c ****   assert_param(IS_TIM_MASTER_INSTANCE(htim->Instance));
1927:Drivers/STM32F1xx_HAL_Driver/Src/stm32f1xx_hal_tim_ex.c ****   assert_param(IS_TIM_TRGO_SOURCE(sMasterConfig->MasterOutputTrigger));
1928:Drivers/STM32F1xx_HAL_Driver/Src/stm32f1xx_hal_tim_ex.c ****   assert_param(IS_TIM_MSM_STATE(sMasterConfig->MasterSlaveMode));
1929:Drivers/STM32F1xx_HAL_Driver/Src/stm32f1xx_hal_tim_ex.c **** 
1930:Drivers/STM32F1xx_HAL_Driver/Src/stm32f1xx_hal_tim_ex.c ****   /* Check input state */
1931:Drivers/STM32F1xx_HAL_Driver/Src/stm32f1xx_hal_tim_ex.c ****   __HAL_LOCK(htim);
1932:Drivers/STM32F1xx_HAL_Driver/Src/stm32f1xx_hal_tim_ex.c **** 
1933:Drivers/STM32F1xx_HAL_Driver/Src/stm32f1xx_hal_tim_ex.c ****   /* Change the handler state */
1934:Drivers/STM32F1xx_HAL_Driver/Src/stm32f1xx_hal_tim_ex.c ****   htim->State = HAL_TIM_STATE_BUSY;
1935:Drivers/STM32F1xx_HAL_Driver/Src/stm32f1xx_hal_tim_ex.c **** 
1936:Drivers/STM32F1xx_HAL_Driver/Src/stm32f1xx_hal_tim_ex.c ****   /* Get the TIMx CR2 register value */
1937:Drivers/STM32F1xx_HAL_Driver/Src/stm32f1xx_hal_tim_ex.c ****   tmpcr2 = htim->Instance->CR2;
1938:Drivers/STM32F1xx_HAL_Driver/Src/stm32f1xx_hal_tim_ex.c **** 
1939:Drivers/STM32F1xx_HAL_Driver/Src/stm32f1xx_hal_tim_ex.c ****   /* Get the TIMx SMCR register value */
1940:Drivers/STM32F1xx_HAL_Driver/Src/stm32f1xx_hal_tim_ex.c ****   tmpsmcr = htim->Instance->SMCR;
1941:Drivers/STM32F1xx_HAL_Driver/Src/stm32f1xx_hal_tim_ex.c **** 
1942:Drivers/STM32F1xx_HAL_Driver/Src/stm32f1xx_hal_tim_ex.c ****   /* Reset the MMS Bits */
1943:Drivers/STM32F1xx_HAL_Driver/Src/stm32f1xx_hal_tim_ex.c ****   tmpcr2 &= ~TIM_CR2_MMS;
1944:Drivers/STM32F1xx_HAL_Driver/Src/stm32f1xx_hal_tim_ex.c ****   /* Select the TRGO source */
1945:Drivers/STM32F1xx_HAL_Driver/Src/stm32f1xx_hal_tim_ex.c ****   tmpcr2 |=  sMasterConfig->MasterOutputTrigger;
1946:Drivers/STM32F1xx_HAL_Driver/Src/stm32f1xx_hal_tim_ex.c **** 
1947:Drivers/STM32F1xx_HAL_Driver/Src/stm32f1xx_hal_tim_ex.c ****   /* Update TIMx CR2 */
1948:Drivers/STM32F1xx_HAL_Driver/Src/stm32f1xx_hal_tim_ex.c ****   htim->Instance->CR2 = tmpcr2;
1949:Drivers/STM32F1xx_HAL_Driver/Src/stm32f1xx_hal_tim_ex.c **** 
1950:Drivers/STM32F1xx_HAL_Driver/Src/stm32f1xx_hal_tim_ex.c ****   if (IS_TIM_SLAVE_INSTANCE(htim->Instance))
1951:Drivers/STM32F1xx_HAL_Driver/Src/stm32f1xx_hal_tim_ex.c ****   {
1952:Drivers/STM32F1xx_HAL_Driver/Src/stm32f1xx_hal_tim_ex.c ****     /* Reset the MSM Bit */
1953:Drivers/STM32F1xx_HAL_Driver/Src/stm32f1xx_hal_tim_ex.c ****     tmpsmcr &= ~TIM_SMCR_MSM;
1954:Drivers/STM32F1xx_HAL_Driver/Src/stm32f1xx_hal_tim_ex.c ****     /* Set master mode */
1955:Drivers/STM32F1xx_HAL_Driver/Src/stm32f1xx_hal_tim_ex.c ****     tmpsmcr |= sMasterConfig->MasterSlaveMode;
1956:Drivers/STM32F1xx_HAL_Driver/Src/stm32f1xx_hal_tim_ex.c **** 
1957:Drivers/STM32F1xx_HAL_Driver/Src/stm32f1xx_hal_tim_ex.c ****     /* Update TIMx SMCR */
1958:Drivers/STM32F1xx_HAL_Driver/Src/stm32f1xx_hal_tim_ex.c ****     htim->Instance->SMCR = tmpsmcr;
1959:Drivers/STM32F1xx_HAL_Driver/Src/stm32f1xx_hal_tim_ex.c ****   }
1960:Drivers/STM32F1xx_HAL_Driver/Src/stm32f1xx_hal_tim_ex.c **** 
1961:Drivers/STM32F1xx_HAL_Driver/Src/stm32f1xx_hal_tim_ex.c ****   /* Change the htim state */
1962:Drivers/STM32F1xx_HAL_Driver/Src/stm32f1xx_hal_tim_ex.c ****   htim->State = HAL_TIM_STATE_READY;
1963:Drivers/STM32F1xx_HAL_Driver/Src/stm32f1xx_hal_tim_ex.c **** 
1964:Drivers/STM32F1xx_HAL_Driver/Src/stm32f1xx_hal_tim_ex.c ****   __HAL_UNLOCK(htim);
1965:Drivers/STM32F1xx_HAL_Driver/Src/stm32f1xx_hal_tim_ex.c **** 
1966:Drivers/STM32F1xx_HAL_Driver/Src/stm32f1xx_hal_tim_ex.c ****   return HAL_OK;
1967:Drivers/STM32F1xx_HAL_Driver/Src/stm32f1xx_hal_tim_ex.c **** }
1968:Drivers/STM32F1xx_HAL_Driver/Src/stm32f1xx_hal_tim_ex.c **** 
1969:Drivers/STM32F1xx_HAL_Driver/Src/stm32f1xx_hal_tim_ex.c **** /**
1970:Drivers/STM32F1xx_HAL_Driver/Src/stm32f1xx_hal_tim_ex.c ****   * @brief  Configures the Break feature, dead time, Lock level, OSSI/OSSR State
ARM GAS  C:\Users\Korisnik\AppData\Local\Temp\cckoF0Cb.s 			page 36


1971:Drivers/STM32F1xx_HAL_Driver/Src/stm32f1xx_hal_tim_ex.c ****   *         and the AOE(automatic output enable).
1972:Drivers/STM32F1xx_HAL_Driver/Src/stm32f1xx_hal_tim_ex.c ****   * @param  htim TIM handle
1973:Drivers/STM32F1xx_HAL_Driver/Src/stm32f1xx_hal_tim_ex.c ****   * @param  sBreakDeadTimeConfig pointer to a TIM_ConfigBreakDeadConfigTypeDef structure that
1974:Drivers/STM32F1xx_HAL_Driver/Src/stm32f1xx_hal_tim_ex.c ****   *         contains the BDTR Register configuration  information for the TIM peripheral.
1975:Drivers/STM32F1xx_HAL_Driver/Src/stm32f1xx_hal_tim_ex.c ****   * @note   Interrupts can be generated when an active level is detected on the
1976:Drivers/STM32F1xx_HAL_Driver/Src/stm32f1xx_hal_tim_ex.c ****   *         break input, the break 2 input or the system break input. Break
1977:Drivers/STM32F1xx_HAL_Driver/Src/stm32f1xx_hal_tim_ex.c ****   *         interrupt can be enabled by calling the @ref __HAL_TIM_ENABLE_IT macro.
1978:Drivers/STM32F1xx_HAL_Driver/Src/stm32f1xx_hal_tim_ex.c ****   * @retval HAL status
1979:Drivers/STM32F1xx_HAL_Driver/Src/stm32f1xx_hal_tim_ex.c ****   */
1980:Drivers/STM32F1xx_HAL_Driver/Src/stm32f1xx_hal_tim_ex.c **** HAL_StatusTypeDef HAL_TIMEx_ConfigBreakDeadTime(TIM_HandleTypeDef *htim,
1981:Drivers/STM32F1xx_HAL_Driver/Src/stm32f1xx_hal_tim_ex.c ****                                                 TIM_BreakDeadTimeConfigTypeDef *sBreakDeadTimeConfi
1982:Drivers/STM32F1xx_HAL_Driver/Src/stm32f1xx_hal_tim_ex.c **** {
1983:Drivers/STM32F1xx_HAL_Driver/Src/stm32f1xx_hal_tim_ex.c ****   /* Keep this variable initialized to 0 as it is used to configure BDTR register */
1984:Drivers/STM32F1xx_HAL_Driver/Src/stm32f1xx_hal_tim_ex.c ****   uint32_t tmpbdtr = 0U;
1985:Drivers/STM32F1xx_HAL_Driver/Src/stm32f1xx_hal_tim_ex.c **** 
1986:Drivers/STM32F1xx_HAL_Driver/Src/stm32f1xx_hal_tim_ex.c ****   /* Check the parameters */
1987:Drivers/STM32F1xx_HAL_Driver/Src/stm32f1xx_hal_tim_ex.c ****   assert_param(IS_TIM_BREAK_INSTANCE(htim->Instance));
1988:Drivers/STM32F1xx_HAL_Driver/Src/stm32f1xx_hal_tim_ex.c ****   assert_param(IS_TIM_OSSR_STATE(sBreakDeadTimeConfig->OffStateRunMode));
1989:Drivers/STM32F1xx_HAL_Driver/Src/stm32f1xx_hal_tim_ex.c ****   assert_param(IS_TIM_OSSI_STATE(sBreakDeadTimeConfig->OffStateIDLEMode));
1990:Drivers/STM32F1xx_HAL_Driver/Src/stm32f1xx_hal_tim_ex.c ****   assert_param(IS_TIM_LOCK_LEVEL(sBreakDeadTimeConfig->LockLevel));
1991:Drivers/STM32F1xx_HAL_Driver/Src/stm32f1xx_hal_tim_ex.c ****   assert_param(IS_TIM_DEADTIME(sBreakDeadTimeConfig->DeadTime));
1992:Drivers/STM32F1xx_HAL_Driver/Src/stm32f1xx_hal_tim_ex.c ****   assert_param(IS_TIM_BREAK_STATE(sBreakDeadTimeConfig->BreakState));
1993:Drivers/STM32F1xx_HAL_Driver/Src/stm32f1xx_hal_tim_ex.c ****   assert_param(IS_TIM_BREAK_POLARITY(sBreakDeadTimeConfig->BreakPolarity));
1994:Drivers/STM32F1xx_HAL_Driver/Src/stm32f1xx_hal_tim_ex.c ****   assert_param(IS_TIM_AUTOMATIC_OUTPUT_STATE(sBreakDeadTimeConfig->AutomaticOutput));
1995:Drivers/STM32F1xx_HAL_Driver/Src/stm32f1xx_hal_tim_ex.c **** 
1996:Drivers/STM32F1xx_HAL_Driver/Src/stm32f1xx_hal_tim_ex.c ****   /* Check input state */
1997:Drivers/STM32F1xx_HAL_Driver/Src/stm32f1xx_hal_tim_ex.c ****   __HAL_LOCK(htim);
1998:Drivers/STM32F1xx_HAL_Driver/Src/stm32f1xx_hal_tim_ex.c **** 
1999:Drivers/STM32F1xx_HAL_Driver/Src/stm32f1xx_hal_tim_ex.c ****   /* Set the Lock level, the Break enable Bit and the Polarity, the OSSR State,
2000:Drivers/STM32F1xx_HAL_Driver/Src/stm32f1xx_hal_tim_ex.c ****      the OSSI State, the dead time value and the Automatic Output Enable Bit */
2001:Drivers/STM32F1xx_HAL_Driver/Src/stm32f1xx_hal_tim_ex.c **** 
2002:Drivers/STM32F1xx_HAL_Driver/Src/stm32f1xx_hal_tim_ex.c ****   /* Set the BDTR bits */
2003:Drivers/STM32F1xx_HAL_Driver/Src/stm32f1xx_hal_tim_ex.c ****   MODIFY_REG(tmpbdtr, TIM_BDTR_DTG, sBreakDeadTimeConfig->DeadTime);
2004:Drivers/STM32F1xx_HAL_Driver/Src/stm32f1xx_hal_tim_ex.c ****   MODIFY_REG(tmpbdtr, TIM_BDTR_LOCK, sBreakDeadTimeConfig->LockLevel);
2005:Drivers/STM32F1xx_HAL_Driver/Src/stm32f1xx_hal_tim_ex.c ****   MODIFY_REG(tmpbdtr, TIM_BDTR_OSSI, sBreakDeadTimeConfig->OffStateIDLEMode);
2006:Drivers/STM32F1xx_HAL_Driver/Src/stm32f1xx_hal_tim_ex.c ****   MODIFY_REG(tmpbdtr, TIM_BDTR_OSSR, sBreakDeadTimeConfig->OffStateRunMode);
2007:Drivers/STM32F1xx_HAL_Driver/Src/stm32f1xx_hal_tim_ex.c ****   MODIFY_REG(tmpbdtr, TIM_BDTR_BKE, sBreakDeadTimeConfig->BreakState);
2008:Drivers/STM32F1xx_HAL_Driver/Src/stm32f1xx_hal_tim_ex.c ****   MODIFY_REG(tmpbdtr, TIM_BDTR_BKP, sBreakDeadTimeConfig->BreakPolarity);
2009:Drivers/STM32F1xx_HAL_Driver/Src/stm32f1xx_hal_tim_ex.c ****   MODIFY_REG(tmpbdtr, TIM_BDTR_AOE, sBreakDeadTimeConfig->AutomaticOutput);
2010:Drivers/STM32F1xx_HAL_Driver/Src/stm32f1xx_hal_tim_ex.c **** 
2011:Drivers/STM32F1xx_HAL_Driver/Src/stm32f1xx_hal_tim_ex.c **** 
2012:Drivers/STM32F1xx_HAL_Driver/Src/stm32f1xx_hal_tim_ex.c ****   /* Set TIMx_BDTR */
2013:Drivers/STM32F1xx_HAL_Driver/Src/stm32f1xx_hal_tim_ex.c ****   htim->Instance->BDTR = tmpbdtr;
2014:Drivers/STM32F1xx_HAL_Driver/Src/stm32f1xx_hal_tim_ex.c **** 
2015:Drivers/STM32F1xx_HAL_Driver/Src/stm32f1xx_hal_tim_ex.c ****   __HAL_UNLOCK(htim);
2016:Drivers/STM32F1xx_HAL_Driver/Src/stm32f1xx_hal_tim_ex.c **** 
2017:Drivers/STM32F1xx_HAL_Driver/Src/stm32f1xx_hal_tim_ex.c ****   return HAL_OK;
2018:Drivers/STM32F1xx_HAL_Driver/Src/stm32f1xx_hal_tim_ex.c **** }
2019:Drivers/STM32F1xx_HAL_Driver/Src/stm32f1xx_hal_tim_ex.c **** 
2020:Drivers/STM32F1xx_HAL_Driver/Src/stm32f1xx_hal_tim_ex.c **** /**
2021:Drivers/STM32F1xx_HAL_Driver/Src/stm32f1xx_hal_tim_ex.c ****   * @brief  Configures the TIMx Remapping input capabilities.
2022:Drivers/STM32F1xx_HAL_Driver/Src/stm32f1xx_hal_tim_ex.c ****   * @param  htim TIM handle.
2023:Drivers/STM32F1xx_HAL_Driver/Src/stm32f1xx_hal_tim_ex.c ****   * @param  Remap specifies the TIM remapping source.
2024:Drivers/STM32F1xx_HAL_Driver/Src/stm32f1xx_hal_tim_ex.c ****   *
2025:Drivers/STM32F1xx_HAL_Driver/Src/stm32f1xx_hal_tim_ex.c ****   * @retval HAL status
2026:Drivers/STM32F1xx_HAL_Driver/Src/stm32f1xx_hal_tim_ex.c ****   */
2027:Drivers/STM32F1xx_HAL_Driver/Src/stm32f1xx_hal_tim_ex.c **** HAL_StatusTypeDef HAL_TIMEx_RemapConfig(TIM_HandleTypeDef *htim, uint32_t Remap)
ARM GAS  C:\Users\Korisnik\AppData\Local\Temp\cckoF0Cb.s 			page 37


2028:Drivers/STM32F1xx_HAL_Driver/Src/stm32f1xx_hal_tim_ex.c **** {
2029:Drivers/STM32F1xx_HAL_Driver/Src/stm32f1xx_hal_tim_ex.c ****   /* Prevent unused argument(s) compilation warning */
2030:Drivers/STM32F1xx_HAL_Driver/Src/stm32f1xx_hal_tim_ex.c ****   UNUSED(htim);
2031:Drivers/STM32F1xx_HAL_Driver/Src/stm32f1xx_hal_tim_ex.c ****   UNUSED(Remap);
2032:Drivers/STM32F1xx_HAL_Driver/Src/stm32f1xx_hal_tim_ex.c **** 
2033:Drivers/STM32F1xx_HAL_Driver/Src/stm32f1xx_hal_tim_ex.c ****   return HAL_OK;
2034:Drivers/STM32F1xx_HAL_Driver/Src/stm32f1xx_hal_tim_ex.c **** }
2035:Drivers/STM32F1xx_HAL_Driver/Src/stm32f1xx_hal_tim_ex.c **** 
2036:Drivers/STM32F1xx_HAL_Driver/Src/stm32f1xx_hal_tim_ex.c **** /**
2037:Drivers/STM32F1xx_HAL_Driver/Src/stm32f1xx_hal_tim_ex.c ****   * @}
2038:Drivers/STM32F1xx_HAL_Driver/Src/stm32f1xx_hal_tim_ex.c ****   */
2039:Drivers/STM32F1xx_HAL_Driver/Src/stm32f1xx_hal_tim_ex.c **** 
2040:Drivers/STM32F1xx_HAL_Driver/Src/stm32f1xx_hal_tim_ex.c **** /** @defgroup TIMEx_Exported_Functions_Group6 Extended Callbacks functions
2041:Drivers/STM32F1xx_HAL_Driver/Src/stm32f1xx_hal_tim_ex.c ****   * @brief    Extended Callbacks functions
2042:Drivers/STM32F1xx_HAL_Driver/Src/stm32f1xx_hal_tim_ex.c ****   *
2043:Drivers/STM32F1xx_HAL_Driver/Src/stm32f1xx_hal_tim_ex.c **** @verbatim
2044:Drivers/STM32F1xx_HAL_Driver/Src/stm32f1xx_hal_tim_ex.c ****   ==============================================================================
2045:Drivers/STM32F1xx_HAL_Driver/Src/stm32f1xx_hal_tim_ex.c ****                     ##### Extended Callbacks functions #####
2046:Drivers/STM32F1xx_HAL_Driver/Src/stm32f1xx_hal_tim_ex.c ****   ==============================================================================
2047:Drivers/STM32F1xx_HAL_Driver/Src/stm32f1xx_hal_tim_ex.c ****   [..]
2048:Drivers/STM32F1xx_HAL_Driver/Src/stm32f1xx_hal_tim_ex.c ****     This section provides Extended TIM callback functions:
2049:Drivers/STM32F1xx_HAL_Driver/Src/stm32f1xx_hal_tim_ex.c ****     (+) Timer Commutation callback
2050:Drivers/STM32F1xx_HAL_Driver/Src/stm32f1xx_hal_tim_ex.c ****     (+) Timer Break callback
2051:Drivers/STM32F1xx_HAL_Driver/Src/stm32f1xx_hal_tim_ex.c **** 
2052:Drivers/STM32F1xx_HAL_Driver/Src/stm32f1xx_hal_tim_ex.c **** @endverbatim
2053:Drivers/STM32F1xx_HAL_Driver/Src/stm32f1xx_hal_tim_ex.c ****   * @{
2054:Drivers/STM32F1xx_HAL_Driver/Src/stm32f1xx_hal_tim_ex.c ****   */
2055:Drivers/STM32F1xx_HAL_Driver/Src/stm32f1xx_hal_tim_ex.c **** 
2056:Drivers/STM32F1xx_HAL_Driver/Src/stm32f1xx_hal_tim_ex.c **** /**
2057:Drivers/STM32F1xx_HAL_Driver/Src/stm32f1xx_hal_tim_ex.c ****   * @brief  Hall commutation changed callback in non-blocking mode
2058:Drivers/STM32F1xx_HAL_Driver/Src/stm32f1xx_hal_tim_ex.c ****   * @param  htim TIM handle
2059:Drivers/STM32F1xx_HAL_Driver/Src/stm32f1xx_hal_tim_ex.c ****   * @retval None
2060:Drivers/STM32F1xx_HAL_Driver/Src/stm32f1xx_hal_tim_ex.c ****   */
2061:Drivers/STM32F1xx_HAL_Driver/Src/stm32f1xx_hal_tim_ex.c **** __weak void HAL_TIMEx_CommutCallback(TIM_HandleTypeDef *htim)
2062:Drivers/STM32F1xx_HAL_Driver/Src/stm32f1xx_hal_tim_ex.c **** {
2063:Drivers/STM32F1xx_HAL_Driver/Src/stm32f1xx_hal_tim_ex.c ****   /* Prevent unused argument(s) compilation warning */
2064:Drivers/STM32F1xx_HAL_Driver/Src/stm32f1xx_hal_tim_ex.c ****   UNUSED(htim);
2065:Drivers/STM32F1xx_HAL_Driver/Src/stm32f1xx_hal_tim_ex.c **** 
2066:Drivers/STM32F1xx_HAL_Driver/Src/stm32f1xx_hal_tim_ex.c ****   /* NOTE : This function should not be modified, when the callback is needed,
2067:Drivers/STM32F1xx_HAL_Driver/Src/stm32f1xx_hal_tim_ex.c ****             the HAL_TIMEx_CommutCallback could be implemented in the user file
2068:Drivers/STM32F1xx_HAL_Driver/Src/stm32f1xx_hal_tim_ex.c ****    */
2069:Drivers/STM32F1xx_HAL_Driver/Src/stm32f1xx_hal_tim_ex.c **** }
2070:Drivers/STM32F1xx_HAL_Driver/Src/stm32f1xx_hal_tim_ex.c **** /**
2071:Drivers/STM32F1xx_HAL_Driver/Src/stm32f1xx_hal_tim_ex.c ****   * @brief  Hall commutation changed half complete callback in non-blocking mode
2072:Drivers/STM32F1xx_HAL_Driver/Src/stm32f1xx_hal_tim_ex.c ****   * @param  htim TIM handle
2073:Drivers/STM32F1xx_HAL_Driver/Src/stm32f1xx_hal_tim_ex.c ****   * @retval None
2074:Drivers/STM32F1xx_HAL_Driver/Src/stm32f1xx_hal_tim_ex.c ****   */
2075:Drivers/STM32F1xx_HAL_Driver/Src/stm32f1xx_hal_tim_ex.c **** __weak void HAL_TIMEx_CommutHalfCpltCallback(TIM_HandleTypeDef *htim)
2076:Drivers/STM32F1xx_HAL_Driver/Src/stm32f1xx_hal_tim_ex.c **** {
2077:Drivers/STM32F1xx_HAL_Driver/Src/stm32f1xx_hal_tim_ex.c ****   /* Prevent unused argument(s) compilation warning */
2078:Drivers/STM32F1xx_HAL_Driver/Src/stm32f1xx_hal_tim_ex.c ****   UNUSED(htim);
2079:Drivers/STM32F1xx_HAL_Driver/Src/stm32f1xx_hal_tim_ex.c **** 
2080:Drivers/STM32F1xx_HAL_Driver/Src/stm32f1xx_hal_tim_ex.c ****   /* NOTE : This function should not be modified, when the callback is needed,
2081:Drivers/STM32F1xx_HAL_Driver/Src/stm32f1xx_hal_tim_ex.c ****             the HAL_TIMEx_CommutHalfCpltCallback could be implemented in the user file
2082:Drivers/STM32F1xx_HAL_Driver/Src/stm32f1xx_hal_tim_ex.c ****    */
2083:Drivers/STM32F1xx_HAL_Driver/Src/stm32f1xx_hal_tim_ex.c **** }
2084:Drivers/STM32F1xx_HAL_Driver/Src/stm32f1xx_hal_tim_ex.c **** 
ARM GAS  C:\Users\Korisnik\AppData\Local\Temp\cckoF0Cb.s 			page 38


2085:Drivers/STM32F1xx_HAL_Driver/Src/stm32f1xx_hal_tim_ex.c **** /**
2086:Drivers/STM32F1xx_HAL_Driver/Src/stm32f1xx_hal_tim_ex.c ****   * @brief  Hall Break detection callback in non-blocking mode
2087:Drivers/STM32F1xx_HAL_Driver/Src/stm32f1xx_hal_tim_ex.c ****   * @param  htim TIM handle
2088:Drivers/STM32F1xx_HAL_Driver/Src/stm32f1xx_hal_tim_ex.c ****   * @retval None
2089:Drivers/STM32F1xx_HAL_Driver/Src/stm32f1xx_hal_tim_ex.c ****   */
2090:Drivers/STM32F1xx_HAL_Driver/Src/stm32f1xx_hal_tim_ex.c **** __weak void HAL_TIMEx_BreakCallback(TIM_HandleTypeDef *htim)
2091:Drivers/STM32F1xx_HAL_Driver/Src/stm32f1xx_hal_tim_ex.c **** {
2092:Drivers/STM32F1xx_HAL_Driver/Src/stm32f1xx_hal_tim_ex.c ****   /* Prevent unused argument(s) compilation warning */
2093:Drivers/STM32F1xx_HAL_Driver/Src/stm32f1xx_hal_tim_ex.c ****   UNUSED(htim);
2094:Drivers/STM32F1xx_HAL_Driver/Src/stm32f1xx_hal_tim_ex.c **** 
2095:Drivers/STM32F1xx_HAL_Driver/Src/stm32f1xx_hal_tim_ex.c ****   /* NOTE : This function should not be modified, when the callback is needed,
2096:Drivers/STM32F1xx_HAL_Driver/Src/stm32f1xx_hal_tim_ex.c ****             the HAL_TIMEx_BreakCallback could be implemented in the user file
2097:Drivers/STM32F1xx_HAL_Driver/Src/stm32f1xx_hal_tim_ex.c ****    */
2098:Drivers/STM32F1xx_HAL_Driver/Src/stm32f1xx_hal_tim_ex.c **** }
2099:Drivers/STM32F1xx_HAL_Driver/Src/stm32f1xx_hal_tim_ex.c **** /**
2100:Drivers/STM32F1xx_HAL_Driver/Src/stm32f1xx_hal_tim_ex.c ****   * @}
2101:Drivers/STM32F1xx_HAL_Driver/Src/stm32f1xx_hal_tim_ex.c ****   */
2102:Drivers/STM32F1xx_HAL_Driver/Src/stm32f1xx_hal_tim_ex.c **** 
2103:Drivers/STM32F1xx_HAL_Driver/Src/stm32f1xx_hal_tim_ex.c **** /** @defgroup TIMEx_Exported_Functions_Group7 Extended Peripheral State functions
2104:Drivers/STM32F1xx_HAL_Driver/Src/stm32f1xx_hal_tim_ex.c ****   * @brief    Extended Peripheral State functions
2105:Drivers/STM32F1xx_HAL_Driver/Src/stm32f1xx_hal_tim_ex.c ****   *
2106:Drivers/STM32F1xx_HAL_Driver/Src/stm32f1xx_hal_tim_ex.c **** @verbatim
2107:Drivers/STM32F1xx_HAL_Driver/Src/stm32f1xx_hal_tim_ex.c ****   ==============================================================================
2108:Drivers/STM32F1xx_HAL_Driver/Src/stm32f1xx_hal_tim_ex.c ****                 ##### Extended Peripheral State functions #####
2109:Drivers/STM32F1xx_HAL_Driver/Src/stm32f1xx_hal_tim_ex.c ****   ==============================================================================
2110:Drivers/STM32F1xx_HAL_Driver/Src/stm32f1xx_hal_tim_ex.c ****   [..]
2111:Drivers/STM32F1xx_HAL_Driver/Src/stm32f1xx_hal_tim_ex.c ****     This subsection permits to get in run-time the status of the peripheral
2112:Drivers/STM32F1xx_HAL_Driver/Src/stm32f1xx_hal_tim_ex.c ****     and the data flow.
2113:Drivers/STM32F1xx_HAL_Driver/Src/stm32f1xx_hal_tim_ex.c **** 
2114:Drivers/STM32F1xx_HAL_Driver/Src/stm32f1xx_hal_tim_ex.c **** @endverbatim
2115:Drivers/STM32F1xx_HAL_Driver/Src/stm32f1xx_hal_tim_ex.c ****   * @{
2116:Drivers/STM32F1xx_HAL_Driver/Src/stm32f1xx_hal_tim_ex.c ****   */
2117:Drivers/STM32F1xx_HAL_Driver/Src/stm32f1xx_hal_tim_ex.c **** 
2118:Drivers/STM32F1xx_HAL_Driver/Src/stm32f1xx_hal_tim_ex.c **** /**
2119:Drivers/STM32F1xx_HAL_Driver/Src/stm32f1xx_hal_tim_ex.c ****   * @brief  Return the TIM Hall Sensor interface handle state.
2120:Drivers/STM32F1xx_HAL_Driver/Src/stm32f1xx_hal_tim_ex.c ****   * @param  htim TIM Hall Sensor handle
2121:Drivers/STM32F1xx_HAL_Driver/Src/stm32f1xx_hal_tim_ex.c ****   * @retval HAL state
2122:Drivers/STM32F1xx_HAL_Driver/Src/stm32f1xx_hal_tim_ex.c ****   */
2123:Drivers/STM32F1xx_HAL_Driver/Src/stm32f1xx_hal_tim_ex.c **** HAL_TIM_StateTypeDef HAL_TIMEx_HallSensor_GetState(TIM_HandleTypeDef *htim)
2124:Drivers/STM32F1xx_HAL_Driver/Src/stm32f1xx_hal_tim_ex.c **** {
2125:Drivers/STM32F1xx_HAL_Driver/Src/stm32f1xx_hal_tim_ex.c ****   return htim->State;
2126:Drivers/STM32F1xx_HAL_Driver/Src/stm32f1xx_hal_tim_ex.c **** }
2127:Drivers/STM32F1xx_HAL_Driver/Src/stm32f1xx_hal_tim_ex.c **** 
2128:Drivers/STM32F1xx_HAL_Driver/Src/stm32f1xx_hal_tim_ex.c **** /**
2129:Drivers/STM32F1xx_HAL_Driver/Src/stm32f1xx_hal_tim_ex.c ****   * @brief  Return actual state of the TIM complementary channel.
2130:Drivers/STM32F1xx_HAL_Driver/Src/stm32f1xx_hal_tim_ex.c ****   * @param  htim TIM handle
2131:Drivers/STM32F1xx_HAL_Driver/Src/stm32f1xx_hal_tim_ex.c ****   * @param  ChannelN TIM Complementary channel
2132:Drivers/STM32F1xx_HAL_Driver/Src/stm32f1xx_hal_tim_ex.c ****   *          This parameter can be one of the following values:
2133:Drivers/STM32F1xx_HAL_Driver/Src/stm32f1xx_hal_tim_ex.c ****   *            @arg TIM_CHANNEL_1: TIM Channel 1
2134:Drivers/STM32F1xx_HAL_Driver/Src/stm32f1xx_hal_tim_ex.c ****   *            @arg TIM_CHANNEL_2: TIM Channel 2
2135:Drivers/STM32F1xx_HAL_Driver/Src/stm32f1xx_hal_tim_ex.c ****   *            @arg TIM_CHANNEL_3: TIM Channel 3
2136:Drivers/STM32F1xx_HAL_Driver/Src/stm32f1xx_hal_tim_ex.c ****   * @retval TIM Complementary channel state
2137:Drivers/STM32F1xx_HAL_Driver/Src/stm32f1xx_hal_tim_ex.c ****   */
2138:Drivers/STM32F1xx_HAL_Driver/Src/stm32f1xx_hal_tim_ex.c **** HAL_TIM_ChannelStateTypeDef HAL_TIMEx_GetChannelNState(TIM_HandleTypeDef *htim,  uint32_t ChannelN)
2139:Drivers/STM32F1xx_HAL_Driver/Src/stm32f1xx_hal_tim_ex.c **** {
2140:Drivers/STM32F1xx_HAL_Driver/Src/stm32f1xx_hal_tim_ex.c ****   HAL_TIM_ChannelStateTypeDef channel_state;
2141:Drivers/STM32F1xx_HAL_Driver/Src/stm32f1xx_hal_tim_ex.c **** 
ARM GAS  C:\Users\Korisnik\AppData\Local\Temp\cckoF0Cb.s 			page 39


2142:Drivers/STM32F1xx_HAL_Driver/Src/stm32f1xx_hal_tim_ex.c ****   /* Check the parameters */
2143:Drivers/STM32F1xx_HAL_Driver/Src/stm32f1xx_hal_tim_ex.c ****   assert_param(IS_TIM_CCXN_INSTANCE(htim->Instance, ChannelN));
2144:Drivers/STM32F1xx_HAL_Driver/Src/stm32f1xx_hal_tim_ex.c **** 
2145:Drivers/STM32F1xx_HAL_Driver/Src/stm32f1xx_hal_tim_ex.c ****   channel_state = TIM_CHANNEL_N_STATE_GET(htim, ChannelN);
2146:Drivers/STM32F1xx_HAL_Driver/Src/stm32f1xx_hal_tim_ex.c **** 
2147:Drivers/STM32F1xx_HAL_Driver/Src/stm32f1xx_hal_tim_ex.c ****   return channel_state;
2148:Drivers/STM32F1xx_HAL_Driver/Src/stm32f1xx_hal_tim_ex.c **** }
2149:Drivers/STM32F1xx_HAL_Driver/Src/stm32f1xx_hal_tim_ex.c **** /**
2150:Drivers/STM32F1xx_HAL_Driver/Src/stm32f1xx_hal_tim_ex.c ****   * @}
2151:Drivers/STM32F1xx_HAL_Driver/Src/stm32f1xx_hal_tim_ex.c ****   */
2152:Drivers/STM32F1xx_HAL_Driver/Src/stm32f1xx_hal_tim_ex.c **** 
2153:Drivers/STM32F1xx_HAL_Driver/Src/stm32f1xx_hal_tim_ex.c **** /**
2154:Drivers/STM32F1xx_HAL_Driver/Src/stm32f1xx_hal_tim_ex.c ****   * @}
2155:Drivers/STM32F1xx_HAL_Driver/Src/stm32f1xx_hal_tim_ex.c ****   */
2156:Drivers/STM32F1xx_HAL_Driver/Src/stm32f1xx_hal_tim_ex.c **** 
2157:Drivers/STM32F1xx_HAL_Driver/Src/stm32f1xx_hal_tim_ex.c **** /* Private functions ---------------------------------------------------------*/
2158:Drivers/STM32F1xx_HAL_Driver/Src/stm32f1xx_hal_tim_ex.c **** /** @defgroup TIMEx_Private_Functions TIMEx Private Functions
2159:Drivers/STM32F1xx_HAL_Driver/Src/stm32f1xx_hal_tim_ex.c ****   * @{
2160:Drivers/STM32F1xx_HAL_Driver/Src/stm32f1xx_hal_tim_ex.c ****   */
2161:Drivers/STM32F1xx_HAL_Driver/Src/stm32f1xx_hal_tim_ex.c **** 
2162:Drivers/STM32F1xx_HAL_Driver/Src/stm32f1xx_hal_tim_ex.c **** /**
2163:Drivers/STM32F1xx_HAL_Driver/Src/stm32f1xx_hal_tim_ex.c ****   * @brief  TIM DMA Commutation callback.
2164:Drivers/STM32F1xx_HAL_Driver/Src/stm32f1xx_hal_tim_ex.c ****   * @param  hdma pointer to DMA handle.
2165:Drivers/STM32F1xx_HAL_Driver/Src/stm32f1xx_hal_tim_ex.c ****   * @retval None
2166:Drivers/STM32F1xx_HAL_Driver/Src/stm32f1xx_hal_tim_ex.c ****   */
2167:Drivers/STM32F1xx_HAL_Driver/Src/stm32f1xx_hal_tim_ex.c **** void TIMEx_DMACommutationCplt(DMA_HandleTypeDef *hdma)
2168:Drivers/STM32F1xx_HAL_Driver/Src/stm32f1xx_hal_tim_ex.c **** {
2169:Drivers/STM32F1xx_HAL_Driver/Src/stm32f1xx_hal_tim_ex.c ****   TIM_HandleTypeDef *htim = (TIM_HandleTypeDef *)((DMA_HandleTypeDef *)hdma)->Parent;
2170:Drivers/STM32F1xx_HAL_Driver/Src/stm32f1xx_hal_tim_ex.c **** 
2171:Drivers/STM32F1xx_HAL_Driver/Src/stm32f1xx_hal_tim_ex.c ****   /* Change the htim state */
2172:Drivers/STM32F1xx_HAL_Driver/Src/stm32f1xx_hal_tim_ex.c ****   htim->State = HAL_TIM_STATE_READY;
2173:Drivers/STM32F1xx_HAL_Driver/Src/stm32f1xx_hal_tim_ex.c **** 
2174:Drivers/STM32F1xx_HAL_Driver/Src/stm32f1xx_hal_tim_ex.c **** #if (USE_HAL_TIM_REGISTER_CALLBACKS == 1)
2175:Drivers/STM32F1xx_HAL_Driver/Src/stm32f1xx_hal_tim_ex.c ****   htim->CommutationCallback(htim);
2176:Drivers/STM32F1xx_HAL_Driver/Src/stm32f1xx_hal_tim_ex.c **** #else
2177:Drivers/STM32F1xx_HAL_Driver/Src/stm32f1xx_hal_tim_ex.c ****   HAL_TIMEx_CommutCallback(htim);
2178:Drivers/STM32F1xx_HAL_Driver/Src/stm32f1xx_hal_tim_ex.c **** #endif /* USE_HAL_TIM_REGISTER_CALLBACKS */
2179:Drivers/STM32F1xx_HAL_Driver/Src/stm32f1xx_hal_tim_ex.c **** }
2180:Drivers/STM32F1xx_HAL_Driver/Src/stm32f1xx_hal_tim_ex.c **** 
2181:Drivers/STM32F1xx_HAL_Driver/Src/stm32f1xx_hal_tim_ex.c **** /**
2182:Drivers/STM32F1xx_HAL_Driver/Src/stm32f1xx_hal_tim_ex.c ****   * @brief  TIM DMA Commutation half complete callback.
2183:Drivers/STM32F1xx_HAL_Driver/Src/stm32f1xx_hal_tim_ex.c ****   * @param  hdma pointer to DMA handle.
2184:Drivers/STM32F1xx_HAL_Driver/Src/stm32f1xx_hal_tim_ex.c ****   * @retval None
2185:Drivers/STM32F1xx_HAL_Driver/Src/stm32f1xx_hal_tim_ex.c ****   */
2186:Drivers/STM32F1xx_HAL_Driver/Src/stm32f1xx_hal_tim_ex.c **** void TIMEx_DMACommutationHalfCplt(DMA_HandleTypeDef *hdma)
2187:Drivers/STM32F1xx_HAL_Driver/Src/stm32f1xx_hal_tim_ex.c **** {
2188:Drivers/STM32F1xx_HAL_Driver/Src/stm32f1xx_hal_tim_ex.c ****   TIM_HandleTypeDef *htim = (TIM_HandleTypeDef *)((DMA_HandleTypeDef *)hdma)->Parent;
2189:Drivers/STM32F1xx_HAL_Driver/Src/stm32f1xx_hal_tim_ex.c **** 
2190:Drivers/STM32F1xx_HAL_Driver/Src/stm32f1xx_hal_tim_ex.c ****   /* Change the htim state */
2191:Drivers/STM32F1xx_HAL_Driver/Src/stm32f1xx_hal_tim_ex.c ****   htim->State = HAL_TIM_STATE_READY;
2192:Drivers/STM32F1xx_HAL_Driver/Src/stm32f1xx_hal_tim_ex.c **** 
2193:Drivers/STM32F1xx_HAL_Driver/Src/stm32f1xx_hal_tim_ex.c **** #if (USE_HAL_TIM_REGISTER_CALLBACKS == 1)
2194:Drivers/STM32F1xx_HAL_Driver/Src/stm32f1xx_hal_tim_ex.c ****   htim->CommutationHalfCpltCallback(htim);
2195:Drivers/STM32F1xx_HAL_Driver/Src/stm32f1xx_hal_tim_ex.c **** #else
2196:Drivers/STM32F1xx_HAL_Driver/Src/stm32f1xx_hal_tim_ex.c ****   HAL_TIMEx_CommutHalfCpltCallback(htim);
2197:Drivers/STM32F1xx_HAL_Driver/Src/stm32f1xx_hal_tim_ex.c **** #endif /* USE_HAL_TIM_REGISTER_CALLBACKS */
2198:Drivers/STM32F1xx_HAL_Driver/Src/stm32f1xx_hal_tim_ex.c **** }
ARM GAS  C:\Users\Korisnik\AppData\Local\Temp\cckoF0Cb.s 			page 40


2199:Drivers/STM32F1xx_HAL_Driver/Src/stm32f1xx_hal_tim_ex.c **** 
2200:Drivers/STM32F1xx_HAL_Driver/Src/stm32f1xx_hal_tim_ex.c **** 
2201:Drivers/STM32F1xx_HAL_Driver/Src/stm32f1xx_hal_tim_ex.c **** /**
2202:Drivers/STM32F1xx_HAL_Driver/Src/stm32f1xx_hal_tim_ex.c ****   * @brief  TIM DMA Delay Pulse complete callback (complementary channel).
2203:Drivers/STM32F1xx_HAL_Driver/Src/stm32f1xx_hal_tim_ex.c ****   * @param  hdma pointer to DMA handle.
2204:Drivers/STM32F1xx_HAL_Driver/Src/stm32f1xx_hal_tim_ex.c ****   * @retval None
2205:Drivers/STM32F1xx_HAL_Driver/Src/stm32f1xx_hal_tim_ex.c ****   */
2206:Drivers/STM32F1xx_HAL_Driver/Src/stm32f1xx_hal_tim_ex.c **** static void TIM_DMADelayPulseNCplt(DMA_HandleTypeDef *hdma)
2207:Drivers/STM32F1xx_HAL_Driver/Src/stm32f1xx_hal_tim_ex.c **** {
2208:Drivers/STM32F1xx_HAL_Driver/Src/stm32f1xx_hal_tim_ex.c ****   TIM_HandleTypeDef *htim = (TIM_HandleTypeDef *)((DMA_HandleTypeDef *)hdma)->Parent;
2209:Drivers/STM32F1xx_HAL_Driver/Src/stm32f1xx_hal_tim_ex.c **** 
2210:Drivers/STM32F1xx_HAL_Driver/Src/stm32f1xx_hal_tim_ex.c ****   if (hdma == htim->hdma[TIM_DMA_ID_CC1])
2211:Drivers/STM32F1xx_HAL_Driver/Src/stm32f1xx_hal_tim_ex.c ****   {
2212:Drivers/STM32F1xx_HAL_Driver/Src/stm32f1xx_hal_tim_ex.c ****     htim->Channel = HAL_TIM_ACTIVE_CHANNEL_1;
2213:Drivers/STM32F1xx_HAL_Driver/Src/stm32f1xx_hal_tim_ex.c **** 
2214:Drivers/STM32F1xx_HAL_Driver/Src/stm32f1xx_hal_tim_ex.c ****     if (hdma->Init.Mode == DMA_NORMAL)
2215:Drivers/STM32F1xx_HAL_Driver/Src/stm32f1xx_hal_tim_ex.c ****     {
2216:Drivers/STM32F1xx_HAL_Driver/Src/stm32f1xx_hal_tim_ex.c ****       TIM_CHANNEL_N_STATE_SET(htim, TIM_CHANNEL_1, HAL_TIM_CHANNEL_STATE_READY);
2217:Drivers/STM32F1xx_HAL_Driver/Src/stm32f1xx_hal_tim_ex.c ****     }
2218:Drivers/STM32F1xx_HAL_Driver/Src/stm32f1xx_hal_tim_ex.c ****   }
2219:Drivers/STM32F1xx_HAL_Driver/Src/stm32f1xx_hal_tim_ex.c ****   else if (hdma == htim->hdma[TIM_DMA_ID_CC2])
2220:Drivers/STM32F1xx_HAL_Driver/Src/stm32f1xx_hal_tim_ex.c ****   {
2221:Drivers/STM32F1xx_HAL_Driver/Src/stm32f1xx_hal_tim_ex.c ****     htim->Channel = HAL_TIM_ACTIVE_CHANNEL_2;
2222:Drivers/STM32F1xx_HAL_Driver/Src/stm32f1xx_hal_tim_ex.c **** 
2223:Drivers/STM32F1xx_HAL_Driver/Src/stm32f1xx_hal_tim_ex.c ****     if (hdma->Init.Mode == DMA_NORMAL)
2224:Drivers/STM32F1xx_HAL_Driver/Src/stm32f1xx_hal_tim_ex.c ****     {
2225:Drivers/STM32F1xx_HAL_Driver/Src/stm32f1xx_hal_tim_ex.c ****       TIM_CHANNEL_N_STATE_SET(htim, TIM_CHANNEL_2, HAL_TIM_CHANNEL_STATE_READY);
2226:Drivers/STM32F1xx_HAL_Driver/Src/stm32f1xx_hal_tim_ex.c ****     }
2227:Drivers/STM32F1xx_HAL_Driver/Src/stm32f1xx_hal_tim_ex.c ****   }
2228:Drivers/STM32F1xx_HAL_Driver/Src/stm32f1xx_hal_tim_ex.c ****   else if (hdma == htim->hdma[TIM_DMA_ID_CC3])
2229:Drivers/STM32F1xx_HAL_Driver/Src/stm32f1xx_hal_tim_ex.c ****   {
2230:Drivers/STM32F1xx_HAL_Driver/Src/stm32f1xx_hal_tim_ex.c ****     htim->Channel = HAL_TIM_ACTIVE_CHANNEL_3;
2231:Drivers/STM32F1xx_HAL_Driver/Src/stm32f1xx_hal_tim_ex.c **** 
2232:Drivers/STM32F1xx_HAL_Driver/Src/stm32f1xx_hal_tim_ex.c ****     if (hdma->Init.Mode == DMA_NORMAL)
2233:Drivers/STM32F1xx_HAL_Driver/Src/stm32f1xx_hal_tim_ex.c ****     {
2234:Drivers/STM32F1xx_HAL_Driver/Src/stm32f1xx_hal_tim_ex.c ****       TIM_CHANNEL_N_STATE_SET(htim, TIM_CHANNEL_3, HAL_TIM_CHANNEL_STATE_READY);
2235:Drivers/STM32F1xx_HAL_Driver/Src/stm32f1xx_hal_tim_ex.c ****     }
2236:Drivers/STM32F1xx_HAL_Driver/Src/stm32f1xx_hal_tim_ex.c ****   }
2237:Drivers/STM32F1xx_HAL_Driver/Src/stm32f1xx_hal_tim_ex.c ****   else if (hdma == htim->hdma[TIM_DMA_ID_CC4])
2238:Drivers/STM32F1xx_HAL_Driver/Src/stm32f1xx_hal_tim_ex.c ****   {
2239:Drivers/STM32F1xx_HAL_Driver/Src/stm32f1xx_hal_tim_ex.c ****     htim->Channel = HAL_TIM_ACTIVE_CHANNEL_4;
2240:Drivers/STM32F1xx_HAL_Driver/Src/stm32f1xx_hal_tim_ex.c **** 
2241:Drivers/STM32F1xx_HAL_Driver/Src/stm32f1xx_hal_tim_ex.c ****     if (hdma->Init.Mode == DMA_NORMAL)
2242:Drivers/STM32F1xx_HAL_Driver/Src/stm32f1xx_hal_tim_ex.c ****     {
2243:Drivers/STM32F1xx_HAL_Driver/Src/stm32f1xx_hal_tim_ex.c ****       TIM_CHANNEL_N_STATE_SET(htim, TIM_CHANNEL_4, HAL_TIM_CHANNEL_STATE_READY);
2244:Drivers/STM32F1xx_HAL_Driver/Src/stm32f1xx_hal_tim_ex.c ****     }
2245:Drivers/STM32F1xx_HAL_Driver/Src/stm32f1xx_hal_tim_ex.c ****   }
2246:Drivers/STM32F1xx_HAL_Driver/Src/stm32f1xx_hal_tim_ex.c ****   else
2247:Drivers/STM32F1xx_HAL_Driver/Src/stm32f1xx_hal_tim_ex.c ****   {
2248:Drivers/STM32F1xx_HAL_Driver/Src/stm32f1xx_hal_tim_ex.c ****     /* nothing to do */
2249:Drivers/STM32F1xx_HAL_Driver/Src/stm32f1xx_hal_tim_ex.c ****   }
2250:Drivers/STM32F1xx_HAL_Driver/Src/stm32f1xx_hal_tim_ex.c **** 
2251:Drivers/STM32F1xx_HAL_Driver/Src/stm32f1xx_hal_tim_ex.c **** #if (USE_HAL_TIM_REGISTER_CALLBACKS == 1)
2252:Drivers/STM32F1xx_HAL_Driver/Src/stm32f1xx_hal_tim_ex.c ****   htim->PWM_PulseFinishedCallback(htim);
2253:Drivers/STM32F1xx_HAL_Driver/Src/stm32f1xx_hal_tim_ex.c **** #else
2254:Drivers/STM32F1xx_HAL_Driver/Src/stm32f1xx_hal_tim_ex.c ****   HAL_TIM_PWM_PulseFinishedCallback(htim);
2255:Drivers/STM32F1xx_HAL_Driver/Src/stm32f1xx_hal_tim_ex.c **** #endif /* USE_HAL_TIM_REGISTER_CALLBACKS */
ARM GAS  C:\Users\Korisnik\AppData\Local\Temp\cckoF0Cb.s 			page 41


2256:Drivers/STM32F1xx_HAL_Driver/Src/stm32f1xx_hal_tim_ex.c **** 
2257:Drivers/STM32F1xx_HAL_Driver/Src/stm32f1xx_hal_tim_ex.c ****   htim->Channel = HAL_TIM_ACTIVE_CHANNEL_CLEARED;
2258:Drivers/STM32F1xx_HAL_Driver/Src/stm32f1xx_hal_tim_ex.c **** }
2259:Drivers/STM32F1xx_HAL_Driver/Src/stm32f1xx_hal_tim_ex.c **** 
2260:Drivers/STM32F1xx_HAL_Driver/Src/stm32f1xx_hal_tim_ex.c **** /**
2261:Drivers/STM32F1xx_HAL_Driver/Src/stm32f1xx_hal_tim_ex.c ****   * @brief  TIM DMA error callback (complementary channel)
2262:Drivers/STM32F1xx_HAL_Driver/Src/stm32f1xx_hal_tim_ex.c ****   * @param  hdma pointer to DMA handle.
2263:Drivers/STM32F1xx_HAL_Driver/Src/stm32f1xx_hal_tim_ex.c ****   * @retval None
2264:Drivers/STM32F1xx_HAL_Driver/Src/stm32f1xx_hal_tim_ex.c ****   */
2265:Drivers/STM32F1xx_HAL_Driver/Src/stm32f1xx_hal_tim_ex.c **** static void TIM_DMAErrorCCxN(DMA_HandleTypeDef *hdma)
2266:Drivers/STM32F1xx_HAL_Driver/Src/stm32f1xx_hal_tim_ex.c **** {
2267:Drivers/STM32F1xx_HAL_Driver/Src/stm32f1xx_hal_tim_ex.c ****   TIM_HandleTypeDef *htim = (TIM_HandleTypeDef *)((DMA_HandleTypeDef *)hdma)->Parent;
2268:Drivers/STM32F1xx_HAL_Driver/Src/stm32f1xx_hal_tim_ex.c **** 
2269:Drivers/STM32F1xx_HAL_Driver/Src/stm32f1xx_hal_tim_ex.c ****   if (hdma == htim->hdma[TIM_DMA_ID_CC1])
2270:Drivers/STM32F1xx_HAL_Driver/Src/stm32f1xx_hal_tim_ex.c ****   {
2271:Drivers/STM32F1xx_HAL_Driver/Src/stm32f1xx_hal_tim_ex.c ****     htim->Channel = HAL_TIM_ACTIVE_CHANNEL_1;
2272:Drivers/STM32F1xx_HAL_Driver/Src/stm32f1xx_hal_tim_ex.c ****     TIM_CHANNEL_N_STATE_SET(htim, TIM_CHANNEL_1, HAL_TIM_CHANNEL_STATE_READY);
2273:Drivers/STM32F1xx_HAL_Driver/Src/stm32f1xx_hal_tim_ex.c ****   }
2274:Drivers/STM32F1xx_HAL_Driver/Src/stm32f1xx_hal_tim_ex.c ****   else if (hdma == htim->hdma[TIM_DMA_ID_CC2])
2275:Drivers/STM32F1xx_HAL_Driver/Src/stm32f1xx_hal_tim_ex.c ****   {
2276:Drivers/STM32F1xx_HAL_Driver/Src/stm32f1xx_hal_tim_ex.c ****     htim->Channel = HAL_TIM_ACTIVE_CHANNEL_2;
2277:Drivers/STM32F1xx_HAL_Driver/Src/stm32f1xx_hal_tim_ex.c ****     TIM_CHANNEL_N_STATE_SET(htim, TIM_CHANNEL_2, HAL_TIM_CHANNEL_STATE_READY);
2278:Drivers/STM32F1xx_HAL_Driver/Src/stm32f1xx_hal_tim_ex.c ****   }
2279:Drivers/STM32F1xx_HAL_Driver/Src/stm32f1xx_hal_tim_ex.c ****   else if (hdma == htim->hdma[TIM_DMA_ID_CC3])
2280:Drivers/STM32F1xx_HAL_Driver/Src/stm32f1xx_hal_tim_ex.c ****   {
2281:Drivers/STM32F1xx_HAL_Driver/Src/stm32f1xx_hal_tim_ex.c ****     htim->Channel = HAL_TIM_ACTIVE_CHANNEL_3;
2282:Drivers/STM32F1xx_HAL_Driver/Src/stm32f1xx_hal_tim_ex.c ****     TIM_CHANNEL_N_STATE_SET(htim, TIM_CHANNEL_3, HAL_TIM_CHANNEL_STATE_READY);
2283:Drivers/STM32F1xx_HAL_Driver/Src/stm32f1xx_hal_tim_ex.c ****   }
2284:Drivers/STM32F1xx_HAL_Driver/Src/stm32f1xx_hal_tim_ex.c ****   else
2285:Drivers/STM32F1xx_HAL_Driver/Src/stm32f1xx_hal_tim_ex.c ****   {
2286:Drivers/STM32F1xx_HAL_Driver/Src/stm32f1xx_hal_tim_ex.c ****     /* nothing to do */
2287:Drivers/STM32F1xx_HAL_Driver/Src/stm32f1xx_hal_tim_ex.c ****   }
2288:Drivers/STM32F1xx_HAL_Driver/Src/stm32f1xx_hal_tim_ex.c **** 
2289:Drivers/STM32F1xx_HAL_Driver/Src/stm32f1xx_hal_tim_ex.c **** #if (USE_HAL_TIM_REGISTER_CALLBACKS == 1)
2290:Drivers/STM32F1xx_HAL_Driver/Src/stm32f1xx_hal_tim_ex.c ****   htim->ErrorCallback(htim);
2291:Drivers/STM32F1xx_HAL_Driver/Src/stm32f1xx_hal_tim_ex.c **** #else
2292:Drivers/STM32F1xx_HAL_Driver/Src/stm32f1xx_hal_tim_ex.c ****   HAL_TIM_ErrorCallback(htim);
2293:Drivers/STM32F1xx_HAL_Driver/Src/stm32f1xx_hal_tim_ex.c **** #endif /* USE_HAL_TIM_REGISTER_CALLBACKS */
2294:Drivers/STM32F1xx_HAL_Driver/Src/stm32f1xx_hal_tim_ex.c **** 
2295:Drivers/STM32F1xx_HAL_Driver/Src/stm32f1xx_hal_tim_ex.c ****   htim->Channel = HAL_TIM_ACTIVE_CHANNEL_CLEARED;
2296:Drivers/STM32F1xx_HAL_Driver/Src/stm32f1xx_hal_tim_ex.c **** }
2297:Drivers/STM32F1xx_HAL_Driver/Src/stm32f1xx_hal_tim_ex.c **** 
2298:Drivers/STM32F1xx_HAL_Driver/Src/stm32f1xx_hal_tim_ex.c **** /**
2299:Drivers/STM32F1xx_HAL_Driver/Src/stm32f1xx_hal_tim_ex.c ****   * @brief  Enables or disables the TIM Capture Compare Channel xN.
2300:Drivers/STM32F1xx_HAL_Driver/Src/stm32f1xx_hal_tim_ex.c ****   * @param  TIMx to select the TIM peripheral
2301:Drivers/STM32F1xx_HAL_Driver/Src/stm32f1xx_hal_tim_ex.c ****   * @param  Channel specifies the TIM Channel
2302:Drivers/STM32F1xx_HAL_Driver/Src/stm32f1xx_hal_tim_ex.c ****   *          This parameter can be one of the following values:
2303:Drivers/STM32F1xx_HAL_Driver/Src/stm32f1xx_hal_tim_ex.c ****   *            @arg TIM_CHANNEL_1: TIM Channel 1
2304:Drivers/STM32F1xx_HAL_Driver/Src/stm32f1xx_hal_tim_ex.c ****   *            @arg TIM_CHANNEL_2: TIM Channel 2
2305:Drivers/STM32F1xx_HAL_Driver/Src/stm32f1xx_hal_tim_ex.c ****   *            @arg TIM_CHANNEL_3: TIM Channel 3
2306:Drivers/STM32F1xx_HAL_Driver/Src/stm32f1xx_hal_tim_ex.c ****   * @param  ChannelNState specifies the TIM Channel CCxNE bit new state.
2307:Drivers/STM32F1xx_HAL_Driver/Src/stm32f1xx_hal_tim_ex.c ****   *          This parameter can be: TIM_CCxN_ENABLE or TIM_CCxN_Disable.
2308:Drivers/STM32F1xx_HAL_Driver/Src/stm32f1xx_hal_tim_ex.c ****   * @retval None
2309:Drivers/STM32F1xx_HAL_Driver/Src/stm32f1xx_hal_tim_ex.c ****   */
2310:Drivers/STM32F1xx_HAL_Driver/Src/stm32f1xx_hal_tim_ex.c **** static void TIM_CCxNChannelCmd(TIM_TypeDef *TIMx, uint32_t Channel, uint32_t ChannelNState)
2311:Drivers/STM32F1xx_HAL_Driver/Src/stm32f1xx_hal_tim_ex.c **** {
  27              		.loc 1 2311 1 view -0
ARM GAS  C:\Users\Korisnik\AppData\Local\Temp\cckoF0Cb.s 			page 42


  28              		.cfi_startproc
  29              		@ args = 0, pretend = 0, frame = 0
  30              		@ frame_needed = 0, uses_anonymous_args = 0
  31              		@ link register save eliminated.
2312:Drivers/STM32F1xx_HAL_Driver/Src/stm32f1xx_hal_tim_ex.c ****   uint32_t tmp;
  32              		.loc 1 2312 3 view .LVU1
2313:Drivers/STM32F1xx_HAL_Driver/Src/stm32f1xx_hal_tim_ex.c **** 
2314:Drivers/STM32F1xx_HAL_Driver/Src/stm32f1xx_hal_tim_ex.c ****   tmp = TIM_CCER_CC1NE << (Channel & 0x1FU); /* 0x1FU = 31 bits max shift */
  33              		.loc 1 2314 3 view .LVU2
  34              		.loc 1 2314 36 is_stmt 0 view .LVU3
  35 0000 01F01F01 		and	r1, r1, #31
  36              	.LVL1:
  37              		.loc 1 2314 7 view .LVU4
  38 0004 0423     		movs	r3, #4
  39 0006 03FA01FC 		lsl	ip, r3, r1
  40              	.LVL2:
2315:Drivers/STM32F1xx_HAL_Driver/Src/stm32f1xx_hal_tim_ex.c **** 
2316:Drivers/STM32F1xx_HAL_Driver/Src/stm32f1xx_hal_tim_ex.c ****   /* Reset the CCxNE Bit */
2317:Drivers/STM32F1xx_HAL_Driver/Src/stm32f1xx_hal_tim_ex.c ****   TIMx->CCER &=  ~tmp;
  41              		.loc 1 2317 3 is_stmt 1 view .LVU5
  42              		.loc 1 2317 14 is_stmt 0 view .LVU6
  43 000a 036A     		ldr	r3, [r0, #32]
  44 000c 23EA0C03 		bic	r3, r3, ip
  45 0010 0362     		str	r3, [r0, #32]
2318:Drivers/STM32F1xx_HAL_Driver/Src/stm32f1xx_hal_tim_ex.c **** 
2319:Drivers/STM32F1xx_HAL_Driver/Src/stm32f1xx_hal_tim_ex.c ****   /* Set or reset the CCxNE Bit */
2320:Drivers/STM32F1xx_HAL_Driver/Src/stm32f1xx_hal_tim_ex.c ****   TIMx->CCER |= (uint32_t)(ChannelNState << (Channel & 0x1FU)); /* 0x1FU = 31 bits max shift */
  46              		.loc 1 2320 3 is_stmt 1 view .LVU7
  47              		.loc 1 2320 14 is_stmt 0 view .LVU8
  48 0012 036A     		ldr	r3, [r0, #32]
  49              		.loc 1 2320 42 view .LVU9
  50 0014 02FA01F1 		lsl	r1, r2, r1
  51              		.loc 1 2320 14 view .LVU10
  52 0018 0B43     		orrs	r3, r3, r1
  53 001a 0362     		str	r3, [r0, #32]
2321:Drivers/STM32F1xx_HAL_Driver/Src/stm32f1xx_hal_tim_ex.c **** }
  54              		.loc 1 2321 1 view .LVU11
  55 001c 7047     		bx	lr
  56              		.cfi_endproc
  57              	.LFE106:
  59              		.section	.text.TIM_DMAErrorCCxN,"ax",%progbits
  60              		.align	1
  61              		.syntax unified
  62              		.thumb
  63              		.thumb_func
  64              		.fpu softvfp
  66              	TIM_DMAErrorCCxN:
  67              	.LVL3:
  68              	.LFB105:
2266:Drivers/STM32F1xx_HAL_Driver/Src/stm32f1xx_hal_tim_ex.c ****   TIM_HandleTypeDef *htim = (TIM_HandleTypeDef *)((DMA_HandleTypeDef *)hdma)->Parent;
  69              		.loc 1 2266 1 is_stmt 1 view -0
  70              		.cfi_startproc
  71              		@ args = 0, pretend = 0, frame = 0
  72              		@ frame_needed = 0, uses_anonymous_args = 0
2266:Drivers/STM32F1xx_HAL_Driver/Src/stm32f1xx_hal_tim_ex.c ****   TIM_HandleTypeDef *htim = (TIM_HandleTypeDef *)((DMA_HandleTypeDef *)hdma)->Parent;
  73              		.loc 1 2266 1 is_stmt 0 view .LVU13
  74 0000 10B5     		push	{r4, lr}
ARM GAS  C:\Users\Korisnik\AppData\Local\Temp\cckoF0Cb.s 			page 43


  75              	.LCFI0:
  76              		.cfi_def_cfa_offset 8
  77              		.cfi_offset 4, -8
  78              		.cfi_offset 14, -4
2267:Drivers/STM32F1xx_HAL_Driver/Src/stm32f1xx_hal_tim_ex.c **** 
  79              		.loc 1 2267 3 is_stmt 1 view .LVU14
2267:Drivers/STM32F1xx_HAL_Driver/Src/stm32f1xx_hal_tim_ex.c **** 
  80              		.loc 1 2267 22 is_stmt 0 view .LVU15
  81 0002 446A     		ldr	r4, [r0, #36]
  82              	.LVL4:
2269:Drivers/STM32F1xx_HAL_Driver/Src/stm32f1xx_hal_tim_ex.c ****   {
  83              		.loc 1 2269 3 is_stmt 1 view .LVU16
2269:Drivers/STM32F1xx_HAL_Driver/Src/stm32f1xx_hal_tim_ex.c ****   {
  84              		.loc 1 2269 25 is_stmt 0 view .LVU17
  85 0004 636A     		ldr	r3, [r4, #36]
2269:Drivers/STM32F1xx_HAL_Driver/Src/stm32f1xx_hal_tim_ex.c ****   {
  86              		.loc 1 2269 6 view .LVU18
  87 0006 8342     		cmp	r3, r0
  88 0008 0BD0     		beq	.L7
2274:Drivers/STM32F1xx_HAL_Driver/Src/stm32f1xx_hal_tim_ex.c ****   {
  89              		.loc 1 2274 8 is_stmt 1 view .LVU19
2274:Drivers/STM32F1xx_HAL_Driver/Src/stm32f1xx_hal_tim_ex.c ****   {
  90              		.loc 1 2274 30 is_stmt 0 view .LVU20
  91 000a A36A     		ldr	r3, [r4, #40]
2274:Drivers/STM32F1xx_HAL_Driver/Src/stm32f1xx_hal_tim_ex.c ****   {
  92              		.loc 1 2274 11 view .LVU21
  93 000c 8342     		cmp	r3, r0
  94 000e 0DD0     		beq	.L8
2279:Drivers/STM32F1xx_HAL_Driver/Src/stm32f1xx_hal_tim_ex.c ****   {
  95              		.loc 1 2279 8 is_stmt 1 view .LVU22
2279:Drivers/STM32F1xx_HAL_Driver/Src/stm32f1xx_hal_tim_ex.c ****   {
  96              		.loc 1 2279 30 is_stmt 0 view .LVU23
  97 0010 E36A     		ldr	r3, [r4, #44]
2279:Drivers/STM32F1xx_HAL_Driver/Src/stm32f1xx_hal_tim_ex.c ****   {
  98              		.loc 1 2279 11 view .LVU24
  99 0012 8342     		cmp	r3, r0
 100 0014 10D0     		beq	.L9
 101              	.L4:
2287:Drivers/STM32F1xx_HAL_Driver/Src/stm32f1xx_hal_tim_ex.c **** 
 102              		.loc 1 2287 3 is_stmt 1 view .LVU25
2292:Drivers/STM32F1xx_HAL_Driver/Src/stm32f1xx_hal_tim_ex.c **** #endif /* USE_HAL_TIM_REGISTER_CALLBACKS */
 103              		.loc 1 2292 3 view .LVU26
 104 0016 2046     		mov	r0, r4
 105              	.LVL5:
2292:Drivers/STM32F1xx_HAL_Driver/Src/stm32f1xx_hal_tim_ex.c **** #endif /* USE_HAL_TIM_REGISTER_CALLBACKS */
 106              		.loc 1 2292 3 is_stmt 0 view .LVU27
 107 0018 FFF7FEFF 		bl	HAL_TIM_ErrorCallback
 108              	.LVL6:
2295:Drivers/STM32F1xx_HAL_Driver/Src/stm32f1xx_hal_tim_ex.c **** }
 109              		.loc 1 2295 3 is_stmt 1 view .LVU28
2295:Drivers/STM32F1xx_HAL_Driver/Src/stm32f1xx_hal_tim_ex.c **** }
 110              		.loc 1 2295 17 is_stmt 0 view .LVU29
 111 001c 0023     		movs	r3, #0
 112 001e 2377     		strb	r3, [r4, #28]
2296:Drivers/STM32F1xx_HAL_Driver/Src/stm32f1xx_hal_tim_ex.c **** 
 113              		.loc 1 2296 1 view .LVU30
 114 0020 10BD     		pop	{r4, pc}
ARM GAS  C:\Users\Korisnik\AppData\Local\Temp\cckoF0Cb.s 			page 44


 115              	.LVL7:
 116              	.L7:
2271:Drivers/STM32F1xx_HAL_Driver/Src/stm32f1xx_hal_tim_ex.c ****     TIM_CHANNEL_N_STATE_SET(htim, TIM_CHANNEL_1, HAL_TIM_CHANNEL_STATE_READY);
 117              		.loc 1 2271 5 is_stmt 1 view .LVU31
2271:Drivers/STM32F1xx_HAL_Driver/Src/stm32f1xx_hal_tim_ex.c ****     TIM_CHANNEL_N_STATE_SET(htim, TIM_CHANNEL_1, HAL_TIM_CHANNEL_STATE_READY);
 118              		.loc 1 2271 19 is_stmt 0 view .LVU32
 119 0022 0123     		movs	r3, #1
 120 0024 2377     		strb	r3, [r4, #28]
2272:Drivers/STM32F1xx_HAL_Driver/Src/stm32f1xx_hal_tim_ex.c ****   }
 121              		.loc 1 2272 5 is_stmt 1 view .LVU33
 122 0026 84F84230 		strb	r3, [r4, #66]
 123 002a F4E7     		b	.L4
 124              	.L8:
2276:Drivers/STM32F1xx_HAL_Driver/Src/stm32f1xx_hal_tim_ex.c ****     TIM_CHANNEL_N_STATE_SET(htim, TIM_CHANNEL_2, HAL_TIM_CHANNEL_STATE_READY);
 125              		.loc 1 2276 5 view .LVU34
2276:Drivers/STM32F1xx_HAL_Driver/Src/stm32f1xx_hal_tim_ex.c ****     TIM_CHANNEL_N_STATE_SET(htim, TIM_CHANNEL_2, HAL_TIM_CHANNEL_STATE_READY);
 126              		.loc 1 2276 19 is_stmt 0 view .LVU35
 127 002c 0223     		movs	r3, #2
 128 002e 2377     		strb	r3, [r4, #28]
2277:Drivers/STM32F1xx_HAL_Driver/Src/stm32f1xx_hal_tim_ex.c ****   }
 129              		.loc 1 2277 5 is_stmt 1 view .LVU36
 130 0030 0123     		movs	r3, #1
 131 0032 84F84330 		strb	r3, [r4, #67]
 132 0036 EEE7     		b	.L4
 133              	.L9:
2281:Drivers/STM32F1xx_HAL_Driver/Src/stm32f1xx_hal_tim_ex.c ****     TIM_CHANNEL_N_STATE_SET(htim, TIM_CHANNEL_3, HAL_TIM_CHANNEL_STATE_READY);
 134              		.loc 1 2281 5 view .LVU37
2281:Drivers/STM32F1xx_HAL_Driver/Src/stm32f1xx_hal_tim_ex.c ****     TIM_CHANNEL_N_STATE_SET(htim, TIM_CHANNEL_3, HAL_TIM_CHANNEL_STATE_READY);
 135              		.loc 1 2281 19 is_stmt 0 view .LVU38
 136 0038 0423     		movs	r3, #4
 137 003a 2377     		strb	r3, [r4, #28]
2282:Drivers/STM32F1xx_HAL_Driver/Src/stm32f1xx_hal_tim_ex.c ****   }
 138              		.loc 1 2282 5 is_stmt 1 view .LVU39
 139 003c 0123     		movs	r3, #1
 140 003e 84F84430 		strb	r3, [r4, #68]
 141 0042 E8E7     		b	.L4
 142              		.cfi_endproc
 143              	.LFE105:
 145              		.section	.text.TIM_DMADelayPulseNCplt,"ax",%progbits
 146              		.align	1
 147              		.syntax unified
 148              		.thumb
 149              		.thumb_func
 150              		.fpu softvfp
 152              	TIM_DMADelayPulseNCplt:
 153              	.LVL8:
 154              	.LFB104:
2207:Drivers/STM32F1xx_HAL_Driver/Src/stm32f1xx_hal_tim_ex.c ****   TIM_HandleTypeDef *htim = (TIM_HandleTypeDef *)((DMA_HandleTypeDef *)hdma)->Parent;
 155              		.loc 1 2207 1 view -0
 156              		.cfi_startproc
 157              		@ args = 0, pretend = 0, frame = 0
 158              		@ frame_needed = 0, uses_anonymous_args = 0
2207:Drivers/STM32F1xx_HAL_Driver/Src/stm32f1xx_hal_tim_ex.c ****   TIM_HandleTypeDef *htim = (TIM_HandleTypeDef *)((DMA_HandleTypeDef *)hdma)->Parent;
 159              		.loc 1 2207 1 is_stmt 0 view .LVU41
 160 0000 10B5     		push	{r4, lr}
 161              	.LCFI1:
 162              		.cfi_def_cfa_offset 8
ARM GAS  C:\Users\Korisnik\AppData\Local\Temp\cckoF0Cb.s 			page 45


 163              		.cfi_offset 4, -8
 164              		.cfi_offset 14, -4
2208:Drivers/STM32F1xx_HAL_Driver/Src/stm32f1xx_hal_tim_ex.c **** 
 165              		.loc 1 2208 3 is_stmt 1 view .LVU42
2208:Drivers/STM32F1xx_HAL_Driver/Src/stm32f1xx_hal_tim_ex.c **** 
 166              		.loc 1 2208 22 is_stmt 0 view .LVU43
 167 0002 446A     		ldr	r4, [r0, #36]
 168              	.LVL9:
2210:Drivers/STM32F1xx_HAL_Driver/Src/stm32f1xx_hal_tim_ex.c ****   {
 169              		.loc 1 2210 3 is_stmt 1 view .LVU44
2210:Drivers/STM32F1xx_HAL_Driver/Src/stm32f1xx_hal_tim_ex.c ****   {
 170              		.loc 1 2210 25 is_stmt 0 view .LVU45
 171 0004 636A     		ldr	r3, [r4, #36]
2210:Drivers/STM32F1xx_HAL_Driver/Src/stm32f1xx_hal_tim_ex.c ****   {
 172              		.loc 1 2210 6 view .LVU46
 173 0006 8342     		cmp	r3, r0
 174 0008 0ED0     		beq	.L16
2219:Drivers/STM32F1xx_HAL_Driver/Src/stm32f1xx_hal_tim_ex.c ****   {
 175              		.loc 1 2219 8 is_stmt 1 view .LVU47
2219:Drivers/STM32F1xx_HAL_Driver/Src/stm32f1xx_hal_tim_ex.c ****   {
 176              		.loc 1 2219 30 is_stmt 0 view .LVU48
 177 000a A36A     		ldr	r3, [r4, #40]
2219:Drivers/STM32F1xx_HAL_Driver/Src/stm32f1xx_hal_tim_ex.c ****   {
 178              		.loc 1 2219 11 view .LVU49
 179 000c 8342     		cmp	r3, r0
 180 000e 14D0     		beq	.L17
2228:Drivers/STM32F1xx_HAL_Driver/Src/stm32f1xx_hal_tim_ex.c ****   {
 181              		.loc 1 2228 8 is_stmt 1 view .LVU50
2228:Drivers/STM32F1xx_HAL_Driver/Src/stm32f1xx_hal_tim_ex.c ****   {
 182              		.loc 1 2228 30 is_stmt 0 view .LVU51
 183 0010 E36A     		ldr	r3, [r4, #44]
2228:Drivers/STM32F1xx_HAL_Driver/Src/stm32f1xx_hal_tim_ex.c ****   {
 184              		.loc 1 2228 11 view .LVU52
 185 0012 8342     		cmp	r3, r0
 186 0014 1AD0     		beq	.L18
2237:Drivers/STM32F1xx_HAL_Driver/Src/stm32f1xx_hal_tim_ex.c ****   {
 187              		.loc 1 2237 8 is_stmt 1 view .LVU53
2237:Drivers/STM32F1xx_HAL_Driver/Src/stm32f1xx_hal_tim_ex.c ****   {
 188              		.loc 1 2237 30 is_stmt 0 view .LVU54
 189 0016 236B     		ldr	r3, [r4, #48]
2237:Drivers/STM32F1xx_HAL_Driver/Src/stm32f1xx_hal_tim_ex.c ****   {
 190              		.loc 1 2237 11 view .LVU55
 191 0018 8342     		cmp	r3, r0
 192 001a 20D0     		beq	.L19
 193              	.L12:
2249:Drivers/STM32F1xx_HAL_Driver/Src/stm32f1xx_hal_tim_ex.c **** 
 194              		.loc 1 2249 3 is_stmt 1 view .LVU56
2254:Drivers/STM32F1xx_HAL_Driver/Src/stm32f1xx_hal_tim_ex.c **** #endif /* USE_HAL_TIM_REGISTER_CALLBACKS */
 195              		.loc 1 2254 3 view .LVU57
 196 001c 2046     		mov	r0, r4
 197              	.LVL10:
2254:Drivers/STM32F1xx_HAL_Driver/Src/stm32f1xx_hal_tim_ex.c **** #endif /* USE_HAL_TIM_REGISTER_CALLBACKS */
 198              		.loc 1 2254 3 is_stmt 0 view .LVU58
 199 001e FFF7FEFF 		bl	HAL_TIM_PWM_PulseFinishedCallback
 200              	.LVL11:
2257:Drivers/STM32F1xx_HAL_Driver/Src/stm32f1xx_hal_tim_ex.c **** }
 201              		.loc 1 2257 3 is_stmt 1 view .LVU59
ARM GAS  C:\Users\Korisnik\AppData\Local\Temp\cckoF0Cb.s 			page 46


2257:Drivers/STM32F1xx_HAL_Driver/Src/stm32f1xx_hal_tim_ex.c **** }
 202              		.loc 1 2257 17 is_stmt 0 view .LVU60
 203 0022 0023     		movs	r3, #0
 204 0024 2377     		strb	r3, [r4, #28]
2258:Drivers/STM32F1xx_HAL_Driver/Src/stm32f1xx_hal_tim_ex.c **** 
 205              		.loc 1 2258 1 view .LVU61
 206 0026 10BD     		pop	{r4, pc}
 207              	.LVL12:
 208              	.L16:
2212:Drivers/STM32F1xx_HAL_Driver/Src/stm32f1xx_hal_tim_ex.c **** 
 209              		.loc 1 2212 5 is_stmt 1 view .LVU62
2212:Drivers/STM32F1xx_HAL_Driver/Src/stm32f1xx_hal_tim_ex.c **** 
 210              		.loc 1 2212 19 is_stmt 0 view .LVU63
 211 0028 0123     		movs	r3, #1
 212 002a 2377     		strb	r3, [r4, #28]
2214:Drivers/STM32F1xx_HAL_Driver/Src/stm32f1xx_hal_tim_ex.c ****     {
 213              		.loc 1 2214 5 is_stmt 1 view .LVU64
2214:Drivers/STM32F1xx_HAL_Driver/Src/stm32f1xx_hal_tim_ex.c ****     {
 214              		.loc 1 2214 19 is_stmt 0 view .LVU65
 215 002c 8369     		ldr	r3, [r0, #24]
2214:Drivers/STM32F1xx_HAL_Driver/Src/stm32f1xx_hal_tim_ex.c ****     {
 216              		.loc 1 2214 8 view .LVU66
 217 002e 002B     		cmp	r3, #0
 218 0030 F4D1     		bne	.L12
2216:Drivers/STM32F1xx_HAL_Driver/Src/stm32f1xx_hal_tim_ex.c ****     }
 219              		.loc 1 2216 7 is_stmt 1 view .LVU67
 220 0032 0123     		movs	r3, #1
 221 0034 84F84230 		strb	r3, [r4, #66]
 222 0038 F0E7     		b	.L12
 223              	.L17:
2221:Drivers/STM32F1xx_HAL_Driver/Src/stm32f1xx_hal_tim_ex.c **** 
 224              		.loc 1 2221 5 view .LVU68
2221:Drivers/STM32F1xx_HAL_Driver/Src/stm32f1xx_hal_tim_ex.c **** 
 225              		.loc 1 2221 19 is_stmt 0 view .LVU69
 226 003a 0223     		movs	r3, #2
 227 003c 2377     		strb	r3, [r4, #28]
2223:Drivers/STM32F1xx_HAL_Driver/Src/stm32f1xx_hal_tim_ex.c ****     {
 228              		.loc 1 2223 5 is_stmt 1 view .LVU70
2223:Drivers/STM32F1xx_HAL_Driver/Src/stm32f1xx_hal_tim_ex.c ****     {
 229              		.loc 1 2223 19 is_stmt 0 view .LVU71
 230 003e 8369     		ldr	r3, [r0, #24]
2223:Drivers/STM32F1xx_HAL_Driver/Src/stm32f1xx_hal_tim_ex.c ****     {
 231              		.loc 1 2223 8 view .LVU72
 232 0040 002B     		cmp	r3, #0
 233 0042 EBD1     		bne	.L12
2225:Drivers/STM32F1xx_HAL_Driver/Src/stm32f1xx_hal_tim_ex.c ****     }
 234              		.loc 1 2225 7 is_stmt 1 view .LVU73
 235 0044 0123     		movs	r3, #1
 236 0046 84F84330 		strb	r3, [r4, #67]
 237 004a E7E7     		b	.L12
 238              	.L18:
2230:Drivers/STM32F1xx_HAL_Driver/Src/stm32f1xx_hal_tim_ex.c **** 
 239              		.loc 1 2230 5 view .LVU74
2230:Drivers/STM32F1xx_HAL_Driver/Src/stm32f1xx_hal_tim_ex.c **** 
 240              		.loc 1 2230 19 is_stmt 0 view .LVU75
 241 004c 0423     		movs	r3, #4
 242 004e 2377     		strb	r3, [r4, #28]
ARM GAS  C:\Users\Korisnik\AppData\Local\Temp\cckoF0Cb.s 			page 47


2232:Drivers/STM32F1xx_HAL_Driver/Src/stm32f1xx_hal_tim_ex.c ****     {
 243              		.loc 1 2232 5 is_stmt 1 view .LVU76
2232:Drivers/STM32F1xx_HAL_Driver/Src/stm32f1xx_hal_tim_ex.c ****     {
 244              		.loc 1 2232 19 is_stmt 0 view .LVU77
 245 0050 8369     		ldr	r3, [r0, #24]
2232:Drivers/STM32F1xx_HAL_Driver/Src/stm32f1xx_hal_tim_ex.c ****     {
 246              		.loc 1 2232 8 view .LVU78
 247 0052 002B     		cmp	r3, #0
 248 0054 E2D1     		bne	.L12
2234:Drivers/STM32F1xx_HAL_Driver/Src/stm32f1xx_hal_tim_ex.c ****     }
 249              		.loc 1 2234 7 is_stmt 1 view .LVU79
 250 0056 0123     		movs	r3, #1
 251 0058 84F84430 		strb	r3, [r4, #68]
 252 005c DEE7     		b	.L12
 253              	.L19:
2239:Drivers/STM32F1xx_HAL_Driver/Src/stm32f1xx_hal_tim_ex.c **** 
 254              		.loc 1 2239 5 view .LVU80
2239:Drivers/STM32F1xx_HAL_Driver/Src/stm32f1xx_hal_tim_ex.c **** 
 255              		.loc 1 2239 19 is_stmt 0 view .LVU81
 256 005e 0823     		movs	r3, #8
 257 0060 2377     		strb	r3, [r4, #28]
2241:Drivers/STM32F1xx_HAL_Driver/Src/stm32f1xx_hal_tim_ex.c ****     {
 258              		.loc 1 2241 5 is_stmt 1 view .LVU82
2241:Drivers/STM32F1xx_HAL_Driver/Src/stm32f1xx_hal_tim_ex.c ****     {
 259              		.loc 1 2241 19 is_stmt 0 view .LVU83
 260 0062 8369     		ldr	r3, [r0, #24]
2241:Drivers/STM32F1xx_HAL_Driver/Src/stm32f1xx_hal_tim_ex.c ****     {
 261              		.loc 1 2241 8 view .LVU84
 262 0064 002B     		cmp	r3, #0
 263 0066 D9D1     		bne	.L12
2243:Drivers/STM32F1xx_HAL_Driver/Src/stm32f1xx_hal_tim_ex.c ****     }
 264              		.loc 1 2243 7 is_stmt 1 view .LVU85
 265 0068 0123     		movs	r3, #1
 266 006a 84F84530 		strb	r3, [r4, #69]
 267 006e D5E7     		b	.L12
 268              		.cfi_endproc
 269              	.LFE104:
 271              		.section	.text.HAL_TIMEx_HallSensor_MspInit,"ax",%progbits
 272              		.align	1
 273              		.weak	HAL_TIMEx_HallSensor_MspInit
 274              		.syntax unified
 275              		.thumb
 276              		.thumb_func
 277              		.fpu softvfp
 279              	HAL_TIMEx_HallSensor_MspInit:
 280              	.LVL13:
 281              	.LFB67:
 285:Drivers/STM32F1xx_HAL_Driver/Src/stm32f1xx_hal_tim_ex.c ****   /* Prevent unused argument(s) compilation warning */
 282              		.loc 1 285 1 view -0
 283              		.cfi_startproc
 284              		@ args = 0, pretend = 0, frame = 0
 285              		@ frame_needed = 0, uses_anonymous_args = 0
 286              		@ link register save eliminated.
 287:Drivers/STM32F1xx_HAL_Driver/Src/stm32f1xx_hal_tim_ex.c **** 
 287              		.loc 1 287 3 view .LVU87
 292:Drivers/STM32F1xx_HAL_Driver/Src/stm32f1xx_hal_tim_ex.c **** 
 288              		.loc 1 292 1 is_stmt 0 view .LVU88
ARM GAS  C:\Users\Korisnik\AppData\Local\Temp\cckoF0Cb.s 			page 48


 289 0000 7047     		bx	lr
 290              		.cfi_endproc
 291              	.LFE67:
 293              		.section	.text.HAL_TIMEx_HallSensor_Init,"ax",%progbits
 294              		.align	1
 295              		.global	HAL_TIMEx_HallSensor_Init
 296              		.syntax unified
 297              		.thumb
 298              		.thumb_func
 299              		.fpu softvfp
 301              	HAL_TIMEx_HallSensor_Init:
 302              	.LVL14:
 303              	.LFB65:
 139:Drivers/STM32F1xx_HAL_Driver/Src/stm32f1xx_hal_tim_ex.c ****   TIM_OC_InitTypeDef OC_Config;
 304              		.loc 1 139 1 is_stmt 1 view -0
 305              		.cfi_startproc
 306              		@ args = 0, pretend = 0, frame = 32
 307              		@ frame_needed = 0, uses_anonymous_args = 0
 140:Drivers/STM32F1xx_HAL_Driver/Src/stm32f1xx_hal_tim_ex.c **** 
 308              		.loc 1 140 3 view .LVU90
 143:Drivers/STM32F1xx_HAL_Driver/Src/stm32f1xx_hal_tim_ex.c ****   {
 309              		.loc 1 143 3 view .LVU91
 143:Drivers/STM32F1xx_HAL_Driver/Src/stm32f1xx_hal_tim_ex.c ****   {
 310              		.loc 1 143 6 is_stmt 0 view .LVU92
 311 0000 0028     		cmp	r0, #0
 312 0002 65D0     		beq	.L24
 139:Drivers/STM32F1xx_HAL_Driver/Src/stm32f1xx_hal_tim_ex.c ****   TIM_OC_InitTypeDef OC_Config;
 313              		.loc 1 139 1 view .LVU93
 314 0004 70B5     		push	{r4, r5, r6, lr}
 315              	.LCFI2:
 316              		.cfi_def_cfa_offset 16
 317              		.cfi_offset 4, -16
 318              		.cfi_offset 5, -12
 319              		.cfi_offset 6, -8
 320              		.cfi_offset 14, -4
 321 0006 88B0     		sub	sp, sp, #32
 322              	.LCFI3:
 323              		.cfi_def_cfa_offset 48
 324 0008 0E46     		mov	r6, r1
 325 000a 0446     		mov	r4, r0
 149:Drivers/STM32F1xx_HAL_Driver/Src/stm32f1xx_hal_tim_ex.c ****   assert_param(IS_TIM_COUNTER_MODE(htim->Init.CounterMode));
 326              		.loc 1 149 3 is_stmt 1 view .LVU94
 150:Drivers/STM32F1xx_HAL_Driver/Src/stm32f1xx_hal_tim_ex.c ****   assert_param(IS_TIM_CLOCKDIVISION_DIV(htim->Init.ClockDivision));
 327              		.loc 1 150 3 view .LVU95
 151:Drivers/STM32F1xx_HAL_Driver/Src/stm32f1xx_hal_tim_ex.c ****   assert_param(IS_TIM_AUTORELOAD_PRELOAD(htim->Init.AutoReloadPreload));
 328              		.loc 1 151 3 view .LVU96
 152:Drivers/STM32F1xx_HAL_Driver/Src/stm32f1xx_hal_tim_ex.c ****   assert_param(IS_TIM_IC_POLARITY(sConfig->IC1Polarity));
 329              		.loc 1 152 3 view .LVU97
 153:Drivers/STM32F1xx_HAL_Driver/Src/stm32f1xx_hal_tim_ex.c ****   assert_param(IS_TIM_IC_PRESCALER(sConfig->IC1Prescaler));
 330              		.loc 1 153 3 view .LVU98
 154:Drivers/STM32F1xx_HAL_Driver/Src/stm32f1xx_hal_tim_ex.c ****   assert_param(IS_TIM_IC_FILTER(sConfig->IC1Filter));
 331              		.loc 1 154 3 view .LVU99
 155:Drivers/STM32F1xx_HAL_Driver/Src/stm32f1xx_hal_tim_ex.c **** 
 332              		.loc 1 155 3 view .LVU100
 157:Drivers/STM32F1xx_HAL_Driver/Src/stm32f1xx_hal_tim_ex.c ****   {
 333              		.loc 1 157 3 view .LVU101
 157:Drivers/STM32F1xx_HAL_Driver/Src/stm32f1xx_hal_tim_ex.c ****   {
ARM GAS  C:\Users\Korisnik\AppData\Local\Temp\cckoF0Cb.s 			page 49


 334              		.loc 1 157 11 is_stmt 0 view .LVU102
 335 000c 90F83D30 		ldrb	r3, [r0, #61]	@ zero_extendqisi2
 157:Drivers/STM32F1xx_HAL_Driver/Src/stm32f1xx_hal_tim_ex.c ****   {
 336              		.loc 1 157 6 view .LVU103
 337 0010 002B     		cmp	r3, #0
 338 0012 58D0     		beq	.L29
 339              	.LVL15:
 340              	.L23:
 179:Drivers/STM32F1xx_HAL_Driver/Src/stm32f1xx_hal_tim_ex.c **** 
 341              		.loc 1 179 3 is_stmt 1 view .LVU104
 179:Drivers/STM32F1xx_HAL_Driver/Src/stm32f1xx_hal_tim_ex.c **** 
 342              		.loc 1 179 15 is_stmt 0 view .LVU105
 343 0014 0223     		movs	r3, #2
 344 0016 84F83D30 		strb	r3, [r4, #61]
 182:Drivers/STM32F1xx_HAL_Driver/Src/stm32f1xx_hal_tim_ex.c **** 
 345              		.loc 1 182 3 is_stmt 1 view .LVU106
 346 001a 2146     		mov	r1, r4
 347 001c 51F8040B 		ldr	r0, [r1], #4
 348 0020 FFF7FEFF 		bl	TIM_Base_SetConfig
 349              	.LVL16:
 185:Drivers/STM32F1xx_HAL_Driver/Src/stm32f1xx_hal_tim_ex.c **** 
 350              		.loc 1 185 3 view .LVU107
 351 0024 B368     		ldr	r3, [r6, #8]
 352 0026 0322     		movs	r2, #3
 353 0028 3168     		ldr	r1, [r6]
 354 002a 2068     		ldr	r0, [r4]
 355 002c FFF7FEFF 		bl	TIM_TI1_SetConfig
 356              	.LVL17:
 188:Drivers/STM32F1xx_HAL_Driver/Src/stm32f1xx_hal_tim_ex.c ****   /* Set the IC1PSC value */
 357              		.loc 1 188 3 view .LVU108
 188:Drivers/STM32F1xx_HAL_Driver/Src/stm32f1xx_hal_tim_ex.c ****   /* Set the IC1PSC value */
 358              		.loc 1 188 7 is_stmt 0 view .LVU109
 359 0030 2268     		ldr	r2, [r4]
 188:Drivers/STM32F1xx_HAL_Driver/Src/stm32f1xx_hal_tim_ex.c ****   /* Set the IC1PSC value */
 360              		.loc 1 188 25 view .LVU110
 361 0032 9369     		ldr	r3, [r2, #24]
 362 0034 23F00C03 		bic	r3, r3, #12
 363 0038 9361     		str	r3, [r2, #24]
 190:Drivers/STM32F1xx_HAL_Driver/Src/stm32f1xx_hal_tim_ex.c **** 
 364              		.loc 1 190 3 is_stmt 1 view .LVU111
 190:Drivers/STM32F1xx_HAL_Driver/Src/stm32f1xx_hal_tim_ex.c **** 
 365              		.loc 1 190 7 is_stmt 0 view .LVU112
 366 003a 2268     		ldr	r2, [r4]
 190:Drivers/STM32F1xx_HAL_Driver/Src/stm32f1xx_hal_tim_ex.c **** 
 367              		.loc 1 190 25 view .LVU113
 368 003c 9369     		ldr	r3, [r2, #24]
 190:Drivers/STM32F1xx_HAL_Driver/Src/stm32f1xx_hal_tim_ex.c **** 
 369              		.loc 1 190 35 view .LVU114
 370 003e 7168     		ldr	r1, [r6, #4]
 190:Drivers/STM32F1xx_HAL_Driver/Src/stm32f1xx_hal_tim_ex.c **** 
 371              		.loc 1 190 25 view .LVU115
 372 0040 0B43     		orrs	r3, r3, r1
 373 0042 9361     		str	r3, [r2, #24]
 193:Drivers/STM32F1xx_HAL_Driver/Src/stm32f1xx_hal_tim_ex.c **** 
 374              		.loc 1 193 3 is_stmt 1 view .LVU116
 193:Drivers/STM32F1xx_HAL_Driver/Src/stm32f1xx_hal_tim_ex.c **** 
 375              		.loc 1 193 7 is_stmt 0 view .LVU117
ARM GAS  C:\Users\Korisnik\AppData\Local\Temp\cckoF0Cb.s 			page 50


 376 0044 2268     		ldr	r2, [r4]
 193:Drivers/STM32F1xx_HAL_Driver/Src/stm32f1xx_hal_tim_ex.c **** 
 377              		.loc 1 193 23 view .LVU118
 378 0046 5368     		ldr	r3, [r2, #4]
 379 0048 43F08003 		orr	r3, r3, #128
 380 004c 5360     		str	r3, [r2, #4]
 196:Drivers/STM32F1xx_HAL_Driver/Src/stm32f1xx_hal_tim_ex.c ****   htim->Instance->SMCR |= TIM_TS_TI1F_ED;
 381              		.loc 1 196 3 is_stmt 1 view .LVU119
 196:Drivers/STM32F1xx_HAL_Driver/Src/stm32f1xx_hal_tim_ex.c ****   htim->Instance->SMCR |= TIM_TS_TI1F_ED;
 382              		.loc 1 196 7 is_stmt 0 view .LVU120
 383 004e 2268     		ldr	r2, [r4]
 196:Drivers/STM32F1xx_HAL_Driver/Src/stm32f1xx_hal_tim_ex.c ****   htim->Instance->SMCR |= TIM_TS_TI1F_ED;
 384              		.loc 1 196 24 view .LVU121
 385 0050 9368     		ldr	r3, [r2, #8]
 386 0052 23F07003 		bic	r3, r3, #112
 387 0056 9360     		str	r3, [r2, #8]
 197:Drivers/STM32F1xx_HAL_Driver/Src/stm32f1xx_hal_tim_ex.c **** 
 388              		.loc 1 197 3 is_stmt 1 view .LVU122
 197:Drivers/STM32F1xx_HAL_Driver/Src/stm32f1xx_hal_tim_ex.c **** 
 389              		.loc 1 197 7 is_stmt 0 view .LVU123
 390 0058 2268     		ldr	r2, [r4]
 197:Drivers/STM32F1xx_HAL_Driver/Src/stm32f1xx_hal_tim_ex.c **** 
 391              		.loc 1 197 24 view .LVU124
 392 005a 9368     		ldr	r3, [r2, #8]
 393 005c 43F04003 		orr	r3, r3, #64
 394 0060 9360     		str	r3, [r2, #8]
 200:Drivers/STM32F1xx_HAL_Driver/Src/stm32f1xx_hal_tim_ex.c ****   htim->Instance->SMCR |= TIM_SLAVEMODE_RESET;
 395              		.loc 1 200 3 is_stmt 1 view .LVU125
 200:Drivers/STM32F1xx_HAL_Driver/Src/stm32f1xx_hal_tim_ex.c ****   htim->Instance->SMCR |= TIM_SLAVEMODE_RESET;
 396              		.loc 1 200 7 is_stmt 0 view .LVU126
 397 0062 2268     		ldr	r2, [r4]
 200:Drivers/STM32F1xx_HAL_Driver/Src/stm32f1xx_hal_tim_ex.c ****   htim->Instance->SMCR |= TIM_SLAVEMODE_RESET;
 398              		.loc 1 200 24 view .LVU127
 399 0064 9368     		ldr	r3, [r2, #8]
 400 0066 23F00703 		bic	r3, r3, #7
 401 006a 9360     		str	r3, [r2, #8]
 201:Drivers/STM32F1xx_HAL_Driver/Src/stm32f1xx_hal_tim_ex.c **** 
 402              		.loc 1 201 3 is_stmt 1 view .LVU128
 201:Drivers/STM32F1xx_HAL_Driver/Src/stm32f1xx_hal_tim_ex.c **** 
 403              		.loc 1 201 7 is_stmt 0 view .LVU129
 404 006c 2268     		ldr	r2, [r4]
 201:Drivers/STM32F1xx_HAL_Driver/Src/stm32f1xx_hal_tim_ex.c **** 
 405              		.loc 1 201 24 view .LVU130
 406 006e 9368     		ldr	r3, [r2, #8]
 407 0070 43F00403 		orr	r3, r3, #4
 408 0074 9360     		str	r3, [r2, #8]
 204:Drivers/STM32F1xx_HAL_Driver/Src/stm32f1xx_hal_tim_ex.c ****   OC_Config.OCIdleState = TIM_OCIDLESTATE_RESET;
 409              		.loc 1 204 3 is_stmt 1 view .LVU131
 204:Drivers/STM32F1xx_HAL_Driver/Src/stm32f1xx_hal_tim_ex.c ****   OC_Config.OCIdleState = TIM_OCIDLESTATE_RESET;
 410              		.loc 1 204 24 is_stmt 0 view .LVU132
 411 0076 0025     		movs	r5, #0
 412 0078 0595     		str	r5, [sp, #20]
 205:Drivers/STM32F1xx_HAL_Driver/Src/stm32f1xx_hal_tim_ex.c ****   OC_Config.OCMode = TIM_OCMODE_PWM2;
 413              		.loc 1 205 3 is_stmt 1 view .LVU133
 205:Drivers/STM32F1xx_HAL_Driver/Src/stm32f1xx_hal_tim_ex.c ****   OC_Config.OCMode = TIM_OCMODE_PWM2;
 414              		.loc 1 205 25 is_stmt 0 view .LVU134
 415 007a 0695     		str	r5, [sp, #24]
ARM GAS  C:\Users\Korisnik\AppData\Local\Temp\cckoF0Cb.s 			page 51


 206:Drivers/STM32F1xx_HAL_Driver/Src/stm32f1xx_hal_tim_ex.c ****   OC_Config.OCNIdleState = TIM_OCNIDLESTATE_RESET;
 416              		.loc 1 206 3 is_stmt 1 view .LVU135
 206:Drivers/STM32F1xx_HAL_Driver/Src/stm32f1xx_hal_tim_ex.c ****   OC_Config.OCNIdleState = TIM_OCNIDLESTATE_RESET;
 417              		.loc 1 206 20 is_stmt 0 view .LVU136
 418 007c 7023     		movs	r3, #112
 419 007e 0193     		str	r3, [sp, #4]
 207:Drivers/STM32F1xx_HAL_Driver/Src/stm32f1xx_hal_tim_ex.c ****   OC_Config.OCNPolarity = TIM_OCNPOLARITY_HIGH;
 420              		.loc 1 207 3 is_stmt 1 view .LVU137
 207:Drivers/STM32F1xx_HAL_Driver/Src/stm32f1xx_hal_tim_ex.c ****   OC_Config.OCNPolarity = TIM_OCNPOLARITY_HIGH;
 421              		.loc 1 207 26 is_stmt 0 view .LVU138
 422 0080 0795     		str	r5, [sp, #28]
 208:Drivers/STM32F1xx_HAL_Driver/Src/stm32f1xx_hal_tim_ex.c ****   OC_Config.OCPolarity = TIM_OCPOLARITY_HIGH;
 423              		.loc 1 208 3 is_stmt 1 view .LVU139
 208:Drivers/STM32F1xx_HAL_Driver/Src/stm32f1xx_hal_tim_ex.c ****   OC_Config.OCPolarity = TIM_OCPOLARITY_HIGH;
 424              		.loc 1 208 25 is_stmt 0 view .LVU140
 425 0082 0495     		str	r5, [sp, #16]
 209:Drivers/STM32F1xx_HAL_Driver/Src/stm32f1xx_hal_tim_ex.c ****   OC_Config.Pulse = sConfig->Commutation_Delay;
 426              		.loc 1 209 3 is_stmt 1 view .LVU141
 209:Drivers/STM32F1xx_HAL_Driver/Src/stm32f1xx_hal_tim_ex.c ****   OC_Config.Pulse = sConfig->Commutation_Delay;
 427              		.loc 1 209 24 is_stmt 0 view .LVU142
 428 0084 0395     		str	r5, [sp, #12]
 210:Drivers/STM32F1xx_HAL_Driver/Src/stm32f1xx_hal_tim_ex.c **** 
 429              		.loc 1 210 3 is_stmt 1 view .LVU143
 210:Drivers/STM32F1xx_HAL_Driver/Src/stm32f1xx_hal_tim_ex.c **** 
 430              		.loc 1 210 28 is_stmt 0 view .LVU144
 431 0086 F368     		ldr	r3, [r6, #12]
 210:Drivers/STM32F1xx_HAL_Driver/Src/stm32f1xx_hal_tim_ex.c **** 
 432              		.loc 1 210 19 view .LVU145
 433 0088 0293     		str	r3, [sp, #8]
 212:Drivers/STM32F1xx_HAL_Driver/Src/stm32f1xx_hal_tim_ex.c **** 
 434              		.loc 1 212 3 is_stmt 1 view .LVU146
 435 008a 01A9     		add	r1, sp, #4
 436 008c 2068     		ldr	r0, [r4]
 437 008e FFF7FEFF 		bl	TIM_OC2_SetConfig
 438              	.LVL18:
 216:Drivers/STM32F1xx_HAL_Driver/Src/stm32f1xx_hal_tim_ex.c ****   htim->Instance->CR2 |= TIM_TRGO_OC2REF;
 439              		.loc 1 216 3 view .LVU147
 216:Drivers/STM32F1xx_HAL_Driver/Src/stm32f1xx_hal_tim_ex.c ****   htim->Instance->CR2 |= TIM_TRGO_OC2REF;
 440              		.loc 1 216 7 is_stmt 0 view .LVU148
 441 0092 2268     		ldr	r2, [r4]
 216:Drivers/STM32F1xx_HAL_Driver/Src/stm32f1xx_hal_tim_ex.c ****   htim->Instance->CR2 |= TIM_TRGO_OC2REF;
 442              		.loc 1 216 23 view .LVU149
 443 0094 5368     		ldr	r3, [r2, #4]
 444 0096 23F07003 		bic	r3, r3, #112
 445 009a 5360     		str	r3, [r2, #4]
 217:Drivers/STM32F1xx_HAL_Driver/Src/stm32f1xx_hal_tim_ex.c **** 
 446              		.loc 1 217 3 is_stmt 1 view .LVU150
 217:Drivers/STM32F1xx_HAL_Driver/Src/stm32f1xx_hal_tim_ex.c **** 
 447              		.loc 1 217 7 is_stmt 0 view .LVU151
 448 009c 2268     		ldr	r2, [r4]
 217:Drivers/STM32F1xx_HAL_Driver/Src/stm32f1xx_hal_tim_ex.c **** 
 449              		.loc 1 217 23 view .LVU152
 450 009e 5368     		ldr	r3, [r2, #4]
 451 00a0 43F05003 		orr	r3, r3, #80
 452 00a4 5360     		str	r3, [r2, #4]
 220:Drivers/STM32F1xx_HAL_Driver/Src/stm32f1xx_hal_tim_ex.c **** 
 453              		.loc 1 220 3 is_stmt 1 view .LVU153
ARM GAS  C:\Users\Korisnik\AppData\Local\Temp\cckoF0Cb.s 			page 52


 220:Drivers/STM32F1xx_HAL_Driver/Src/stm32f1xx_hal_tim_ex.c **** 
 454              		.loc 1 220 23 is_stmt 0 view .LVU154
 455 00a6 0123     		movs	r3, #1
 456 00a8 84F84630 		strb	r3, [r4, #70]
 223:Drivers/STM32F1xx_HAL_Driver/Src/stm32f1xx_hal_tim_ex.c ****   TIM_CHANNEL_STATE_SET(htim, TIM_CHANNEL_2, HAL_TIM_CHANNEL_STATE_READY);
 457              		.loc 1 223 3 is_stmt 1 view .LVU155
 458 00ac 84F83E30 		strb	r3, [r4, #62]
 224:Drivers/STM32F1xx_HAL_Driver/Src/stm32f1xx_hal_tim_ex.c ****   TIM_CHANNEL_N_STATE_SET(htim, TIM_CHANNEL_1, HAL_TIM_CHANNEL_STATE_READY);
 459              		.loc 1 224 3 view .LVU156
 460 00b0 84F83F30 		strb	r3, [r4, #63]
 225:Drivers/STM32F1xx_HAL_Driver/Src/stm32f1xx_hal_tim_ex.c ****   TIM_CHANNEL_N_STATE_SET(htim, TIM_CHANNEL_2, HAL_TIM_CHANNEL_STATE_READY);
 461              		.loc 1 225 3 view .LVU157
 462 00b4 84F84230 		strb	r3, [r4, #66]
 226:Drivers/STM32F1xx_HAL_Driver/Src/stm32f1xx_hal_tim_ex.c **** 
 463              		.loc 1 226 3 view .LVU158
 464 00b8 84F84330 		strb	r3, [r4, #67]
 229:Drivers/STM32F1xx_HAL_Driver/Src/stm32f1xx_hal_tim_ex.c **** 
 465              		.loc 1 229 3 view .LVU159
 229:Drivers/STM32F1xx_HAL_Driver/Src/stm32f1xx_hal_tim_ex.c **** 
 466              		.loc 1 229 15 is_stmt 0 view .LVU160
 467 00bc 84F83D30 		strb	r3, [r4, #61]
 231:Drivers/STM32F1xx_HAL_Driver/Src/stm32f1xx_hal_tim_ex.c **** }
 468              		.loc 1 231 3 is_stmt 1 view .LVU161
 231:Drivers/STM32F1xx_HAL_Driver/Src/stm32f1xx_hal_tim_ex.c **** }
 469              		.loc 1 231 10 is_stmt 0 view .LVU162
 470 00c0 2846     		mov	r0, r5
 232:Drivers/STM32F1xx_HAL_Driver/Src/stm32f1xx_hal_tim_ex.c **** 
 471              		.loc 1 232 1 view .LVU163
 472 00c2 08B0     		add	sp, sp, #32
 473              	.LCFI4:
 474              		.cfi_remember_state
 475              		.cfi_def_cfa_offset 16
 476              		@ sp needed
 477 00c4 70BD     		pop	{r4, r5, r6, pc}
 478              	.LVL19:
 479              	.L29:
 480              	.LCFI5:
 481              		.cfi_restore_state
 160:Drivers/STM32F1xx_HAL_Driver/Src/stm32f1xx_hal_tim_ex.c **** 
 482              		.loc 1 160 5 is_stmt 1 view .LVU164
 160:Drivers/STM32F1xx_HAL_Driver/Src/stm32f1xx_hal_tim_ex.c **** 
 483              		.loc 1 160 16 is_stmt 0 view .LVU165
 484 00c6 80F83C30 		strb	r3, [r0, #60]
 174:Drivers/STM32F1xx_HAL_Driver/Src/stm32f1xx_hal_tim_ex.c **** #endif /* USE_HAL_TIM_REGISTER_CALLBACKS */
 485              		.loc 1 174 5 is_stmt 1 view .LVU166
 486 00ca FFF7FEFF 		bl	HAL_TIMEx_HallSensor_MspInit
 487              	.LVL20:
 174:Drivers/STM32F1xx_HAL_Driver/Src/stm32f1xx_hal_tim_ex.c **** #endif /* USE_HAL_TIM_REGISTER_CALLBACKS */
 488              		.loc 1 174 5 is_stmt 0 view .LVU167
 489 00ce A1E7     		b	.L23
 490              	.LVL21:
 491              	.L24:
 492              	.LCFI6:
 493              		.cfi_def_cfa_offset 0
 494              		.cfi_restore 4
 495              		.cfi_restore 5
 496              		.cfi_restore 6
ARM GAS  C:\Users\Korisnik\AppData\Local\Temp\cckoF0Cb.s 			page 53


 497              		.cfi_restore 14
 145:Drivers/STM32F1xx_HAL_Driver/Src/stm32f1xx_hal_tim_ex.c ****   }
 498              		.loc 1 145 12 view .LVU168
 499 00d0 0120     		movs	r0, #1
 500              	.LVL22:
 232:Drivers/STM32F1xx_HAL_Driver/Src/stm32f1xx_hal_tim_ex.c **** 
 501              		.loc 1 232 1 view .LVU169
 502 00d2 7047     		bx	lr
 503              		.cfi_endproc
 504              	.LFE65:
 506              		.section	.text.HAL_TIMEx_HallSensor_MspDeInit,"ax",%progbits
 507              		.align	1
 508              		.weak	HAL_TIMEx_HallSensor_MspDeInit
 509              		.syntax unified
 510              		.thumb
 511              		.thumb_func
 512              		.fpu softvfp
 514              	HAL_TIMEx_HallSensor_MspDeInit:
 515              	.LVL23:
 516              	.LFB68:
 300:Drivers/STM32F1xx_HAL_Driver/Src/stm32f1xx_hal_tim_ex.c ****   /* Prevent unused argument(s) compilation warning */
 517              		.loc 1 300 1 is_stmt 1 view -0
 518              		.cfi_startproc
 519              		@ args = 0, pretend = 0, frame = 0
 520              		@ frame_needed = 0, uses_anonymous_args = 0
 521              		@ link register save eliminated.
 302:Drivers/STM32F1xx_HAL_Driver/Src/stm32f1xx_hal_tim_ex.c **** 
 522              		.loc 1 302 3 view .LVU171
 307:Drivers/STM32F1xx_HAL_Driver/Src/stm32f1xx_hal_tim_ex.c **** 
 523              		.loc 1 307 1 is_stmt 0 view .LVU172
 524 0000 7047     		bx	lr
 525              		.cfi_endproc
 526              	.LFE68:
 528              		.section	.text.HAL_TIMEx_HallSensor_DeInit,"ax",%progbits
 529              		.align	1
 530              		.global	HAL_TIMEx_HallSensor_DeInit
 531              		.syntax unified
 532              		.thumb
 533              		.thumb_func
 534              		.fpu softvfp
 536              	HAL_TIMEx_HallSensor_DeInit:
 537              	.LVL24:
 538              	.LFB66:
 240:Drivers/STM32F1xx_HAL_Driver/Src/stm32f1xx_hal_tim_ex.c ****   /* Check the parameters */
 539              		.loc 1 240 1 is_stmt 1 view -0
 540              		.cfi_startproc
 541              		@ args = 0, pretend = 0, frame = 0
 542              		@ frame_needed = 0, uses_anonymous_args = 0
 240:Drivers/STM32F1xx_HAL_Driver/Src/stm32f1xx_hal_tim_ex.c ****   /* Check the parameters */
 543              		.loc 1 240 1 is_stmt 0 view .LVU174
 544 0000 10B5     		push	{r4, lr}
 545              	.LCFI7:
 546              		.cfi_def_cfa_offset 8
 547              		.cfi_offset 4, -8
 548              		.cfi_offset 14, -4
 549 0002 0446     		mov	r4, r0
 242:Drivers/STM32F1xx_HAL_Driver/Src/stm32f1xx_hal_tim_ex.c **** 
ARM GAS  C:\Users\Korisnik\AppData\Local\Temp\cckoF0Cb.s 			page 54


 550              		.loc 1 242 3 is_stmt 1 view .LVU175
 244:Drivers/STM32F1xx_HAL_Driver/Src/stm32f1xx_hal_tim_ex.c **** 
 551              		.loc 1 244 3 view .LVU176
 244:Drivers/STM32F1xx_HAL_Driver/Src/stm32f1xx_hal_tim_ex.c **** 
 552              		.loc 1 244 15 is_stmt 0 view .LVU177
 553 0004 0223     		movs	r3, #2
 554 0006 80F83D30 		strb	r3, [r0, #61]
 247:Drivers/STM32F1xx_HAL_Driver/Src/stm32f1xx_hal_tim_ex.c **** 
 555              		.loc 1 247 3 is_stmt 1 view .LVU178
 247:Drivers/STM32F1xx_HAL_Driver/Src/stm32f1xx_hal_tim_ex.c **** 
 556              		.loc 1 247 3 view .LVU179
 557 000a 0368     		ldr	r3, [r0]
 558 000c 196A     		ldr	r1, [r3, #32]
 559 000e 41F21112 		movw	r2, #4369
 560 0012 1142     		tst	r1, r2
 561 0014 08D1     		bne	.L32
 247:Drivers/STM32F1xx_HAL_Driver/Src/stm32f1xx_hal_tim_ex.c **** 
 562              		.loc 1 247 3 discriminator 1 view .LVU180
 563 0016 196A     		ldr	r1, [r3, #32]
 564 0018 40F24442 		movw	r2, #1092
 565 001c 1142     		tst	r1, r2
 566 001e 03D1     		bne	.L32
 247:Drivers/STM32F1xx_HAL_Driver/Src/stm32f1xx_hal_tim_ex.c **** 
 567              		.loc 1 247 3 discriminator 3 view .LVU181
 568 0020 1A68     		ldr	r2, [r3]
 569 0022 22F00102 		bic	r2, r2, #1
 570 0026 1A60     		str	r2, [r3]
 571              	.L32:
 247:Drivers/STM32F1xx_HAL_Driver/Src/stm32f1xx_hal_tim_ex.c **** 
 572              		.loc 1 247 3 discriminator 5 view .LVU182
 258:Drivers/STM32F1xx_HAL_Driver/Src/stm32f1xx_hal_tim_ex.c **** #endif /* USE_HAL_TIM_REGISTER_CALLBACKS */
 573              		.loc 1 258 3 discriminator 5 view .LVU183
 574 0028 2046     		mov	r0, r4
 575              	.LVL25:
 258:Drivers/STM32F1xx_HAL_Driver/Src/stm32f1xx_hal_tim_ex.c **** #endif /* USE_HAL_TIM_REGISTER_CALLBACKS */
 576              		.loc 1 258 3 is_stmt 0 discriminator 5 view .LVU184
 577 002a FFF7FEFF 		bl	HAL_TIMEx_HallSensor_MspDeInit
 578              	.LVL26:
 262:Drivers/STM32F1xx_HAL_Driver/Src/stm32f1xx_hal_tim_ex.c **** 
 579              		.loc 1 262 3 is_stmt 1 discriminator 5 view .LVU185
 262:Drivers/STM32F1xx_HAL_Driver/Src/stm32f1xx_hal_tim_ex.c **** 
 580              		.loc 1 262 23 is_stmt 0 discriminator 5 view .LVU186
 581 002e 0020     		movs	r0, #0
 582 0030 84F84600 		strb	r0, [r4, #70]
 265:Drivers/STM32F1xx_HAL_Driver/Src/stm32f1xx_hal_tim_ex.c ****   TIM_CHANNEL_STATE_SET(htim, TIM_CHANNEL_2, HAL_TIM_CHANNEL_STATE_RESET);
 583              		.loc 1 265 3 is_stmt 1 discriminator 5 view .LVU187
 584 0034 84F83E00 		strb	r0, [r4, #62]
 266:Drivers/STM32F1xx_HAL_Driver/Src/stm32f1xx_hal_tim_ex.c ****   TIM_CHANNEL_N_STATE_SET(htim, TIM_CHANNEL_1, HAL_TIM_CHANNEL_STATE_RESET);
 585              		.loc 1 266 3 discriminator 5 view .LVU188
 586 0038 84F83F00 		strb	r0, [r4, #63]
 267:Drivers/STM32F1xx_HAL_Driver/Src/stm32f1xx_hal_tim_ex.c ****   TIM_CHANNEL_N_STATE_SET(htim, TIM_CHANNEL_2, HAL_TIM_CHANNEL_STATE_RESET);
 587              		.loc 1 267 3 discriminator 5 view .LVU189
 588 003c 84F84200 		strb	r0, [r4, #66]
 268:Drivers/STM32F1xx_HAL_Driver/Src/stm32f1xx_hal_tim_ex.c **** 
 589              		.loc 1 268 3 discriminator 5 view .LVU190
 590 0040 84F84300 		strb	r0, [r4, #67]
 271:Drivers/STM32F1xx_HAL_Driver/Src/stm32f1xx_hal_tim_ex.c **** 
ARM GAS  C:\Users\Korisnik\AppData\Local\Temp\cckoF0Cb.s 			page 55


 591              		.loc 1 271 3 discriminator 5 view .LVU191
 271:Drivers/STM32F1xx_HAL_Driver/Src/stm32f1xx_hal_tim_ex.c **** 
 592              		.loc 1 271 15 is_stmt 0 discriminator 5 view .LVU192
 593 0044 84F83D00 		strb	r0, [r4, #61]
 274:Drivers/STM32F1xx_HAL_Driver/Src/stm32f1xx_hal_tim_ex.c **** 
 594              		.loc 1 274 3 is_stmt 1 discriminator 5 view .LVU193
 274:Drivers/STM32F1xx_HAL_Driver/Src/stm32f1xx_hal_tim_ex.c **** 
 595              		.loc 1 274 3 discriminator 5 view .LVU194
 596 0048 84F83C00 		strb	r0, [r4, #60]
 274:Drivers/STM32F1xx_HAL_Driver/Src/stm32f1xx_hal_tim_ex.c **** 
 597              		.loc 1 274 3 discriminator 5 view .LVU195
 276:Drivers/STM32F1xx_HAL_Driver/Src/stm32f1xx_hal_tim_ex.c **** }
 598              		.loc 1 276 3 discriminator 5 view .LVU196
 277:Drivers/STM32F1xx_HAL_Driver/Src/stm32f1xx_hal_tim_ex.c **** 
 599              		.loc 1 277 1 is_stmt 0 discriminator 5 view .LVU197
 600 004c 10BD     		pop	{r4, pc}
 277:Drivers/STM32F1xx_HAL_Driver/Src/stm32f1xx_hal_tim_ex.c **** 
 601              		.loc 1 277 1 discriminator 5 view .LVU198
 602              		.cfi_endproc
 603              	.LFE66:
 605              		.section	.text.HAL_TIMEx_HallSensor_Start,"ax",%progbits
 606              		.align	1
 607              		.global	HAL_TIMEx_HallSensor_Start
 608              		.syntax unified
 609              		.thumb
 610              		.thumb_func
 611              		.fpu softvfp
 613              	HAL_TIMEx_HallSensor_Start:
 614              	.LVL27:
 615              	.LFB69:
 315:Drivers/STM32F1xx_HAL_Driver/Src/stm32f1xx_hal_tim_ex.c ****   uint32_t tmpsmcr;
 616              		.loc 1 315 1 is_stmt 1 view -0
 617              		.cfi_startproc
 618              		@ args = 0, pretend = 0, frame = 0
 619              		@ frame_needed = 0, uses_anonymous_args = 0
 315:Drivers/STM32F1xx_HAL_Driver/Src/stm32f1xx_hal_tim_ex.c ****   uint32_t tmpsmcr;
 620              		.loc 1 315 1 is_stmt 0 view .LVU200
 621 0000 10B5     		push	{r4, lr}
 622              	.LCFI8:
 623              		.cfi_def_cfa_offset 8
 624              		.cfi_offset 4, -8
 625              		.cfi_offset 14, -4
 626 0002 0446     		mov	r4, r0
 316:Drivers/STM32F1xx_HAL_Driver/Src/stm32f1xx_hal_tim_ex.c ****   HAL_TIM_ChannelStateTypeDef channel_1_state = TIM_CHANNEL_STATE_GET(htim, TIM_CHANNEL_1);
 627              		.loc 1 316 3 is_stmt 1 view .LVU201
 317:Drivers/STM32F1xx_HAL_Driver/Src/stm32f1xx_hal_tim_ex.c ****   HAL_TIM_ChannelStateTypeDef channel_2_state = TIM_CHANNEL_STATE_GET(htim, TIM_CHANNEL_2);
 628              		.loc 1 317 3 view .LVU202
 317:Drivers/STM32F1xx_HAL_Driver/Src/stm32f1xx_hal_tim_ex.c ****   HAL_TIM_ChannelStateTypeDef channel_2_state = TIM_CHANNEL_STATE_GET(htim, TIM_CHANNEL_2);
 629              		.loc 1 317 31 is_stmt 0 view .LVU203
 630 0004 90F83E00 		ldrb	r0, [r0, #62]	@ zero_extendqisi2
 631              	.LVL28:
 317:Drivers/STM32F1xx_HAL_Driver/Src/stm32f1xx_hal_tim_ex.c ****   HAL_TIM_ChannelStateTypeDef channel_2_state = TIM_CHANNEL_STATE_GET(htim, TIM_CHANNEL_2);
 632              		.loc 1 317 31 view .LVU204
 633 0008 C0B2     		uxtb	r0, r0
 634              	.LVL29:
 318:Drivers/STM32F1xx_HAL_Driver/Src/stm32f1xx_hal_tim_ex.c ****   HAL_TIM_ChannelStateTypeDef complementary_channel_1_state = TIM_CHANNEL_N_STATE_GET(htim, TIM_CHA
 635              		.loc 1 318 3 is_stmt 1 view .LVU205
ARM GAS  C:\Users\Korisnik\AppData\Local\Temp\cckoF0Cb.s 			page 56


 318:Drivers/STM32F1xx_HAL_Driver/Src/stm32f1xx_hal_tim_ex.c ****   HAL_TIM_ChannelStateTypeDef complementary_channel_1_state = TIM_CHANNEL_N_STATE_GET(htim, TIM_CHA
 636              		.loc 1 318 31 is_stmt 0 view .LVU206
 637 000a 94F83F30 		ldrb	r3, [r4, #63]	@ zero_extendqisi2
 638              	.LVL30:
 319:Drivers/STM32F1xx_HAL_Driver/Src/stm32f1xx_hal_tim_ex.c ****   HAL_TIM_ChannelStateTypeDef complementary_channel_2_state = TIM_CHANNEL_N_STATE_GET(htim, TIM_CHA
 639              		.loc 1 319 3 is_stmt 1 view .LVU207
 319:Drivers/STM32F1xx_HAL_Driver/Src/stm32f1xx_hal_tim_ex.c ****   HAL_TIM_ChannelStateTypeDef complementary_channel_2_state = TIM_CHANNEL_N_STATE_GET(htim, TIM_CHA
 640              		.loc 1 319 31 is_stmt 0 view .LVU208
 641 000e 94F84220 		ldrb	r2, [r4, #66]	@ zero_extendqisi2
 642              	.LVL31:
 320:Drivers/STM32F1xx_HAL_Driver/Src/stm32f1xx_hal_tim_ex.c **** 
 643              		.loc 1 320 3 is_stmt 1 view .LVU209
 320:Drivers/STM32F1xx_HAL_Driver/Src/stm32f1xx_hal_tim_ex.c **** 
 644              		.loc 1 320 31 is_stmt 0 view .LVU210
 645 0012 94F84310 		ldrb	r1, [r4, #67]	@ zero_extendqisi2
 646              	.LVL32:
 323:Drivers/STM32F1xx_HAL_Driver/Src/stm32f1xx_hal_tim_ex.c **** 
 647              		.loc 1 323 3 is_stmt 1 view .LVU211
 326:Drivers/STM32F1xx_HAL_Driver/Src/stm32f1xx_hal_tim_ex.c ****       || (channel_2_state != HAL_TIM_CHANNEL_STATE_READY)
 648              		.loc 1 326 3 view .LVU212
 326:Drivers/STM32F1xx_HAL_Driver/Src/stm32f1xx_hal_tim_ex.c ****       || (channel_2_state != HAL_TIM_CHANNEL_STATE_READY)
 649              		.loc 1 326 6 is_stmt 0 view .LVU213
 650 0016 0128     		cmp	r0, #1
 651 0018 33D1     		bne	.L38
 652 001a DBB2     		uxtb	r3, r3
 326:Drivers/STM32F1xx_HAL_Driver/Src/stm32f1xx_hal_tim_ex.c ****       || (channel_2_state != HAL_TIM_CHANNEL_STATE_READY)
 653              		.loc 1 326 6 view .LVU214
 654 001c D2B2     		uxtb	r2, r2
 326:Drivers/STM32F1xx_HAL_Driver/Src/stm32f1xx_hal_tim_ex.c ****       || (channel_2_state != HAL_TIM_CHANNEL_STATE_READY)
 655              		.loc 1 326 6 view .LVU215
 656 001e C9B2     		uxtb	r1, r1
 327:Drivers/STM32F1xx_HAL_Driver/Src/stm32f1xx_hal_tim_ex.c ****       || (complementary_channel_1_state != HAL_TIM_CHANNEL_STATE_READY)
 657              		.loc 1 327 7 view .LVU216
 658 0020 012B     		cmp	r3, #1
 659 0022 2FD1     		bne	.L35
 328:Drivers/STM32F1xx_HAL_Driver/Src/stm32f1xx_hal_tim_ex.c ****       || (complementary_channel_2_state != HAL_TIM_CHANNEL_STATE_READY))
 660              		.loc 1 328 7 view .LVU217
 661 0024 012A     		cmp	r2, #1
 662 0026 2ED1     		bne	.L39
 329:Drivers/STM32F1xx_HAL_Driver/Src/stm32f1xx_hal_tim_ex.c ****   {
 663              		.loc 1 329 7 view .LVU218
 664 0028 0129     		cmp	r1, #1
 665 002a 01D0     		beq	.L43
 331:Drivers/STM32F1xx_HAL_Driver/Src/stm32f1xx_hal_tim_ex.c ****   }
 666              		.loc 1 331 12 view .LVU219
 667 002c 1046     		mov	r0, r2
 668              	.LVL33:
 331:Drivers/STM32F1xx_HAL_Driver/Src/stm32f1xx_hal_tim_ex.c ****   }
 669              		.loc 1 331 12 view .LVU220
 670 002e 29E0     		b	.L35
 671              	.LVL34:
 672              	.L43:
 335:Drivers/STM32F1xx_HAL_Driver/Src/stm32f1xx_hal_tim_ex.c ****   TIM_CHANNEL_STATE_SET(htim, TIM_CHANNEL_2, HAL_TIM_CHANNEL_STATE_BUSY);
 673              		.loc 1 335 3 is_stmt 1 view .LVU221
 674 0030 0223     		movs	r3, #2
 675              	.LVL35:
 335:Drivers/STM32F1xx_HAL_Driver/Src/stm32f1xx_hal_tim_ex.c ****   TIM_CHANNEL_STATE_SET(htim, TIM_CHANNEL_2, HAL_TIM_CHANNEL_STATE_BUSY);
ARM GAS  C:\Users\Korisnik\AppData\Local\Temp\cckoF0Cb.s 			page 57


 676              		.loc 1 335 3 is_stmt 0 view .LVU222
 677 0032 84F83E30 		strb	r3, [r4, #62]
 336:Drivers/STM32F1xx_HAL_Driver/Src/stm32f1xx_hal_tim_ex.c ****   TIM_CHANNEL_N_STATE_SET(htim, TIM_CHANNEL_1, HAL_TIM_CHANNEL_STATE_BUSY);
 678              		.loc 1 336 3 is_stmt 1 view .LVU223
 679 0036 84F83F30 		strb	r3, [r4, #63]
 337:Drivers/STM32F1xx_HAL_Driver/Src/stm32f1xx_hal_tim_ex.c ****   TIM_CHANNEL_N_STATE_SET(htim, TIM_CHANNEL_2, HAL_TIM_CHANNEL_STATE_BUSY);
 680              		.loc 1 337 3 view .LVU224
 681 003a 84F84230 		strb	r3, [r4, #66]
 338:Drivers/STM32F1xx_HAL_Driver/Src/stm32f1xx_hal_tim_ex.c **** 
 682              		.loc 1 338 3 view .LVU225
 683 003e 84F84330 		strb	r3, [r4, #67]
 343:Drivers/STM32F1xx_HAL_Driver/Src/stm32f1xx_hal_tim_ex.c **** 
 684              		.loc 1 343 3 view .LVU226
 685 0042 0021     		movs	r1, #0
 686              	.LVL36:
 343:Drivers/STM32F1xx_HAL_Driver/Src/stm32f1xx_hal_tim_ex.c **** 
 687              		.loc 1 343 3 is_stmt 0 view .LVU227
 688 0044 2068     		ldr	r0, [r4]
 689              	.LVL37:
 343:Drivers/STM32F1xx_HAL_Driver/Src/stm32f1xx_hal_tim_ex.c **** 
 690              		.loc 1 343 3 view .LVU228
 691 0046 FFF7FEFF 		bl	TIM_CCxChannelCmd
 692              	.LVL38:
 346:Drivers/STM32F1xx_HAL_Driver/Src/stm32f1xx_hal_tim_ex.c ****   {
 693              		.loc 1 346 3 is_stmt 1 view .LVU229
 346:Drivers/STM32F1xx_HAL_Driver/Src/stm32f1xx_hal_tim_ex.c ****   {
 694              		.loc 1 346 7 is_stmt 0 view .LVU230
 695 004a 2368     		ldr	r3, [r4]
 346:Drivers/STM32F1xx_HAL_Driver/Src/stm32f1xx_hal_tim_ex.c ****   {
 696              		.loc 1 346 6 view .LVU231
 697 004c 104A     		ldr	r2, .L44
 698 004e 9342     		cmp	r3, r2
 699 0050 0CD0     		beq	.L36
 346:Drivers/STM32F1xx_HAL_Driver/Src/stm32f1xx_hal_tim_ex.c ****   {
 700              		.loc 1 346 7 discriminator 1 view .LVU232
 701 0052 B3F1804F 		cmp	r3, #1073741824
 702 0056 09D0     		beq	.L36
 346:Drivers/STM32F1xx_HAL_Driver/Src/stm32f1xx_hal_tim_ex.c ****   {
 703              		.loc 1 346 7 discriminator 2 view .LVU233
 704 0058 A2F59432 		sub	r2, r2, #75776
 705 005c 9342     		cmp	r3, r2
 706 005e 05D0     		beq	.L36
 356:Drivers/STM32F1xx_HAL_Driver/Src/stm32f1xx_hal_tim_ex.c ****   }
 707              		.loc 1 356 5 is_stmt 1 view .LVU234
 708 0060 1A68     		ldr	r2, [r3]
 709 0062 42F00102 		orr	r2, r2, #1
 710 0066 1A60     		str	r2, [r3]
 360:Drivers/STM32F1xx_HAL_Driver/Src/stm32f1xx_hal_tim_ex.c **** }
 711              		.loc 1 360 10 is_stmt 0 view .LVU235
 712 0068 0020     		movs	r0, #0
 713 006a 0BE0     		b	.L35
 714              	.L36:
 348:Drivers/STM32F1xx_HAL_Driver/Src/stm32f1xx_hal_tim_ex.c ****     if (!IS_TIM_SLAVEMODE_TRIGGER_ENABLED(tmpsmcr))
 715              		.loc 1 348 5 is_stmt 1 view .LVU236
 348:Drivers/STM32F1xx_HAL_Driver/Src/stm32f1xx_hal_tim_ex.c ****     if (!IS_TIM_SLAVEMODE_TRIGGER_ENABLED(tmpsmcr))
 716              		.loc 1 348 29 is_stmt 0 view .LVU237
 717 006c 9A68     		ldr	r2, [r3, #8]
ARM GAS  C:\Users\Korisnik\AppData\Local\Temp\cckoF0Cb.s 			page 58


 348:Drivers/STM32F1xx_HAL_Driver/Src/stm32f1xx_hal_tim_ex.c ****     if (!IS_TIM_SLAVEMODE_TRIGGER_ENABLED(tmpsmcr))
 718              		.loc 1 348 13 view .LVU238
 719 006e 02F00702 		and	r2, r2, #7
 720              	.LVL39:
 349:Drivers/STM32F1xx_HAL_Driver/Src/stm32f1xx_hal_tim_ex.c ****     {
 721              		.loc 1 349 5 is_stmt 1 view .LVU239
 349:Drivers/STM32F1xx_HAL_Driver/Src/stm32f1xx_hal_tim_ex.c ****     {
 722              		.loc 1 349 8 is_stmt 0 view .LVU240
 723 0072 062A     		cmp	r2, #6
 724 0074 09D0     		beq	.L41
 351:Drivers/STM32F1xx_HAL_Driver/Src/stm32f1xx_hal_tim_ex.c ****     }
 725              		.loc 1 351 7 is_stmt 1 view .LVU241
 726 0076 1A68     		ldr	r2, [r3]
 727              	.LVL40:
 351:Drivers/STM32F1xx_HAL_Driver/Src/stm32f1xx_hal_tim_ex.c ****     }
 728              		.loc 1 351 7 is_stmt 0 view .LVU242
 729 0078 42F00102 		orr	r2, r2, #1
 730 007c 1A60     		str	r2, [r3]
 360:Drivers/STM32F1xx_HAL_Driver/Src/stm32f1xx_hal_tim_ex.c **** }
 731              		.loc 1 360 10 view .LVU243
 732 007e 0020     		movs	r0, #0
 733 0080 00E0     		b	.L35
 734              	.LVL41:
 735              	.L38:
 331:Drivers/STM32F1xx_HAL_Driver/Src/stm32f1xx_hal_tim_ex.c ****   }
 736              		.loc 1 331 12 view .LVU244
 737 0082 0120     		movs	r0, #1
 738              	.LVL42:
 739              	.L35:
 361:Drivers/STM32F1xx_HAL_Driver/Src/stm32f1xx_hal_tim_ex.c **** 
 740              		.loc 1 361 1 view .LVU245
 741 0084 10BD     		pop	{r4, pc}
 742              	.LVL43:
 743              	.L39:
 331:Drivers/STM32F1xx_HAL_Driver/Src/stm32f1xx_hal_tim_ex.c ****   }
 744              		.loc 1 331 12 view .LVU246
 745 0086 1846     		mov	r0, r3
 746              	.LVL44:
 331:Drivers/STM32F1xx_HAL_Driver/Src/stm32f1xx_hal_tim_ex.c ****   }
 747              		.loc 1 331 12 view .LVU247
 748 0088 FCE7     		b	.L35
 749              	.LVL45:
 750              	.L41:
 360:Drivers/STM32F1xx_HAL_Driver/Src/stm32f1xx_hal_tim_ex.c **** }
 751              		.loc 1 360 10 view .LVU248
 752 008a 0020     		movs	r0, #0
 753 008c FAE7     		b	.L35
 754              	.L45:
 755 008e 00BF     		.align	2
 756              	.L44:
 757 0090 002C0140 		.word	1073818624
 758              		.cfi_endproc
 759              	.LFE69:
 761              		.section	.text.HAL_TIMEx_HallSensor_Stop,"ax",%progbits
 762              		.align	1
 763              		.global	HAL_TIMEx_HallSensor_Stop
 764              		.syntax unified
ARM GAS  C:\Users\Korisnik\AppData\Local\Temp\cckoF0Cb.s 			page 59


 765              		.thumb
 766              		.thumb_func
 767              		.fpu softvfp
 769              	HAL_TIMEx_HallSensor_Stop:
 770              	.LVL46:
 771              	.LFB70:
 369:Drivers/STM32F1xx_HAL_Driver/Src/stm32f1xx_hal_tim_ex.c ****   /* Check the parameters */
 772              		.loc 1 369 1 is_stmt 1 view -0
 773              		.cfi_startproc
 774              		@ args = 0, pretend = 0, frame = 0
 775              		@ frame_needed = 0, uses_anonymous_args = 0
 369:Drivers/STM32F1xx_HAL_Driver/Src/stm32f1xx_hal_tim_ex.c ****   /* Check the parameters */
 776              		.loc 1 369 1 is_stmt 0 view .LVU250
 777 0000 10B5     		push	{r4, lr}
 778              	.LCFI9:
 779              		.cfi_def_cfa_offset 8
 780              		.cfi_offset 4, -8
 781              		.cfi_offset 14, -4
 782 0002 0446     		mov	r4, r0
 371:Drivers/STM32F1xx_HAL_Driver/Src/stm32f1xx_hal_tim_ex.c **** 
 783              		.loc 1 371 3 is_stmt 1 view .LVU251
 376:Drivers/STM32F1xx_HAL_Driver/Src/stm32f1xx_hal_tim_ex.c **** 
 784              		.loc 1 376 3 view .LVU252
 785 0004 0022     		movs	r2, #0
 786 0006 1146     		mov	r1, r2
 787 0008 0068     		ldr	r0, [r0]
 788              	.LVL47:
 376:Drivers/STM32F1xx_HAL_Driver/Src/stm32f1xx_hal_tim_ex.c **** 
 789              		.loc 1 376 3 is_stmt 0 view .LVU253
 790 000a FFF7FEFF 		bl	TIM_CCxChannelCmd
 791              	.LVL48:
 379:Drivers/STM32F1xx_HAL_Driver/Src/stm32f1xx_hal_tim_ex.c **** 
 792              		.loc 1 379 3 is_stmt 1 view .LVU254
 379:Drivers/STM32F1xx_HAL_Driver/Src/stm32f1xx_hal_tim_ex.c **** 
 793              		.loc 1 379 3 view .LVU255
 794 000e 2368     		ldr	r3, [r4]
 795 0010 196A     		ldr	r1, [r3, #32]
 796 0012 41F21112 		movw	r2, #4369
 797 0016 1142     		tst	r1, r2
 798 0018 08D1     		bne	.L47
 379:Drivers/STM32F1xx_HAL_Driver/Src/stm32f1xx_hal_tim_ex.c **** 
 799              		.loc 1 379 3 discriminator 1 view .LVU256
 800 001a 196A     		ldr	r1, [r3, #32]
 801 001c 40F24442 		movw	r2, #1092
 802 0020 1142     		tst	r1, r2
 803 0022 03D1     		bne	.L47
 379:Drivers/STM32F1xx_HAL_Driver/Src/stm32f1xx_hal_tim_ex.c **** 
 804              		.loc 1 379 3 discriminator 3 view .LVU257
 805 0024 1A68     		ldr	r2, [r3]
 806 0026 22F00102 		bic	r2, r2, #1
 807 002a 1A60     		str	r2, [r3]
 808              	.L47:
 379:Drivers/STM32F1xx_HAL_Driver/Src/stm32f1xx_hal_tim_ex.c **** 
 809              		.loc 1 379 3 discriminator 5 view .LVU258
 382:Drivers/STM32F1xx_HAL_Driver/Src/stm32f1xx_hal_tim_ex.c ****   TIM_CHANNEL_STATE_SET(htim, TIM_CHANNEL_2, HAL_TIM_CHANNEL_STATE_READY);
 810              		.loc 1 382 3 discriminator 5 view .LVU259
 811 002c 0123     		movs	r3, #1
ARM GAS  C:\Users\Korisnik\AppData\Local\Temp\cckoF0Cb.s 			page 60


 812 002e 84F83E30 		strb	r3, [r4, #62]
 383:Drivers/STM32F1xx_HAL_Driver/Src/stm32f1xx_hal_tim_ex.c ****   TIM_CHANNEL_N_STATE_SET(htim, TIM_CHANNEL_1, HAL_TIM_CHANNEL_STATE_READY);
 813              		.loc 1 383 3 discriminator 5 view .LVU260
 814 0032 84F83F30 		strb	r3, [r4, #63]
 384:Drivers/STM32F1xx_HAL_Driver/Src/stm32f1xx_hal_tim_ex.c ****   TIM_CHANNEL_N_STATE_SET(htim, TIM_CHANNEL_2, HAL_TIM_CHANNEL_STATE_READY);
 815              		.loc 1 384 3 discriminator 5 view .LVU261
 816 0036 84F84230 		strb	r3, [r4, #66]
 385:Drivers/STM32F1xx_HAL_Driver/Src/stm32f1xx_hal_tim_ex.c **** 
 817              		.loc 1 385 3 discriminator 5 view .LVU262
 818 003a 84F84330 		strb	r3, [r4, #67]
 388:Drivers/STM32F1xx_HAL_Driver/Src/stm32f1xx_hal_tim_ex.c **** }
 819              		.loc 1 388 3 discriminator 5 view .LVU263
 389:Drivers/STM32F1xx_HAL_Driver/Src/stm32f1xx_hal_tim_ex.c **** 
 820              		.loc 1 389 1 is_stmt 0 discriminator 5 view .LVU264
 821 003e 0020     		movs	r0, #0
 822 0040 10BD     		pop	{r4, pc}
 389:Drivers/STM32F1xx_HAL_Driver/Src/stm32f1xx_hal_tim_ex.c **** 
 823              		.loc 1 389 1 discriminator 5 view .LVU265
 824              		.cfi_endproc
 825              	.LFE70:
 827              		.section	.text.HAL_TIMEx_HallSensor_Start_IT,"ax",%progbits
 828              		.align	1
 829              		.global	HAL_TIMEx_HallSensor_Start_IT
 830              		.syntax unified
 831              		.thumb
 832              		.thumb_func
 833              		.fpu softvfp
 835              	HAL_TIMEx_HallSensor_Start_IT:
 836              	.LVL49:
 837              	.LFB71:
 397:Drivers/STM32F1xx_HAL_Driver/Src/stm32f1xx_hal_tim_ex.c ****   uint32_t tmpsmcr;
 838              		.loc 1 397 1 is_stmt 1 view -0
 839              		.cfi_startproc
 840              		@ args = 0, pretend = 0, frame = 0
 841              		@ frame_needed = 0, uses_anonymous_args = 0
 397:Drivers/STM32F1xx_HAL_Driver/Src/stm32f1xx_hal_tim_ex.c ****   uint32_t tmpsmcr;
 842              		.loc 1 397 1 is_stmt 0 view .LVU267
 843 0000 10B5     		push	{r4, lr}
 844              	.LCFI10:
 845              		.cfi_def_cfa_offset 8
 846              		.cfi_offset 4, -8
 847              		.cfi_offset 14, -4
 848 0002 0446     		mov	r4, r0
 398:Drivers/STM32F1xx_HAL_Driver/Src/stm32f1xx_hal_tim_ex.c ****   HAL_TIM_ChannelStateTypeDef channel_1_state = TIM_CHANNEL_STATE_GET(htim, TIM_CHANNEL_1);
 849              		.loc 1 398 3 is_stmt 1 view .LVU268
 399:Drivers/STM32F1xx_HAL_Driver/Src/stm32f1xx_hal_tim_ex.c ****   HAL_TIM_ChannelStateTypeDef channel_2_state = TIM_CHANNEL_STATE_GET(htim, TIM_CHANNEL_2);
 850              		.loc 1 399 3 view .LVU269
 399:Drivers/STM32F1xx_HAL_Driver/Src/stm32f1xx_hal_tim_ex.c ****   HAL_TIM_ChannelStateTypeDef channel_2_state = TIM_CHANNEL_STATE_GET(htim, TIM_CHANNEL_2);
 851              		.loc 1 399 31 is_stmt 0 view .LVU270
 852 0004 90F83E00 		ldrb	r0, [r0, #62]	@ zero_extendqisi2
 853              	.LVL50:
 399:Drivers/STM32F1xx_HAL_Driver/Src/stm32f1xx_hal_tim_ex.c ****   HAL_TIM_ChannelStateTypeDef channel_2_state = TIM_CHANNEL_STATE_GET(htim, TIM_CHANNEL_2);
 854              		.loc 1 399 31 view .LVU271
 855 0008 C0B2     		uxtb	r0, r0
 856              	.LVL51:
 400:Drivers/STM32F1xx_HAL_Driver/Src/stm32f1xx_hal_tim_ex.c ****   HAL_TIM_ChannelStateTypeDef complementary_channel_1_state = TIM_CHANNEL_N_STATE_GET(htim, TIM_CHA
 857              		.loc 1 400 3 is_stmt 1 view .LVU272
ARM GAS  C:\Users\Korisnik\AppData\Local\Temp\cckoF0Cb.s 			page 61


 400:Drivers/STM32F1xx_HAL_Driver/Src/stm32f1xx_hal_tim_ex.c ****   HAL_TIM_ChannelStateTypeDef complementary_channel_1_state = TIM_CHANNEL_N_STATE_GET(htim, TIM_CHA
 858              		.loc 1 400 31 is_stmt 0 view .LVU273
 859 000a 94F83F30 		ldrb	r3, [r4, #63]	@ zero_extendqisi2
 860              	.LVL52:
 401:Drivers/STM32F1xx_HAL_Driver/Src/stm32f1xx_hal_tim_ex.c ****   HAL_TIM_ChannelStateTypeDef complementary_channel_2_state = TIM_CHANNEL_N_STATE_GET(htim, TIM_CHA
 861              		.loc 1 401 3 is_stmt 1 view .LVU274
 401:Drivers/STM32F1xx_HAL_Driver/Src/stm32f1xx_hal_tim_ex.c ****   HAL_TIM_ChannelStateTypeDef complementary_channel_2_state = TIM_CHANNEL_N_STATE_GET(htim, TIM_CHA
 862              		.loc 1 401 31 is_stmt 0 view .LVU275
 863 000e 94F84220 		ldrb	r2, [r4, #66]	@ zero_extendqisi2
 864              	.LVL53:
 402:Drivers/STM32F1xx_HAL_Driver/Src/stm32f1xx_hal_tim_ex.c **** 
 865              		.loc 1 402 3 is_stmt 1 view .LVU276
 402:Drivers/STM32F1xx_HAL_Driver/Src/stm32f1xx_hal_tim_ex.c **** 
 866              		.loc 1 402 31 is_stmt 0 view .LVU277
 867 0012 94F84310 		ldrb	r1, [r4, #67]	@ zero_extendqisi2
 868              	.LVL54:
 405:Drivers/STM32F1xx_HAL_Driver/Src/stm32f1xx_hal_tim_ex.c **** 
 869              		.loc 1 405 3 is_stmt 1 view .LVU278
 408:Drivers/STM32F1xx_HAL_Driver/Src/stm32f1xx_hal_tim_ex.c ****       || (channel_2_state != HAL_TIM_CHANNEL_STATE_READY)
 870              		.loc 1 408 3 view .LVU279
 408:Drivers/STM32F1xx_HAL_Driver/Src/stm32f1xx_hal_tim_ex.c ****       || (channel_2_state != HAL_TIM_CHANNEL_STATE_READY)
 871              		.loc 1 408 6 is_stmt 0 view .LVU280
 872 0016 0128     		cmp	r0, #1
 873 0018 39D1     		bne	.L53
 874 001a DBB2     		uxtb	r3, r3
 408:Drivers/STM32F1xx_HAL_Driver/Src/stm32f1xx_hal_tim_ex.c ****       || (channel_2_state != HAL_TIM_CHANNEL_STATE_READY)
 875              		.loc 1 408 6 view .LVU281
 876 001c D2B2     		uxtb	r2, r2
 408:Drivers/STM32F1xx_HAL_Driver/Src/stm32f1xx_hal_tim_ex.c ****       || (channel_2_state != HAL_TIM_CHANNEL_STATE_READY)
 877              		.loc 1 408 6 view .LVU282
 878 001e C9B2     		uxtb	r1, r1
 409:Drivers/STM32F1xx_HAL_Driver/Src/stm32f1xx_hal_tim_ex.c ****       || (complementary_channel_1_state != HAL_TIM_CHANNEL_STATE_READY)
 879              		.loc 1 409 7 view .LVU283
 880 0020 012B     		cmp	r3, #1
 881 0022 35D1     		bne	.L50
 410:Drivers/STM32F1xx_HAL_Driver/Src/stm32f1xx_hal_tim_ex.c ****       || (complementary_channel_2_state != HAL_TIM_CHANNEL_STATE_READY))
 882              		.loc 1 410 7 view .LVU284
 883 0024 012A     		cmp	r2, #1
 884 0026 34D1     		bne	.L54
 411:Drivers/STM32F1xx_HAL_Driver/Src/stm32f1xx_hal_tim_ex.c ****   {
 885              		.loc 1 411 7 view .LVU285
 886 0028 0129     		cmp	r1, #1
 887 002a 01D0     		beq	.L58
 413:Drivers/STM32F1xx_HAL_Driver/Src/stm32f1xx_hal_tim_ex.c ****   }
 888              		.loc 1 413 12 view .LVU286
 889 002c 1046     		mov	r0, r2
 890              	.LVL55:
 413:Drivers/STM32F1xx_HAL_Driver/Src/stm32f1xx_hal_tim_ex.c ****   }
 891              		.loc 1 413 12 view .LVU287
 892 002e 2FE0     		b	.L50
 893              	.LVL56:
 894              	.L58:
 417:Drivers/STM32F1xx_HAL_Driver/Src/stm32f1xx_hal_tim_ex.c ****   TIM_CHANNEL_STATE_SET(htim, TIM_CHANNEL_2, HAL_TIM_CHANNEL_STATE_BUSY);
 895              		.loc 1 417 3 is_stmt 1 view .LVU288
 896 0030 0223     		movs	r3, #2
 897              	.LVL57:
 417:Drivers/STM32F1xx_HAL_Driver/Src/stm32f1xx_hal_tim_ex.c ****   TIM_CHANNEL_STATE_SET(htim, TIM_CHANNEL_2, HAL_TIM_CHANNEL_STATE_BUSY);
ARM GAS  C:\Users\Korisnik\AppData\Local\Temp\cckoF0Cb.s 			page 62


 898              		.loc 1 417 3 is_stmt 0 view .LVU289
 899 0032 84F83E30 		strb	r3, [r4, #62]
 418:Drivers/STM32F1xx_HAL_Driver/Src/stm32f1xx_hal_tim_ex.c ****   TIM_CHANNEL_N_STATE_SET(htim, TIM_CHANNEL_1, HAL_TIM_CHANNEL_STATE_BUSY);
 900              		.loc 1 418 3 is_stmt 1 view .LVU290
 901 0036 84F83F30 		strb	r3, [r4, #63]
 419:Drivers/STM32F1xx_HAL_Driver/Src/stm32f1xx_hal_tim_ex.c ****   TIM_CHANNEL_N_STATE_SET(htim, TIM_CHANNEL_2, HAL_TIM_CHANNEL_STATE_BUSY);
 902              		.loc 1 419 3 view .LVU291
 903 003a 84F84230 		strb	r3, [r4, #66]
 420:Drivers/STM32F1xx_HAL_Driver/Src/stm32f1xx_hal_tim_ex.c **** 
 904              		.loc 1 420 3 view .LVU292
 905 003e 84F84330 		strb	r3, [r4, #67]
 423:Drivers/STM32F1xx_HAL_Driver/Src/stm32f1xx_hal_tim_ex.c **** 
 906              		.loc 1 423 3 view .LVU293
 907 0042 2268     		ldr	r2, [r4]
 908              	.LVL58:
 423:Drivers/STM32F1xx_HAL_Driver/Src/stm32f1xx_hal_tim_ex.c **** 
 909              		.loc 1 423 3 is_stmt 0 view .LVU294
 910 0044 D368     		ldr	r3, [r2, #12]
 911 0046 43F00203 		orr	r3, r3, #2
 912 004a D360     		str	r3, [r2, #12]
 428:Drivers/STM32F1xx_HAL_Driver/Src/stm32f1xx_hal_tim_ex.c **** 
 913              		.loc 1 428 3 is_stmt 1 view .LVU295
 914 004c 0122     		movs	r2, #1
 915 004e 0021     		movs	r1, #0
 916              	.LVL59:
 428:Drivers/STM32F1xx_HAL_Driver/Src/stm32f1xx_hal_tim_ex.c **** 
 917              		.loc 1 428 3 is_stmt 0 view .LVU296
 918 0050 2068     		ldr	r0, [r4]
 919              	.LVL60:
 428:Drivers/STM32F1xx_HAL_Driver/Src/stm32f1xx_hal_tim_ex.c **** 
 920              		.loc 1 428 3 view .LVU297
 921 0052 FFF7FEFF 		bl	TIM_CCxChannelCmd
 922              	.LVL61:
 431:Drivers/STM32F1xx_HAL_Driver/Src/stm32f1xx_hal_tim_ex.c ****   {
 923              		.loc 1 431 3 is_stmt 1 view .LVU298
 431:Drivers/STM32F1xx_HAL_Driver/Src/stm32f1xx_hal_tim_ex.c ****   {
 924              		.loc 1 431 7 is_stmt 0 view .LVU299
 925 0056 2368     		ldr	r3, [r4]
 431:Drivers/STM32F1xx_HAL_Driver/Src/stm32f1xx_hal_tim_ex.c ****   {
 926              		.loc 1 431 6 view .LVU300
 927 0058 104A     		ldr	r2, .L59
 928 005a 9342     		cmp	r3, r2
 929 005c 0CD0     		beq	.L51
 431:Drivers/STM32F1xx_HAL_Driver/Src/stm32f1xx_hal_tim_ex.c ****   {
 930              		.loc 1 431 7 discriminator 1 view .LVU301
 931 005e B3F1804F 		cmp	r3, #1073741824
 932 0062 09D0     		beq	.L51
 431:Drivers/STM32F1xx_HAL_Driver/Src/stm32f1xx_hal_tim_ex.c ****   {
 933              		.loc 1 431 7 discriminator 2 view .LVU302
 934 0064 A2F59432 		sub	r2, r2, #75776
 935 0068 9342     		cmp	r3, r2
 936 006a 05D0     		beq	.L51
 441:Drivers/STM32F1xx_HAL_Driver/Src/stm32f1xx_hal_tim_ex.c ****   }
 937              		.loc 1 441 5 is_stmt 1 view .LVU303
 938 006c 1A68     		ldr	r2, [r3]
 939 006e 42F00102 		orr	r2, r2, #1
 940 0072 1A60     		str	r2, [r3]
ARM GAS  C:\Users\Korisnik\AppData\Local\Temp\cckoF0Cb.s 			page 63


 445:Drivers/STM32F1xx_HAL_Driver/Src/stm32f1xx_hal_tim_ex.c **** }
 941              		.loc 1 445 10 is_stmt 0 view .LVU304
 942 0074 0020     		movs	r0, #0
 943 0076 0BE0     		b	.L50
 944              	.L51:
 433:Drivers/STM32F1xx_HAL_Driver/Src/stm32f1xx_hal_tim_ex.c ****     if (!IS_TIM_SLAVEMODE_TRIGGER_ENABLED(tmpsmcr))
 945              		.loc 1 433 5 is_stmt 1 view .LVU305
 433:Drivers/STM32F1xx_HAL_Driver/Src/stm32f1xx_hal_tim_ex.c ****     if (!IS_TIM_SLAVEMODE_TRIGGER_ENABLED(tmpsmcr))
 946              		.loc 1 433 29 is_stmt 0 view .LVU306
 947 0078 9A68     		ldr	r2, [r3, #8]
 433:Drivers/STM32F1xx_HAL_Driver/Src/stm32f1xx_hal_tim_ex.c ****     if (!IS_TIM_SLAVEMODE_TRIGGER_ENABLED(tmpsmcr))
 948              		.loc 1 433 13 view .LVU307
 949 007a 02F00702 		and	r2, r2, #7
 950              	.LVL62:
 434:Drivers/STM32F1xx_HAL_Driver/Src/stm32f1xx_hal_tim_ex.c ****     {
 951              		.loc 1 434 5 is_stmt 1 view .LVU308
 434:Drivers/STM32F1xx_HAL_Driver/Src/stm32f1xx_hal_tim_ex.c ****     {
 952              		.loc 1 434 8 is_stmt 0 view .LVU309
 953 007e 062A     		cmp	r2, #6
 954 0080 09D0     		beq	.L56
 436:Drivers/STM32F1xx_HAL_Driver/Src/stm32f1xx_hal_tim_ex.c ****     }
 955              		.loc 1 436 7 is_stmt 1 view .LVU310
 956 0082 1A68     		ldr	r2, [r3]
 957              	.LVL63:
 436:Drivers/STM32F1xx_HAL_Driver/Src/stm32f1xx_hal_tim_ex.c ****     }
 958              		.loc 1 436 7 is_stmt 0 view .LVU311
 959 0084 42F00102 		orr	r2, r2, #1
 960 0088 1A60     		str	r2, [r3]
 445:Drivers/STM32F1xx_HAL_Driver/Src/stm32f1xx_hal_tim_ex.c **** }
 961              		.loc 1 445 10 view .LVU312
 962 008a 0020     		movs	r0, #0
 963 008c 00E0     		b	.L50
 964              	.LVL64:
 965              	.L53:
 413:Drivers/STM32F1xx_HAL_Driver/Src/stm32f1xx_hal_tim_ex.c ****   }
 966              		.loc 1 413 12 view .LVU313
 967 008e 0120     		movs	r0, #1
 968              	.LVL65:
 969              	.L50:
 446:Drivers/STM32F1xx_HAL_Driver/Src/stm32f1xx_hal_tim_ex.c **** 
 970              		.loc 1 446 1 view .LVU314
 971 0090 10BD     		pop	{r4, pc}
 972              	.LVL66:
 973              	.L54:
 413:Drivers/STM32F1xx_HAL_Driver/Src/stm32f1xx_hal_tim_ex.c ****   }
 974              		.loc 1 413 12 view .LVU315
 975 0092 1846     		mov	r0, r3
 976              	.LVL67:
 413:Drivers/STM32F1xx_HAL_Driver/Src/stm32f1xx_hal_tim_ex.c ****   }
 977              		.loc 1 413 12 view .LVU316
 978 0094 FCE7     		b	.L50
 979              	.LVL68:
 980              	.L56:
 445:Drivers/STM32F1xx_HAL_Driver/Src/stm32f1xx_hal_tim_ex.c **** }
 981              		.loc 1 445 10 view .LVU317
 982 0096 0020     		movs	r0, #0
 983 0098 FAE7     		b	.L50
ARM GAS  C:\Users\Korisnik\AppData\Local\Temp\cckoF0Cb.s 			page 64


 984              	.L60:
 985 009a 00BF     		.align	2
 986              	.L59:
 987 009c 002C0140 		.word	1073818624
 988              		.cfi_endproc
 989              	.LFE71:
 991              		.section	.text.HAL_TIMEx_HallSensor_Stop_IT,"ax",%progbits
 992              		.align	1
 993              		.global	HAL_TIMEx_HallSensor_Stop_IT
 994              		.syntax unified
 995              		.thumb
 996              		.thumb_func
 997              		.fpu softvfp
 999              	HAL_TIMEx_HallSensor_Stop_IT:
 1000              	.LVL69:
 1001              	.LFB72:
 454:Drivers/STM32F1xx_HAL_Driver/Src/stm32f1xx_hal_tim_ex.c ****   /* Check the parameters */
 1002              		.loc 1 454 1 is_stmt 1 view -0
 1003              		.cfi_startproc
 1004              		@ args = 0, pretend = 0, frame = 0
 1005              		@ frame_needed = 0, uses_anonymous_args = 0
 454:Drivers/STM32F1xx_HAL_Driver/Src/stm32f1xx_hal_tim_ex.c ****   /* Check the parameters */
 1006              		.loc 1 454 1 is_stmt 0 view .LVU319
 1007 0000 10B5     		push	{r4, lr}
 1008              	.LCFI11:
 1009              		.cfi_def_cfa_offset 8
 1010              		.cfi_offset 4, -8
 1011              		.cfi_offset 14, -4
 1012 0002 0446     		mov	r4, r0
 456:Drivers/STM32F1xx_HAL_Driver/Src/stm32f1xx_hal_tim_ex.c **** 
 1013              		.loc 1 456 3 is_stmt 1 view .LVU320
 461:Drivers/STM32F1xx_HAL_Driver/Src/stm32f1xx_hal_tim_ex.c **** 
 1014              		.loc 1 461 3 view .LVU321
 1015 0004 0022     		movs	r2, #0
 1016 0006 1146     		mov	r1, r2
 1017 0008 0068     		ldr	r0, [r0]
 1018              	.LVL70:
 461:Drivers/STM32F1xx_HAL_Driver/Src/stm32f1xx_hal_tim_ex.c **** 
 1019              		.loc 1 461 3 is_stmt 0 view .LVU322
 1020 000a FFF7FEFF 		bl	TIM_CCxChannelCmd
 1021              	.LVL71:
 464:Drivers/STM32F1xx_HAL_Driver/Src/stm32f1xx_hal_tim_ex.c **** 
 1022              		.loc 1 464 3 is_stmt 1 view .LVU323
 1023 000e 2268     		ldr	r2, [r4]
 1024 0010 D368     		ldr	r3, [r2, #12]
 1025 0012 23F00203 		bic	r3, r3, #2
 1026 0016 D360     		str	r3, [r2, #12]
 467:Drivers/STM32F1xx_HAL_Driver/Src/stm32f1xx_hal_tim_ex.c **** 
 1027              		.loc 1 467 3 view .LVU324
 467:Drivers/STM32F1xx_HAL_Driver/Src/stm32f1xx_hal_tim_ex.c **** 
 1028              		.loc 1 467 3 view .LVU325
 1029 0018 2368     		ldr	r3, [r4]
 1030 001a 196A     		ldr	r1, [r3, #32]
 1031 001c 41F21112 		movw	r2, #4369
 1032 0020 1142     		tst	r1, r2
 1033 0022 08D1     		bne	.L62
 467:Drivers/STM32F1xx_HAL_Driver/Src/stm32f1xx_hal_tim_ex.c **** 
ARM GAS  C:\Users\Korisnik\AppData\Local\Temp\cckoF0Cb.s 			page 65


 1034              		.loc 1 467 3 discriminator 1 view .LVU326
 1035 0024 196A     		ldr	r1, [r3, #32]
 1036 0026 40F24442 		movw	r2, #1092
 1037 002a 1142     		tst	r1, r2
 1038 002c 03D1     		bne	.L62
 467:Drivers/STM32F1xx_HAL_Driver/Src/stm32f1xx_hal_tim_ex.c **** 
 1039              		.loc 1 467 3 discriminator 3 view .LVU327
 1040 002e 1A68     		ldr	r2, [r3]
 1041 0030 22F00102 		bic	r2, r2, #1
 1042 0034 1A60     		str	r2, [r3]
 1043              	.L62:
 467:Drivers/STM32F1xx_HAL_Driver/Src/stm32f1xx_hal_tim_ex.c **** 
 1044              		.loc 1 467 3 discriminator 5 view .LVU328
 470:Drivers/STM32F1xx_HAL_Driver/Src/stm32f1xx_hal_tim_ex.c ****   TIM_CHANNEL_STATE_SET(htim, TIM_CHANNEL_2, HAL_TIM_CHANNEL_STATE_READY);
 1045              		.loc 1 470 3 discriminator 5 view .LVU329
 1046 0036 0123     		movs	r3, #1
 1047 0038 84F83E30 		strb	r3, [r4, #62]
 471:Drivers/STM32F1xx_HAL_Driver/Src/stm32f1xx_hal_tim_ex.c ****   TIM_CHANNEL_N_STATE_SET(htim, TIM_CHANNEL_1, HAL_TIM_CHANNEL_STATE_READY);
 1048              		.loc 1 471 3 discriminator 5 view .LVU330
 1049 003c 84F83F30 		strb	r3, [r4, #63]
 472:Drivers/STM32F1xx_HAL_Driver/Src/stm32f1xx_hal_tim_ex.c ****   TIM_CHANNEL_N_STATE_SET(htim, TIM_CHANNEL_2, HAL_TIM_CHANNEL_STATE_READY);
 1050              		.loc 1 472 3 discriminator 5 view .LVU331
 1051 0040 84F84230 		strb	r3, [r4, #66]
 473:Drivers/STM32F1xx_HAL_Driver/Src/stm32f1xx_hal_tim_ex.c **** 
 1052              		.loc 1 473 3 discriminator 5 view .LVU332
 1053 0044 84F84330 		strb	r3, [r4, #67]
 476:Drivers/STM32F1xx_HAL_Driver/Src/stm32f1xx_hal_tim_ex.c **** }
 1054              		.loc 1 476 3 discriminator 5 view .LVU333
 477:Drivers/STM32F1xx_HAL_Driver/Src/stm32f1xx_hal_tim_ex.c **** 
 1055              		.loc 1 477 1 is_stmt 0 discriminator 5 view .LVU334
 1056 0048 0020     		movs	r0, #0
 1057 004a 10BD     		pop	{r4, pc}
 477:Drivers/STM32F1xx_HAL_Driver/Src/stm32f1xx_hal_tim_ex.c **** 
 1058              		.loc 1 477 1 discriminator 5 view .LVU335
 1059              		.cfi_endproc
 1060              	.LFE72:
 1062              		.section	.text.HAL_TIMEx_HallSensor_Start_DMA,"ax",%progbits
 1063              		.align	1
 1064              		.global	HAL_TIMEx_HallSensor_Start_DMA
 1065              		.syntax unified
 1066              		.thumb
 1067              		.thumb_func
 1068              		.fpu softvfp
 1070              	HAL_TIMEx_HallSensor_Start_DMA:
 1071              	.LVL72:
 1072              	.LFB73:
 487:Drivers/STM32F1xx_HAL_Driver/Src/stm32f1xx_hal_tim_ex.c ****   uint32_t tmpsmcr;
 1073              		.loc 1 487 1 is_stmt 1 view -0
 1074              		.cfi_startproc
 1075              		@ args = 0, pretend = 0, frame = 0
 1076              		@ frame_needed = 0, uses_anonymous_args = 0
 487:Drivers/STM32F1xx_HAL_Driver/Src/stm32f1xx_hal_tim_ex.c ****   uint32_t tmpsmcr;
 1077              		.loc 1 487 1 is_stmt 0 view .LVU337
 1078 0000 F8B5     		push	{r3, r4, r5, r6, r7, lr}
 1079              	.LCFI12:
 1080              		.cfi_def_cfa_offset 24
 1081              		.cfi_offset 3, -24
ARM GAS  C:\Users\Korisnik\AppData\Local\Temp\cckoF0Cb.s 			page 66


 1082              		.cfi_offset 4, -20
 1083              		.cfi_offset 5, -16
 1084              		.cfi_offset 6, -12
 1085              		.cfi_offset 7, -8
 1086              		.cfi_offset 14, -4
 1087 0002 0446     		mov	r4, r0
 488:Drivers/STM32F1xx_HAL_Driver/Src/stm32f1xx_hal_tim_ex.c ****   HAL_TIM_ChannelStateTypeDef channel_1_state = TIM_CHANNEL_STATE_GET(htim, TIM_CHANNEL_1);
 1088              		.loc 1 488 3 is_stmt 1 view .LVU338
 489:Drivers/STM32F1xx_HAL_Driver/Src/stm32f1xx_hal_tim_ex.c ****   HAL_TIM_ChannelStateTypeDef complementary_channel_1_state = TIM_CHANNEL_N_STATE_GET(htim, TIM_CHA
 1089              		.loc 1 489 3 view .LVU339
 489:Drivers/STM32F1xx_HAL_Driver/Src/stm32f1xx_hal_tim_ex.c ****   HAL_TIM_ChannelStateTypeDef complementary_channel_1_state = TIM_CHANNEL_N_STATE_GET(htim, TIM_CHA
 1090              		.loc 1 489 31 is_stmt 0 view .LVU340
 1091 0004 90F83EC0 		ldrb	ip, [r0, #62]	@ zero_extendqisi2
 1092 0008 5FFA8CF0 		uxtb	r0, ip
 1093              	.LVL73:
 490:Drivers/STM32F1xx_HAL_Driver/Src/stm32f1xx_hal_tim_ex.c **** 
 1094              		.loc 1 490 3 is_stmt 1 view .LVU341
 490:Drivers/STM32F1xx_HAL_Driver/Src/stm32f1xx_hal_tim_ex.c **** 
 1095              		.loc 1 490 31 is_stmt 0 view .LVU342
 1096 000c 94F842C0 		ldrb	ip, [r4, #66]	@ zero_extendqisi2
 1097              	.LVL74:
 493:Drivers/STM32F1xx_HAL_Driver/Src/stm32f1xx_hal_tim_ex.c **** 
 1098              		.loc 1 493 3 is_stmt 1 view .LVU343
 496:Drivers/STM32F1xx_HAL_Driver/Src/stm32f1xx_hal_tim_ex.c ****       || (complementary_channel_1_state == HAL_TIM_CHANNEL_STATE_BUSY))
 1099              		.loc 1 496 3 view .LVU344
 496:Drivers/STM32F1xx_HAL_Driver/Src/stm32f1xx_hal_tim_ex.c ****       || (complementary_channel_1_state == HAL_TIM_CHANNEL_STATE_BUSY))
 1100              		.loc 1 496 6 is_stmt 0 view .LVU345
 1101 0010 0228     		cmp	r0, #2
 1102 0012 4CD0     		beq	.L65
 1103 0014 0F46     		mov	r7, r1
 1104 0016 1646     		mov	r6, r2
 1105 0018 5FFA8CF5 		uxtb	r5, ip
 497:Drivers/STM32F1xx_HAL_Driver/Src/stm32f1xx_hal_tim_ex.c ****   {
 1106              		.loc 1 497 7 view .LVU346
 1107 001c 022D     		cmp	r5, #2
 1108 001e 43D0     		beq	.L69
 501:Drivers/STM32F1xx_HAL_Driver/Src/stm32f1xx_hal_tim_ex.c ****            && (complementary_channel_1_state == HAL_TIM_CHANNEL_STATE_READY))
 1109              		.loc 1 501 8 is_stmt 1 view .LVU347
 501:Drivers/STM32F1xx_HAL_Driver/Src/stm32f1xx_hal_tim_ex.c ****            && (complementary_channel_1_state == HAL_TIM_CHANNEL_STATE_READY))
 1110              		.loc 1 501 11 is_stmt 0 view .LVU348
 1111 0020 0128     		cmp	r0, #1
 1112 0022 43D1     		bne	.L70
 502:Drivers/STM32F1xx_HAL_Driver/Src/stm32f1xx_hal_tim_ex.c ****   {
 1113              		.loc 1 502 12 view .LVU349
 1114 0024 012D     		cmp	r5, #1
 1115 0026 42D1     		bne	.L65
 504:Drivers/STM32F1xx_HAL_Driver/Src/stm32f1xx_hal_tim_ex.c ****     {
 1116              		.loc 1 504 5 is_stmt 1 view .LVU350
 504:Drivers/STM32F1xx_HAL_Driver/Src/stm32f1xx_hal_tim_ex.c ****     {
 1117              		.loc 1 504 8 is_stmt 0 view .LVU351
 1118 0028 0029     		cmp	r1, #0
 1119 002a 2FD0     		beq	.L74
 1120              	.L66:
 510:Drivers/STM32F1xx_HAL_Driver/Src/stm32f1xx_hal_tim_ex.c ****       TIM_CHANNEL_N_STATE_SET(htim, TIM_CHANNEL_1, HAL_TIM_CHANNEL_STATE_BUSY);
 1121              		.loc 1 510 7 is_stmt 1 view .LVU352
 1122 002c 0223     		movs	r3, #2
 1123 002e 84F83E30 		strb	r3, [r4, #62]
ARM GAS  C:\Users\Korisnik\AppData\Local\Temp\cckoF0Cb.s 			page 67


 511:Drivers/STM32F1xx_HAL_Driver/Src/stm32f1xx_hal_tim_ex.c ****     }
 1124              		.loc 1 511 7 view .LVU353
 1125 0032 84F84230 		strb	r3, [r4, #66]
 522:Drivers/STM32F1xx_HAL_Driver/Src/stm32f1xx_hal_tim_ex.c **** 
 1126              		.loc 1 522 3 view .LVU354
 1127 0036 0122     		movs	r2, #1
 1128              	.LVL75:
 522:Drivers/STM32F1xx_HAL_Driver/Src/stm32f1xx_hal_tim_ex.c **** 
 1129              		.loc 1 522 3 is_stmt 0 view .LVU355
 1130 0038 0021     		movs	r1, #0
 1131              	.LVL76:
 522:Drivers/STM32F1xx_HAL_Driver/Src/stm32f1xx_hal_tim_ex.c **** 
 1132              		.loc 1 522 3 view .LVU356
 1133 003a 2068     		ldr	r0, [r4]
 1134              	.LVL77:
 522:Drivers/STM32F1xx_HAL_Driver/Src/stm32f1xx_hal_tim_ex.c **** 
 1135              		.loc 1 522 3 view .LVU357
 1136 003c FFF7FEFF 		bl	TIM_CCxChannelCmd
 1137              	.LVL78:
 525:Drivers/STM32F1xx_HAL_Driver/Src/stm32f1xx_hal_tim_ex.c ****   htim->hdma[TIM_DMA_ID_CC1]->XferHalfCpltCallback = TIM_DMACaptureHalfCplt;
 1138              		.loc 1 525 3 is_stmt 1 view .LVU358
 525:Drivers/STM32F1xx_HAL_Driver/Src/stm32f1xx_hal_tim_ex.c ****   htim->hdma[TIM_DMA_ID_CC1]->XferHalfCpltCallback = TIM_DMACaptureHalfCplt;
 1139              		.loc 1 525 13 is_stmt 0 view .LVU359
 1140 0040 636A     		ldr	r3, [r4, #36]
 525:Drivers/STM32F1xx_HAL_Driver/Src/stm32f1xx_hal_tim_ex.c ****   htim->hdma[TIM_DMA_ID_CC1]->XferHalfCpltCallback = TIM_DMACaptureHalfCplt;
 1141              		.loc 1 525 48 view .LVU360
 1142 0042 1C4A     		ldr	r2, .L75
 1143 0044 9A62     		str	r2, [r3, #40]
 526:Drivers/STM32F1xx_HAL_Driver/Src/stm32f1xx_hal_tim_ex.c ****   /* Set the DMA error callback */
 1144              		.loc 1 526 3 is_stmt 1 view .LVU361
 526:Drivers/STM32F1xx_HAL_Driver/Src/stm32f1xx_hal_tim_ex.c ****   /* Set the DMA error callback */
 1145              		.loc 1 526 13 is_stmt 0 view .LVU362
 1146 0046 636A     		ldr	r3, [r4, #36]
 526:Drivers/STM32F1xx_HAL_Driver/Src/stm32f1xx_hal_tim_ex.c ****   /* Set the DMA error callback */
 1147              		.loc 1 526 52 view .LVU363
 1148 0048 1B4A     		ldr	r2, .L75+4
 1149 004a DA62     		str	r2, [r3, #44]
 528:Drivers/STM32F1xx_HAL_Driver/Src/stm32f1xx_hal_tim_ex.c **** 
 1150              		.loc 1 528 3 is_stmt 1 view .LVU364
 528:Drivers/STM32F1xx_HAL_Driver/Src/stm32f1xx_hal_tim_ex.c **** 
 1151              		.loc 1 528 13 is_stmt 0 view .LVU365
 1152 004c 636A     		ldr	r3, [r4, #36]
 528:Drivers/STM32F1xx_HAL_Driver/Src/stm32f1xx_hal_tim_ex.c **** 
 1153              		.loc 1 528 49 view .LVU366
 1154 004e 1B4A     		ldr	r2, .L75+8
 1155 0050 1A63     		str	r2, [r3, #48]
 531:Drivers/STM32F1xx_HAL_Driver/Src/stm32f1xx_hal_tim_ex.c ****   {
 1156              		.loc 1 531 3 is_stmt 1 view .LVU367
 531:Drivers/STM32F1xx_HAL_Driver/Src/stm32f1xx_hal_tim_ex.c ****   {
 1157              		.loc 1 531 67 is_stmt 0 view .LVU368
 1158 0052 2168     		ldr	r1, [r4]
 531:Drivers/STM32F1xx_HAL_Driver/Src/stm32f1xx_hal_tim_ex.c ****   {
 1159              		.loc 1 531 7 view .LVU369
 1160 0054 3346     		mov	r3, r6
 1161 0056 3A46     		mov	r2, r7
 1162 0058 3431     		adds	r1, r1, #52
 1163 005a 606A     		ldr	r0, [r4, #36]
ARM GAS  C:\Users\Korisnik\AppData\Local\Temp\cckoF0Cb.s 			page 68


 1164 005c FFF7FEFF 		bl	HAL_DMA_Start_IT
 1165              	.LVL79:
 531:Drivers/STM32F1xx_HAL_Driver/Src/stm32f1xx_hal_tim_ex.c ****   {
 1166              		.loc 1 531 6 view .LVU370
 1167 0060 30BB     		cbnz	r0, .L72
 537:Drivers/STM32F1xx_HAL_Driver/Src/stm32f1xx_hal_tim_ex.c **** 
 1168              		.loc 1 537 3 is_stmt 1 view .LVU371
 1169 0062 2268     		ldr	r2, [r4]
 1170 0064 D368     		ldr	r3, [r2, #12]
 1171 0066 43F40073 		orr	r3, r3, #512
 1172 006a D360     		str	r3, [r2, #12]
 540:Drivers/STM32F1xx_HAL_Driver/Src/stm32f1xx_hal_tim_ex.c ****   {
 1173              		.loc 1 540 3 view .LVU372
 540:Drivers/STM32F1xx_HAL_Driver/Src/stm32f1xx_hal_tim_ex.c ****   {
 1174              		.loc 1 540 7 is_stmt 0 view .LVU373
 1175 006c 2368     		ldr	r3, [r4]
 540:Drivers/STM32F1xx_HAL_Driver/Src/stm32f1xx_hal_tim_ex.c ****   {
 1176              		.loc 1 540 6 view .LVU374
 1177 006e 144A     		ldr	r2, .L75+12
 1178 0070 9342     		cmp	r3, r2
 1179 0072 0FD0     		beq	.L67
 540:Drivers/STM32F1xx_HAL_Driver/Src/stm32f1xx_hal_tim_ex.c ****   {
 1180              		.loc 1 540 7 discriminator 1 view .LVU375
 1181 0074 B3F1804F 		cmp	r3, #1073741824
 1182 0078 0CD0     		beq	.L67
 540:Drivers/STM32F1xx_HAL_Driver/Src/stm32f1xx_hal_tim_ex.c ****   {
 1183              		.loc 1 540 7 discriminator 2 view .LVU376
 1184 007a A2F59432 		sub	r2, r2, #75776
 1185 007e 9342     		cmp	r3, r2
 1186 0080 08D0     		beq	.L67
 550:Drivers/STM32F1xx_HAL_Driver/Src/stm32f1xx_hal_tim_ex.c ****   }
 1187              		.loc 1 550 5 is_stmt 1 view .LVU377
 1188 0082 1A68     		ldr	r2, [r3]
 1189 0084 42F00102 		orr	r2, r2, #1
 1190 0088 1A60     		str	r2, [r3]
 1191 008a 10E0     		b	.L65
 1192              	.LVL80:
 1193              	.L74:
 504:Drivers/STM32F1xx_HAL_Driver/Src/stm32f1xx_hal_tim_ex.c ****     {
 1194              		.loc 1 504 25 is_stmt 0 discriminator 1 view .LVU378
 1195 008c 002A     		cmp	r2, #0
 1196 008e CDD0     		beq	.L66
 506:Drivers/STM32F1xx_HAL_Driver/Src/stm32f1xx_hal_tim_ex.c ****     }
 1197              		.loc 1 506 14 view .LVU379
 1198 0090 2846     		mov	r0, r5
 1199              	.LVL81:
 506:Drivers/STM32F1xx_HAL_Driver/Src/stm32f1xx_hal_tim_ex.c ****     }
 1200              		.loc 1 506 14 view .LVU380
 1201 0092 0CE0     		b	.L65
 1202              	.LVL82:
 1203              	.L67:
 542:Drivers/STM32F1xx_HAL_Driver/Src/stm32f1xx_hal_tim_ex.c ****     if (!IS_TIM_SLAVEMODE_TRIGGER_ENABLED(tmpsmcr))
 1204              		.loc 1 542 5 is_stmt 1 view .LVU381
 542:Drivers/STM32F1xx_HAL_Driver/Src/stm32f1xx_hal_tim_ex.c ****     if (!IS_TIM_SLAVEMODE_TRIGGER_ENABLED(tmpsmcr))
 1205              		.loc 1 542 29 is_stmt 0 view .LVU382
 1206 0094 9A68     		ldr	r2, [r3, #8]
 542:Drivers/STM32F1xx_HAL_Driver/Src/stm32f1xx_hal_tim_ex.c ****     if (!IS_TIM_SLAVEMODE_TRIGGER_ENABLED(tmpsmcr))
ARM GAS  C:\Users\Korisnik\AppData\Local\Temp\cckoF0Cb.s 			page 69


 1207              		.loc 1 542 13 view .LVU383
 1208 0096 02F00702 		and	r2, r2, #7
 1209              	.LVL83:
 543:Drivers/STM32F1xx_HAL_Driver/Src/stm32f1xx_hal_tim_ex.c ****     {
 1210              		.loc 1 543 5 is_stmt 1 view .LVU384
 543:Drivers/STM32F1xx_HAL_Driver/Src/stm32f1xx_hal_tim_ex.c ****     {
 1211              		.loc 1 543 8 is_stmt 0 view .LVU385
 1212 009a 062A     		cmp	r2, #6
 1213 009c 07D0     		beq	.L65
 545:Drivers/STM32F1xx_HAL_Driver/Src/stm32f1xx_hal_tim_ex.c ****     }
 1214              		.loc 1 545 7 is_stmt 1 view .LVU386
 1215 009e 1A68     		ldr	r2, [r3]
 1216              	.LVL84:
 545:Drivers/STM32F1xx_HAL_Driver/Src/stm32f1xx_hal_tim_ex.c ****     }
 1217              		.loc 1 545 7 is_stmt 0 view .LVU387
 1218 00a0 42F00102 		orr	r2, r2, #1
 1219 00a4 1A60     		str	r2, [r3]
 1220 00a6 02E0     		b	.L65
 1221              	.LVL85:
 1222              	.L69:
 499:Drivers/STM32F1xx_HAL_Driver/Src/stm32f1xx_hal_tim_ex.c ****   }
 1223              		.loc 1 499 12 view .LVU388
 1224 00a8 2846     		mov	r0, r5
 1225              	.LVL86:
 499:Drivers/STM32F1xx_HAL_Driver/Src/stm32f1xx_hal_tim_ex.c ****   }
 1226              		.loc 1 499 12 view .LVU389
 1227 00aa 00E0     		b	.L65
 1228              	.LVL87:
 1229              	.L70:
 516:Drivers/STM32F1xx_HAL_Driver/Src/stm32f1xx_hal_tim_ex.c ****   }
 1230              		.loc 1 516 12 view .LVU390
 1231 00ac 0120     		movs	r0, #1
 1232              	.LVL88:
 1233              	.L65:
 555:Drivers/STM32F1xx_HAL_Driver/Src/stm32f1xx_hal_tim_ex.c **** 
 1234              		.loc 1 555 1 view .LVU391
 1235 00ae F8BD     		pop	{r3, r4, r5, r6, r7, pc}
 1236              	.LVL89:
 1237              	.L72:
 534:Drivers/STM32F1xx_HAL_Driver/Src/stm32f1xx_hal_tim_ex.c ****   }
 1238              		.loc 1 534 12 view .LVU392
 1239 00b0 2846     		mov	r0, r5
 1240 00b2 FCE7     		b	.L65
 1241              	.L76:
 1242              		.align	2
 1243              	.L75:
 1244 00b4 00000000 		.word	TIM_DMACaptureCplt
 1245 00b8 00000000 		.word	TIM_DMACaptureHalfCplt
 1246 00bc 00000000 		.word	TIM_DMAError
 1247 00c0 002C0140 		.word	1073818624
 1248              		.cfi_endproc
 1249              	.LFE73:
 1251              		.section	.text.HAL_TIMEx_HallSensor_Stop_DMA,"ax",%progbits
 1252              		.align	1
 1253              		.global	HAL_TIMEx_HallSensor_Stop_DMA
 1254              		.syntax unified
 1255              		.thumb
ARM GAS  C:\Users\Korisnik\AppData\Local\Temp\cckoF0Cb.s 			page 70


 1256              		.thumb_func
 1257              		.fpu softvfp
 1259              	HAL_TIMEx_HallSensor_Stop_DMA:
 1260              	.LVL90:
 1261              	.LFB74:
 563:Drivers/STM32F1xx_HAL_Driver/Src/stm32f1xx_hal_tim_ex.c ****   /* Check the parameters */
 1262              		.loc 1 563 1 is_stmt 1 view -0
 1263              		.cfi_startproc
 1264              		@ args = 0, pretend = 0, frame = 0
 1265              		@ frame_needed = 0, uses_anonymous_args = 0
 563:Drivers/STM32F1xx_HAL_Driver/Src/stm32f1xx_hal_tim_ex.c ****   /* Check the parameters */
 1266              		.loc 1 563 1 is_stmt 0 view .LVU394
 1267 0000 10B5     		push	{r4, lr}
 1268              	.LCFI13:
 1269              		.cfi_def_cfa_offset 8
 1270              		.cfi_offset 4, -8
 1271              		.cfi_offset 14, -4
 1272 0002 0446     		mov	r4, r0
 565:Drivers/STM32F1xx_HAL_Driver/Src/stm32f1xx_hal_tim_ex.c **** 
 1273              		.loc 1 565 3 is_stmt 1 view .LVU395
 570:Drivers/STM32F1xx_HAL_Driver/Src/stm32f1xx_hal_tim_ex.c **** 
 1274              		.loc 1 570 3 view .LVU396
 1275 0004 0022     		movs	r2, #0
 1276 0006 1146     		mov	r1, r2
 1277 0008 0068     		ldr	r0, [r0]
 1278              	.LVL91:
 570:Drivers/STM32F1xx_HAL_Driver/Src/stm32f1xx_hal_tim_ex.c **** 
 1279              		.loc 1 570 3 is_stmt 0 view .LVU397
 1280 000a FFF7FEFF 		bl	TIM_CCxChannelCmd
 1281              	.LVL92:
 574:Drivers/STM32F1xx_HAL_Driver/Src/stm32f1xx_hal_tim_ex.c **** 
 1282              		.loc 1 574 3 is_stmt 1 view .LVU398
 1283 000e 2268     		ldr	r2, [r4]
 1284 0010 D368     		ldr	r3, [r2, #12]
 1285 0012 23F40073 		bic	r3, r3, #512
 1286 0016 D360     		str	r3, [r2, #12]
 576:Drivers/STM32F1xx_HAL_Driver/Src/stm32f1xx_hal_tim_ex.c **** 
 1287              		.loc 1 576 3 view .LVU399
 576:Drivers/STM32F1xx_HAL_Driver/Src/stm32f1xx_hal_tim_ex.c **** 
 1288              		.loc 1 576 9 is_stmt 0 view .LVU400
 1289 0018 606A     		ldr	r0, [r4, #36]
 1290 001a FFF7FEFF 		bl	HAL_DMA_Abort_IT
 1291              	.LVL93:
 579:Drivers/STM32F1xx_HAL_Driver/Src/stm32f1xx_hal_tim_ex.c **** 
 1292              		.loc 1 579 3 is_stmt 1 view .LVU401
 579:Drivers/STM32F1xx_HAL_Driver/Src/stm32f1xx_hal_tim_ex.c **** 
 1293              		.loc 1 579 3 view .LVU402
 1294 001e 2368     		ldr	r3, [r4]
 1295 0020 196A     		ldr	r1, [r3, #32]
 1296 0022 41F21112 		movw	r2, #4369
 1297 0026 1142     		tst	r1, r2
 1298 0028 08D1     		bne	.L78
 579:Drivers/STM32F1xx_HAL_Driver/Src/stm32f1xx_hal_tim_ex.c **** 
 1299              		.loc 1 579 3 discriminator 1 view .LVU403
 1300 002a 196A     		ldr	r1, [r3, #32]
 1301 002c 40F24442 		movw	r2, #1092
 1302 0030 1142     		tst	r1, r2
ARM GAS  C:\Users\Korisnik\AppData\Local\Temp\cckoF0Cb.s 			page 71


 1303 0032 03D1     		bne	.L78
 579:Drivers/STM32F1xx_HAL_Driver/Src/stm32f1xx_hal_tim_ex.c **** 
 1304              		.loc 1 579 3 discriminator 3 view .LVU404
 1305 0034 1A68     		ldr	r2, [r3]
 1306 0036 22F00102 		bic	r2, r2, #1
 1307 003a 1A60     		str	r2, [r3]
 1308              	.L78:
 579:Drivers/STM32F1xx_HAL_Driver/Src/stm32f1xx_hal_tim_ex.c **** 
 1309              		.loc 1 579 3 discriminator 5 view .LVU405
 582:Drivers/STM32F1xx_HAL_Driver/Src/stm32f1xx_hal_tim_ex.c ****   TIM_CHANNEL_N_STATE_SET(htim, TIM_CHANNEL_1, HAL_TIM_CHANNEL_STATE_READY);
 1310              		.loc 1 582 3 discriminator 5 view .LVU406
 1311 003c 0123     		movs	r3, #1
 1312 003e 84F83E30 		strb	r3, [r4, #62]
 583:Drivers/STM32F1xx_HAL_Driver/Src/stm32f1xx_hal_tim_ex.c **** 
 1313              		.loc 1 583 3 discriminator 5 view .LVU407
 1314 0042 84F84230 		strb	r3, [r4, #66]
 586:Drivers/STM32F1xx_HAL_Driver/Src/stm32f1xx_hal_tim_ex.c **** }
 1315              		.loc 1 586 3 discriminator 5 view .LVU408
 587:Drivers/STM32F1xx_HAL_Driver/Src/stm32f1xx_hal_tim_ex.c **** 
 1316              		.loc 1 587 1 is_stmt 0 discriminator 5 view .LVU409
 1317 0046 0020     		movs	r0, #0
 1318 0048 10BD     		pop	{r4, pc}
 587:Drivers/STM32F1xx_HAL_Driver/Src/stm32f1xx_hal_tim_ex.c **** 
 1319              		.loc 1 587 1 discriminator 5 view .LVU410
 1320              		.cfi_endproc
 1321              	.LFE74:
 1323              		.section	.text.HAL_TIMEx_OCN_Start,"ax",%progbits
 1324              		.align	1
 1325              		.global	HAL_TIMEx_OCN_Start
 1326              		.syntax unified
 1327              		.thumb
 1328              		.thumb_func
 1329              		.fpu softvfp
 1331              	HAL_TIMEx_OCN_Start:
 1332              	.LVL94:
 1333              	.LFB75:
 625:Drivers/STM32F1xx_HAL_Driver/Src/stm32f1xx_hal_tim_ex.c ****   uint32_t tmpsmcr;
 1334              		.loc 1 625 1 is_stmt 1 view -0
 1335              		.cfi_startproc
 1336              		@ args = 0, pretend = 0, frame = 0
 1337              		@ frame_needed = 0, uses_anonymous_args = 0
 625:Drivers/STM32F1xx_HAL_Driver/Src/stm32f1xx_hal_tim_ex.c ****   uint32_t tmpsmcr;
 1338              		.loc 1 625 1 is_stmt 0 view .LVU412
 1339 0000 10B5     		push	{r4, lr}
 1340              	.LCFI14:
 1341              		.cfi_def_cfa_offset 8
 1342              		.cfi_offset 4, -8
 1343              		.cfi_offset 14, -4
 1344 0002 0446     		mov	r4, r0
 626:Drivers/STM32F1xx_HAL_Driver/Src/stm32f1xx_hal_tim_ex.c **** 
 1345              		.loc 1 626 3 is_stmt 1 view .LVU413
 629:Drivers/STM32F1xx_HAL_Driver/Src/stm32f1xx_hal_tim_ex.c **** 
 1346              		.loc 1 629 3 view .LVU414
 632:Drivers/STM32F1xx_HAL_Driver/Src/stm32f1xx_hal_tim_ex.c ****   {
 1347              		.loc 1 632 3 view .LVU415
 632:Drivers/STM32F1xx_HAL_Driver/Src/stm32f1xx_hal_tim_ex.c ****   {
 1348              		.loc 1 632 46 is_stmt 0 view .LVU416
ARM GAS  C:\Users\Korisnik\AppData\Local\Temp\cckoF0Cb.s 			page 72


 1349 0004 0846     		mov	r0, r1
 1350              	.LVL95:
 632:Drivers/STM32F1xx_HAL_Driver/Src/stm32f1xx_hal_tim_ex.c ****   {
 1351              		.loc 1 632 46 view .LVU417
 1352 0006 39BB     		cbnz	r1, .L81
 632:Drivers/STM32F1xx_HAL_Driver/Src/stm32f1xx_hal_tim_ex.c ****   {
 1353              		.loc 1 632 7 discriminator 1 view .LVU418
 1354 0008 94F84230 		ldrb	r3, [r4, #66]	@ zero_extendqisi2
 1355 000c DBB2     		uxtb	r3, r3
 632:Drivers/STM32F1xx_HAL_Driver/Src/stm32f1xx_hal_tim_ex.c ****   {
 1356              		.loc 1 632 46 discriminator 1 view .LVU419
 1357 000e 013B     		subs	r3, r3, #1
 1358 0010 18BF     		it	ne
 1359 0012 0123     		movne	r3, #1
 1360              	.L82:
 632:Drivers/STM32F1xx_HAL_Driver/Src/stm32f1xx_hal_tim_ex.c ****   {
 1361              		.loc 1 632 6 discriminator 12 view .LVU420
 1362 0014 002B     		cmp	r3, #0
 1363 0016 53D1     		bne	.L92
 638:Drivers/STM32F1xx_HAL_Driver/Src/stm32f1xx_hal_tim_ex.c **** 
 1364              		.loc 1 638 3 is_stmt 1 view .LVU421
 1365 0018 0028     		cmp	r0, #0
 1366 001a 36D1     		bne	.L86
 638:Drivers/STM32F1xx_HAL_Driver/Src/stm32f1xx_hal_tim_ex.c **** 
 1367              		.loc 1 638 3 is_stmt 0 discriminator 1 view .LVU422
 1368 001c 0223     		movs	r3, #2
 1369 001e 84F84230 		strb	r3, [r4, #66]
 1370              	.L87:
 641:Drivers/STM32F1xx_HAL_Driver/Src/stm32f1xx_hal_tim_ex.c **** 
 1371              		.loc 1 641 3 is_stmt 1 view .LVU423
 1372 0022 0422     		movs	r2, #4
 1373 0024 0146     		mov	r1, r0
 1374              	.LVL96:
 641:Drivers/STM32F1xx_HAL_Driver/Src/stm32f1xx_hal_tim_ex.c **** 
 1375              		.loc 1 641 3 is_stmt 0 view .LVU424
 1376 0026 2068     		ldr	r0, [r4]
 1377              	.LVL97:
 641:Drivers/STM32F1xx_HAL_Driver/Src/stm32f1xx_hal_tim_ex.c **** 
 1378              		.loc 1 641 3 view .LVU425
 1379 0028 FFF7FEFF 		bl	TIM_CCxNChannelCmd
 1380              	.LVL98:
 644:Drivers/STM32F1xx_HAL_Driver/Src/stm32f1xx_hal_tim_ex.c **** 
 1381              		.loc 1 644 3 is_stmt 1 view .LVU426
 1382 002c 2268     		ldr	r2, [r4]
 1383 002e 536C     		ldr	r3, [r2, #68]
 1384 0030 43F40043 		orr	r3, r3, #32768
 1385 0034 5364     		str	r3, [r2, #68]
 647:Drivers/STM32F1xx_HAL_Driver/Src/stm32f1xx_hal_tim_ex.c ****   {
 1386              		.loc 1 647 3 view .LVU427
 647:Drivers/STM32F1xx_HAL_Driver/Src/stm32f1xx_hal_tim_ex.c ****   {
 1387              		.loc 1 647 7 is_stmt 0 view .LVU428
 1388 0036 2368     		ldr	r3, [r4]
 647:Drivers/STM32F1xx_HAL_Driver/Src/stm32f1xx_hal_tim_ex.c ****   {
 1389              		.loc 1 647 6 view .LVU429
 1390 0038 234A     		ldr	r2, .L99
 1391 003a 9342     		cmp	r3, r2
 1392 003c 35D0     		beq	.L90
ARM GAS  C:\Users\Korisnik\AppData\Local\Temp\cckoF0Cb.s 			page 73


 647:Drivers/STM32F1xx_HAL_Driver/Src/stm32f1xx_hal_tim_ex.c ****   {
 1393              		.loc 1 647 7 discriminator 1 view .LVU430
 1394 003e B3F1804F 		cmp	r3, #1073741824
 1395 0042 32D0     		beq	.L90
 647:Drivers/STM32F1xx_HAL_Driver/Src/stm32f1xx_hal_tim_ex.c ****   {
 1396              		.loc 1 647 7 discriminator 2 view .LVU431
 1397 0044 A2F59432 		sub	r2, r2, #75776
 1398 0048 9342     		cmp	r3, r2
 1399 004a 2ED0     		beq	.L90
 657:Drivers/STM32F1xx_HAL_Driver/Src/stm32f1xx_hal_tim_ex.c ****   }
 1400              		.loc 1 657 5 is_stmt 1 view .LVU432
 1401 004c 1A68     		ldr	r2, [r3]
 1402 004e 42F00102 		orr	r2, r2, #1
 1403 0052 1A60     		str	r2, [r3]
 661:Drivers/STM32F1xx_HAL_Driver/Src/stm32f1xx_hal_tim_ex.c **** }
 1404              		.loc 1 661 10 is_stmt 0 view .LVU433
 1405 0054 0020     		movs	r0, #0
 1406 0056 34E0     		b	.L85
 1407              	.LVL99:
 1408              	.L81:
 632:Drivers/STM32F1xx_HAL_Driver/Src/stm32f1xx_hal_tim_ex.c ****   {
 1409              		.loc 1 632 46 discriminator 2 view .LVU434
 1410 0058 0429     		cmp	r1, #4
 1411 005a 08D0     		beq	.L95
 632:Drivers/STM32F1xx_HAL_Driver/Src/stm32f1xx_hal_tim_ex.c ****   {
 1412              		.loc 1 632 46 discriminator 5 view .LVU435
 1413 005c 0829     		cmp	r1, #8
 1414 005e 0DD0     		beq	.L96
 632:Drivers/STM32F1xx_HAL_Driver/Src/stm32f1xx_hal_tim_ex.c ****   {
 1415              		.loc 1 632 7 discriminator 8 view .LVU436
 1416 0060 94F84530 		ldrb	r3, [r4, #69]	@ zero_extendqisi2
 1417 0064 DBB2     		uxtb	r3, r3
 632:Drivers/STM32F1xx_HAL_Driver/Src/stm32f1xx_hal_tim_ex.c ****   {
 1418              		.loc 1 632 46 discriminator 8 view .LVU437
 1419 0066 013B     		subs	r3, r3, #1
 1420 0068 18BF     		it	ne
 1421 006a 0123     		movne	r3, #1
 1422 006c D2E7     		b	.L82
 1423              	.L95:
 632:Drivers/STM32F1xx_HAL_Driver/Src/stm32f1xx_hal_tim_ex.c ****   {
 1424              		.loc 1 632 7 discriminator 4 view .LVU438
 1425 006e 94F84330 		ldrb	r3, [r4, #67]	@ zero_extendqisi2
 1426 0072 DBB2     		uxtb	r3, r3
 632:Drivers/STM32F1xx_HAL_Driver/Src/stm32f1xx_hal_tim_ex.c ****   {
 1427              		.loc 1 632 46 discriminator 4 view .LVU439
 1428 0074 013B     		subs	r3, r3, #1
 1429 0076 18BF     		it	ne
 1430 0078 0123     		movne	r3, #1
 1431 007a CBE7     		b	.L82
 1432              	.L96:
 632:Drivers/STM32F1xx_HAL_Driver/Src/stm32f1xx_hal_tim_ex.c ****   {
 1433              		.loc 1 632 7 discriminator 7 view .LVU440
 1434 007c 94F84430 		ldrb	r3, [r4, #68]	@ zero_extendqisi2
 1435 0080 DBB2     		uxtb	r3, r3
 632:Drivers/STM32F1xx_HAL_Driver/Src/stm32f1xx_hal_tim_ex.c ****   {
 1436              		.loc 1 632 46 discriminator 7 view .LVU441
 1437 0082 013B     		subs	r3, r3, #1
ARM GAS  C:\Users\Korisnik\AppData\Local\Temp\cckoF0Cb.s 			page 74


 1438 0084 18BF     		it	ne
 1439 0086 0123     		movne	r3, #1
 1440 0088 C4E7     		b	.L82
 1441              	.L86:
 638:Drivers/STM32F1xx_HAL_Driver/Src/stm32f1xx_hal_tim_ex.c **** 
 1442              		.loc 1 638 3 discriminator 2 view .LVU442
 1443 008a 0428     		cmp	r0, #4
 1444 008c 05D0     		beq	.L97
 638:Drivers/STM32F1xx_HAL_Driver/Src/stm32f1xx_hal_tim_ex.c **** 
 1445              		.loc 1 638 3 discriminator 4 view .LVU443
 1446 008e 0828     		cmp	r0, #8
 1447 0090 07D0     		beq	.L98
 638:Drivers/STM32F1xx_HAL_Driver/Src/stm32f1xx_hal_tim_ex.c **** 
 1448              		.loc 1 638 3 discriminator 7 view .LVU444
 1449 0092 0223     		movs	r3, #2
 1450 0094 84F84530 		strb	r3, [r4, #69]
 1451 0098 C3E7     		b	.L87
 1452              	.L97:
 638:Drivers/STM32F1xx_HAL_Driver/Src/stm32f1xx_hal_tim_ex.c **** 
 1453              		.loc 1 638 3 discriminator 3 view .LVU445
 1454 009a 0223     		movs	r3, #2
 1455 009c 84F84330 		strb	r3, [r4, #67]
 1456 00a0 BFE7     		b	.L87
 1457              	.L98:
 638:Drivers/STM32F1xx_HAL_Driver/Src/stm32f1xx_hal_tim_ex.c **** 
 1458              		.loc 1 638 3 discriminator 6 view .LVU446
 1459 00a2 0223     		movs	r3, #2
 1460 00a4 84F84430 		strb	r3, [r4, #68]
 1461 00a8 BBE7     		b	.L87
 1462              	.LVL100:
 1463              	.L90:
 649:Drivers/STM32F1xx_HAL_Driver/Src/stm32f1xx_hal_tim_ex.c ****     if (!IS_TIM_SLAVEMODE_TRIGGER_ENABLED(tmpsmcr))
 1464              		.loc 1 649 5 is_stmt 1 view .LVU447
 649:Drivers/STM32F1xx_HAL_Driver/Src/stm32f1xx_hal_tim_ex.c ****     if (!IS_TIM_SLAVEMODE_TRIGGER_ENABLED(tmpsmcr))
 1465              		.loc 1 649 29 is_stmt 0 view .LVU448
 1466 00aa 9A68     		ldr	r2, [r3, #8]
 649:Drivers/STM32F1xx_HAL_Driver/Src/stm32f1xx_hal_tim_ex.c ****     if (!IS_TIM_SLAVEMODE_TRIGGER_ENABLED(tmpsmcr))
 1467              		.loc 1 649 13 view .LVU449
 1468 00ac 02F00702 		and	r2, r2, #7
 1469              	.LVL101:
 650:Drivers/STM32F1xx_HAL_Driver/Src/stm32f1xx_hal_tim_ex.c ****     {
 1470              		.loc 1 650 5 is_stmt 1 view .LVU450
 650:Drivers/STM32F1xx_HAL_Driver/Src/stm32f1xx_hal_tim_ex.c ****     {
 1471              		.loc 1 650 8 is_stmt 0 view .LVU451
 1472 00b0 062A     		cmp	r2, #6
 1473 00b2 07D0     		beq	.L93
 652:Drivers/STM32F1xx_HAL_Driver/Src/stm32f1xx_hal_tim_ex.c ****     }
 1474              		.loc 1 652 7 is_stmt 1 view .LVU452
 1475 00b4 1A68     		ldr	r2, [r3]
 1476              	.LVL102:
 652:Drivers/STM32F1xx_HAL_Driver/Src/stm32f1xx_hal_tim_ex.c ****     }
 1477              		.loc 1 652 7 is_stmt 0 view .LVU453
 1478 00b6 42F00102 		orr	r2, r2, #1
 1479 00ba 1A60     		str	r2, [r3]
 661:Drivers/STM32F1xx_HAL_Driver/Src/stm32f1xx_hal_tim_ex.c **** }
 1480              		.loc 1 661 10 view .LVU454
 1481 00bc 0020     		movs	r0, #0
ARM GAS  C:\Users\Korisnik\AppData\Local\Temp\cckoF0Cb.s 			page 75


 1482 00be 00E0     		b	.L85
 1483              	.LVL103:
 1484              	.L92:
 634:Drivers/STM32F1xx_HAL_Driver/Src/stm32f1xx_hal_tim_ex.c ****   }
 1485              		.loc 1 634 12 view .LVU455
 1486 00c0 0120     		movs	r0, #1
 1487              	.LVL104:
 1488              	.L85:
 662:Drivers/STM32F1xx_HAL_Driver/Src/stm32f1xx_hal_tim_ex.c **** 
 1489              		.loc 1 662 1 view .LVU456
 1490 00c2 10BD     		pop	{r4, pc}
 1491              	.LVL105:
 1492              	.L93:
 661:Drivers/STM32F1xx_HAL_Driver/Src/stm32f1xx_hal_tim_ex.c **** }
 1493              		.loc 1 661 10 view .LVU457
 1494 00c4 0020     		movs	r0, #0
 1495 00c6 FCE7     		b	.L85
 1496              	.L100:
 1497              		.align	2
 1498              	.L99:
 1499 00c8 002C0140 		.word	1073818624
 1500              		.cfi_endproc
 1501              	.LFE75:
 1503              		.section	.text.HAL_TIMEx_OCN_Stop,"ax",%progbits
 1504              		.align	1
 1505              		.global	HAL_TIMEx_OCN_Stop
 1506              		.syntax unified
 1507              		.thumb
 1508              		.thumb_func
 1509              		.fpu softvfp
 1511              	HAL_TIMEx_OCN_Stop:
 1512              	.LVL106:
 1513              	.LFB76:
 676:Drivers/STM32F1xx_HAL_Driver/Src/stm32f1xx_hal_tim_ex.c ****   /* Check the parameters */
 1514              		.loc 1 676 1 is_stmt 1 view -0
 1515              		.cfi_startproc
 1516              		@ args = 0, pretend = 0, frame = 0
 1517              		@ frame_needed = 0, uses_anonymous_args = 0
 676:Drivers/STM32F1xx_HAL_Driver/Src/stm32f1xx_hal_tim_ex.c ****   /* Check the parameters */
 1518              		.loc 1 676 1 is_stmt 0 view .LVU459
 1519 0000 38B5     		push	{r3, r4, r5, lr}
 1520              	.LCFI15:
 1521              		.cfi_def_cfa_offset 16
 1522              		.cfi_offset 3, -16
 1523              		.cfi_offset 4, -12
 1524              		.cfi_offset 5, -8
 1525              		.cfi_offset 14, -4
 1526 0002 0446     		mov	r4, r0
 1527 0004 0D46     		mov	r5, r1
 678:Drivers/STM32F1xx_HAL_Driver/Src/stm32f1xx_hal_tim_ex.c **** 
 1528              		.loc 1 678 3 is_stmt 1 view .LVU460
 681:Drivers/STM32F1xx_HAL_Driver/Src/stm32f1xx_hal_tim_ex.c **** 
 1529              		.loc 1 681 3 view .LVU461
 1530 0006 0022     		movs	r2, #0
 1531 0008 0068     		ldr	r0, [r0]
 1532              	.LVL107:
 681:Drivers/STM32F1xx_HAL_Driver/Src/stm32f1xx_hal_tim_ex.c **** 
ARM GAS  C:\Users\Korisnik\AppData\Local\Temp\cckoF0Cb.s 			page 76


 1533              		.loc 1 681 3 is_stmt 0 view .LVU462
 1534 000a FFF7FEFF 		bl	TIM_CCxNChannelCmd
 1535              	.LVL108:
 684:Drivers/STM32F1xx_HAL_Driver/Src/stm32f1xx_hal_tim_ex.c **** 
 1536              		.loc 1 684 3 is_stmt 1 view .LVU463
 684:Drivers/STM32F1xx_HAL_Driver/Src/stm32f1xx_hal_tim_ex.c **** 
 1537              		.loc 1 684 3 view .LVU464
 1538 000e 2368     		ldr	r3, [r4]
 1539 0010 196A     		ldr	r1, [r3, #32]
 1540 0012 41F21112 		movw	r2, #4369
 1541 0016 1142     		tst	r1, r2
 1542 0018 08D1     		bne	.L102
 684:Drivers/STM32F1xx_HAL_Driver/Src/stm32f1xx_hal_tim_ex.c **** 
 1543              		.loc 1 684 3 discriminator 1 view .LVU465
 1544 001a 196A     		ldr	r1, [r3, #32]
 1545 001c 40F24442 		movw	r2, #1092
 1546 0020 1142     		tst	r1, r2
 1547 0022 03D1     		bne	.L102
 684:Drivers/STM32F1xx_HAL_Driver/Src/stm32f1xx_hal_tim_ex.c **** 
 1548              		.loc 1 684 3 discriminator 3 view .LVU466
 1549 0024 5A6C     		ldr	r2, [r3, #68]
 1550 0026 22F40042 		bic	r2, r2, #32768
 1551 002a 5A64     		str	r2, [r3, #68]
 1552              	.L102:
 684:Drivers/STM32F1xx_HAL_Driver/Src/stm32f1xx_hal_tim_ex.c **** 
 1553              		.loc 1 684 3 discriminator 5 view .LVU467
 687:Drivers/STM32F1xx_HAL_Driver/Src/stm32f1xx_hal_tim_ex.c **** 
 1554              		.loc 1 687 3 discriminator 5 view .LVU468
 687:Drivers/STM32F1xx_HAL_Driver/Src/stm32f1xx_hal_tim_ex.c **** 
 1555              		.loc 1 687 3 discriminator 5 view .LVU469
 1556 002c 2368     		ldr	r3, [r4]
 1557 002e 196A     		ldr	r1, [r3, #32]
 1558 0030 41F21112 		movw	r2, #4369
 1559 0034 1142     		tst	r1, r2
 1560 0036 08D1     		bne	.L103
 687:Drivers/STM32F1xx_HAL_Driver/Src/stm32f1xx_hal_tim_ex.c **** 
 1561              		.loc 1 687 3 discriminator 1 view .LVU470
 1562 0038 196A     		ldr	r1, [r3, #32]
 1563 003a 40F24442 		movw	r2, #1092
 1564 003e 1142     		tst	r1, r2
 1565 0040 03D1     		bne	.L103
 687:Drivers/STM32F1xx_HAL_Driver/Src/stm32f1xx_hal_tim_ex.c **** 
 1566              		.loc 1 687 3 discriminator 3 view .LVU471
 1567 0042 1A68     		ldr	r2, [r3]
 1568 0044 22F00102 		bic	r2, r2, #1
 1569 0048 1A60     		str	r2, [r3]
 1570              	.L103:
 687:Drivers/STM32F1xx_HAL_Driver/Src/stm32f1xx_hal_tim_ex.c **** 
 1571              		.loc 1 687 3 discriminator 5 view .LVU472
 690:Drivers/STM32F1xx_HAL_Driver/Src/stm32f1xx_hal_tim_ex.c **** 
 1572              		.loc 1 690 3 discriminator 5 view .LVU473
 1573 004a 25B9     		cbnz	r5, .L104
 690:Drivers/STM32F1xx_HAL_Driver/Src/stm32f1xx_hal_tim_ex.c **** 
 1574              		.loc 1 690 3 is_stmt 0 discriminator 1 view .LVU474
 1575 004c 0123     		movs	r3, #1
 1576 004e 84F84230 		strb	r3, [r4, #66]
 1577              	.L105:
ARM GAS  C:\Users\Korisnik\AppData\Local\Temp\cckoF0Cb.s 			page 77


 693:Drivers/STM32F1xx_HAL_Driver/Src/stm32f1xx_hal_tim_ex.c **** }
 1578              		.loc 1 693 3 is_stmt 1 view .LVU475
 694:Drivers/STM32F1xx_HAL_Driver/Src/stm32f1xx_hal_tim_ex.c **** 
 1579              		.loc 1 694 1 is_stmt 0 view .LVU476
 1580 0052 0020     		movs	r0, #0
 1581 0054 38BD     		pop	{r3, r4, r5, pc}
 1582              	.LVL109:
 1583              	.L104:
 690:Drivers/STM32F1xx_HAL_Driver/Src/stm32f1xx_hal_tim_ex.c **** 
 1584              		.loc 1 690 3 discriminator 2 view .LVU477
 1585 0056 042D     		cmp	r5, #4
 1586 0058 05D0     		beq	.L109
 690:Drivers/STM32F1xx_HAL_Driver/Src/stm32f1xx_hal_tim_ex.c **** 
 1587              		.loc 1 690 3 discriminator 4 view .LVU478
 1588 005a 082D     		cmp	r5, #8
 1589 005c 07D0     		beq	.L110
 690:Drivers/STM32F1xx_HAL_Driver/Src/stm32f1xx_hal_tim_ex.c **** 
 1590              		.loc 1 690 3 discriminator 7 view .LVU479
 1591 005e 0123     		movs	r3, #1
 1592 0060 84F84530 		strb	r3, [r4, #69]
 1593 0064 F5E7     		b	.L105
 1594              	.L109:
 690:Drivers/STM32F1xx_HAL_Driver/Src/stm32f1xx_hal_tim_ex.c **** 
 1595              		.loc 1 690 3 discriminator 3 view .LVU480
 1596 0066 0123     		movs	r3, #1
 1597 0068 84F84330 		strb	r3, [r4, #67]
 1598 006c F1E7     		b	.L105
 1599              	.L110:
 690:Drivers/STM32F1xx_HAL_Driver/Src/stm32f1xx_hal_tim_ex.c **** 
 1600              		.loc 1 690 3 discriminator 6 view .LVU481
 1601 006e 0123     		movs	r3, #1
 1602 0070 84F84430 		strb	r3, [r4, #68]
 1603 0074 EDE7     		b	.L105
 1604              		.cfi_endproc
 1605              	.LFE76:
 1607              		.section	.text.HAL_TIMEx_OCN_Start_IT,"ax",%progbits
 1608              		.align	1
 1609              		.global	HAL_TIMEx_OCN_Start_IT
 1610              		.syntax unified
 1611              		.thumb
 1612              		.thumb_func
 1613              		.fpu softvfp
 1615              	HAL_TIMEx_OCN_Start_IT:
 1616              	.LVL110:
 1617              	.LFB77:
 708:Drivers/STM32F1xx_HAL_Driver/Src/stm32f1xx_hal_tim_ex.c ****   uint32_t tmpsmcr;
 1618              		.loc 1 708 1 is_stmt 1 view -0
 1619              		.cfi_startproc
 1620              		@ args = 0, pretend = 0, frame = 0
 1621              		@ frame_needed = 0, uses_anonymous_args = 0
 708:Drivers/STM32F1xx_HAL_Driver/Src/stm32f1xx_hal_tim_ex.c ****   uint32_t tmpsmcr;
 1622              		.loc 1 708 1 is_stmt 0 view .LVU483
 1623 0000 10B5     		push	{r4, lr}
 1624              	.LCFI16:
 1625              		.cfi_def_cfa_offset 8
 1626              		.cfi_offset 4, -8
 1627              		.cfi_offset 14, -4
ARM GAS  C:\Users\Korisnik\AppData\Local\Temp\cckoF0Cb.s 			page 78


 1628 0002 0446     		mov	r4, r0
 709:Drivers/STM32F1xx_HAL_Driver/Src/stm32f1xx_hal_tim_ex.c **** 
 1629              		.loc 1 709 3 is_stmt 1 view .LVU484
 712:Drivers/STM32F1xx_HAL_Driver/Src/stm32f1xx_hal_tim_ex.c **** 
 1630              		.loc 1 712 3 view .LVU485
 715:Drivers/STM32F1xx_HAL_Driver/Src/stm32f1xx_hal_tim_ex.c ****   {
 1631              		.loc 1 715 3 view .LVU486
 715:Drivers/STM32F1xx_HAL_Driver/Src/stm32f1xx_hal_tim_ex.c ****   {
 1632              		.loc 1 715 46 is_stmt 0 view .LVU487
 1633 0004 0846     		mov	r0, r1
 1634              	.LVL111:
 715:Drivers/STM32F1xx_HAL_Driver/Src/stm32f1xx_hal_tim_ex.c ****   {
 1635              		.loc 1 715 46 view .LVU488
 1636 0006 0029     		cmp	r1, #0
 1637 0008 32D1     		bne	.L112
 715:Drivers/STM32F1xx_HAL_Driver/Src/stm32f1xx_hal_tim_ex.c ****   {
 1638              		.loc 1 715 7 discriminator 1 view .LVU489
 1639 000a 94F84230 		ldrb	r3, [r4, #66]	@ zero_extendqisi2
 1640 000e DBB2     		uxtb	r3, r3
 715:Drivers/STM32F1xx_HAL_Driver/Src/stm32f1xx_hal_tim_ex.c ****   {
 1641              		.loc 1 715 46 discriminator 1 view .LVU490
 1642 0010 013B     		subs	r3, r3, #1
 1643 0012 18BF     		it	ne
 1644 0014 0123     		movne	r3, #1
 1645              	.L113:
 715:Drivers/STM32F1xx_HAL_Driver/Src/stm32f1xx_hal_tim_ex.c ****   {
 1646              		.loc 1 715 6 discriminator 12 view .LVU491
 1647 0016 002B     		cmp	r3, #0
 1648 0018 70D1     		bne	.L126
 721:Drivers/STM32F1xx_HAL_Driver/Src/stm32f1xx_hal_tim_ex.c **** 
 1649              		.loc 1 721 3 is_stmt 1 view .LVU492
 1650 001a 0028     		cmp	r0, #0
 1651 001c 41D1     		bne	.L117
 721:Drivers/STM32F1xx_HAL_Driver/Src/stm32f1xx_hal_tim_ex.c **** 
 1652              		.loc 1 721 3 is_stmt 0 discriminator 1 view .LVU493
 1653 001e 0223     		movs	r3, #2
 1654 0020 84F84230 		strb	r3, [r4, #66]
 1655              	.L118:
 723:Drivers/STM32F1xx_HAL_Driver/Src/stm32f1xx_hal_tim_ex.c ****   {
 1656              		.loc 1 723 3 is_stmt 1 view .LVU494
 1657 0024 0428     		cmp	r0, #4
 1658 0026 52D0     		beq	.L121
 1659 0028 0828     		cmp	r0, #8
 1660 002a 56D0     		beq	.L122
 1661 002c 0028     		cmp	r0, #0
 1662 002e 48D0     		beq	.L129
 1663              	.L123:
 752:Drivers/STM32F1xx_HAL_Driver/Src/stm32f1xx_hal_tim_ex.c **** 
 1664              		.loc 1 752 3 view .LVU495
 1665 0030 2268     		ldr	r2, [r4]
 1666 0032 D368     		ldr	r3, [r2, #12]
 1667 0034 43F08003 		orr	r3, r3, #128
 1668 0038 D360     		str	r3, [r2, #12]
 755:Drivers/STM32F1xx_HAL_Driver/Src/stm32f1xx_hal_tim_ex.c **** 
 1669              		.loc 1 755 3 view .LVU496
 1670 003a 0422     		movs	r2, #4
 1671 003c 0146     		mov	r1, r0
ARM GAS  C:\Users\Korisnik\AppData\Local\Temp\cckoF0Cb.s 			page 79


 1672              	.LVL112:
 755:Drivers/STM32F1xx_HAL_Driver/Src/stm32f1xx_hal_tim_ex.c **** 
 1673              		.loc 1 755 3 is_stmt 0 view .LVU497
 1674 003e 2068     		ldr	r0, [r4]
 1675              	.LVL113:
 755:Drivers/STM32F1xx_HAL_Driver/Src/stm32f1xx_hal_tim_ex.c **** 
 1676              		.loc 1 755 3 view .LVU498
 1677 0040 FFF7FEFF 		bl	TIM_CCxNChannelCmd
 1678              	.LVL114:
 758:Drivers/STM32F1xx_HAL_Driver/Src/stm32f1xx_hal_tim_ex.c **** 
 1679              		.loc 1 758 3 is_stmt 1 view .LVU499
 1680 0044 2268     		ldr	r2, [r4]
 1681 0046 536C     		ldr	r3, [r2, #68]
 1682 0048 43F40043 		orr	r3, r3, #32768
 1683 004c 5364     		str	r3, [r2, #68]
 761:Drivers/STM32F1xx_HAL_Driver/Src/stm32f1xx_hal_tim_ex.c ****   {
 1684              		.loc 1 761 3 view .LVU500
 761:Drivers/STM32F1xx_HAL_Driver/Src/stm32f1xx_hal_tim_ex.c ****   {
 1685              		.loc 1 761 7 is_stmt 0 view .LVU501
 1686 004e 2368     		ldr	r3, [r4]
 761:Drivers/STM32F1xx_HAL_Driver/Src/stm32f1xx_hal_tim_ex.c ****   {
 1687              		.loc 1 761 6 view .LVU502
 1688 0050 2C4A     		ldr	r2, .L134
 1689 0052 9342     		cmp	r3, r2
 1690 0054 47D0     		beq	.L124
 761:Drivers/STM32F1xx_HAL_Driver/Src/stm32f1xx_hal_tim_ex.c ****   {
 1691              		.loc 1 761 7 discriminator 1 view .LVU503
 1692 0056 B3F1804F 		cmp	r3, #1073741824
 1693 005a 44D0     		beq	.L124
 761:Drivers/STM32F1xx_HAL_Driver/Src/stm32f1xx_hal_tim_ex.c ****   {
 1694              		.loc 1 761 7 discriminator 2 view .LVU504
 1695 005c A2F59432 		sub	r2, r2, #75776
 1696 0060 9342     		cmp	r3, r2
 1697 0062 40D0     		beq	.L124
 771:Drivers/STM32F1xx_HAL_Driver/Src/stm32f1xx_hal_tim_ex.c ****   }
 1698              		.loc 1 771 5 is_stmt 1 view .LVU505
 1699 0064 1A68     		ldr	r2, [r3]
 1700 0066 42F00102 		orr	r2, r2, #1
 1701 006a 1A60     		str	r2, [r3]
 775:Drivers/STM32F1xx_HAL_Driver/Src/stm32f1xx_hal_tim_ex.c **** }
 1702              		.loc 1 775 10 is_stmt 0 view .LVU506
 1703 006c 0020     		movs	r0, #0
 1704 006e 46E0     		b	.L116
 1705              	.LVL115:
 1706              	.L112:
 715:Drivers/STM32F1xx_HAL_Driver/Src/stm32f1xx_hal_tim_ex.c ****   {
 1707              		.loc 1 715 46 discriminator 2 view .LVU507
 1708 0070 0429     		cmp	r1, #4
 1709 0072 08D0     		beq	.L130
 715:Drivers/STM32F1xx_HAL_Driver/Src/stm32f1xx_hal_tim_ex.c ****   {
 1710              		.loc 1 715 46 discriminator 5 view .LVU508
 1711 0074 0829     		cmp	r1, #8
 1712 0076 0DD0     		beq	.L131
 715:Drivers/STM32F1xx_HAL_Driver/Src/stm32f1xx_hal_tim_ex.c ****   {
 1713              		.loc 1 715 7 discriminator 8 view .LVU509
 1714 0078 94F84530 		ldrb	r3, [r4, #69]	@ zero_extendqisi2
 1715 007c DBB2     		uxtb	r3, r3
ARM GAS  C:\Users\Korisnik\AppData\Local\Temp\cckoF0Cb.s 			page 80


 715:Drivers/STM32F1xx_HAL_Driver/Src/stm32f1xx_hal_tim_ex.c ****   {
 1716              		.loc 1 715 46 discriminator 8 view .LVU510
 1717 007e 013B     		subs	r3, r3, #1
 1718 0080 18BF     		it	ne
 1719 0082 0123     		movne	r3, #1
 1720 0084 C7E7     		b	.L113
 1721              	.L130:
 715:Drivers/STM32F1xx_HAL_Driver/Src/stm32f1xx_hal_tim_ex.c ****   {
 1722              		.loc 1 715 7 discriminator 4 view .LVU511
 1723 0086 94F84330 		ldrb	r3, [r4, #67]	@ zero_extendqisi2
 1724 008a DBB2     		uxtb	r3, r3
 715:Drivers/STM32F1xx_HAL_Driver/Src/stm32f1xx_hal_tim_ex.c ****   {
 1725              		.loc 1 715 46 discriminator 4 view .LVU512
 1726 008c 013B     		subs	r3, r3, #1
 1727 008e 18BF     		it	ne
 1728 0090 0123     		movne	r3, #1
 1729 0092 C0E7     		b	.L113
 1730              	.L131:
 715:Drivers/STM32F1xx_HAL_Driver/Src/stm32f1xx_hal_tim_ex.c ****   {
 1731              		.loc 1 715 7 discriminator 7 view .LVU513
 1732 0094 94F84430 		ldrb	r3, [r4, #68]	@ zero_extendqisi2
 1733 0098 DBB2     		uxtb	r3, r3
 715:Drivers/STM32F1xx_HAL_Driver/Src/stm32f1xx_hal_tim_ex.c ****   {
 1734              		.loc 1 715 46 discriminator 7 view .LVU514
 1735 009a 013B     		subs	r3, r3, #1
 1736 009c 18BF     		it	ne
 1737 009e 0123     		movne	r3, #1
 1738 00a0 B9E7     		b	.L113
 1739              	.L117:
 721:Drivers/STM32F1xx_HAL_Driver/Src/stm32f1xx_hal_tim_ex.c **** 
 1740              		.loc 1 721 3 discriminator 2 view .LVU515
 1741 00a2 0428     		cmp	r0, #4
 1742 00a4 05D0     		beq	.L132
 721:Drivers/STM32F1xx_HAL_Driver/Src/stm32f1xx_hal_tim_ex.c **** 
 1743              		.loc 1 721 3 discriminator 4 view .LVU516
 1744 00a6 0828     		cmp	r0, #8
 1745 00a8 07D0     		beq	.L133
 721:Drivers/STM32F1xx_HAL_Driver/Src/stm32f1xx_hal_tim_ex.c **** 
 1746              		.loc 1 721 3 discriminator 7 view .LVU517
 1747 00aa 0223     		movs	r3, #2
 1748 00ac 84F84530 		strb	r3, [r4, #69]
 1749 00b0 B8E7     		b	.L118
 1750              	.L132:
 721:Drivers/STM32F1xx_HAL_Driver/Src/stm32f1xx_hal_tim_ex.c **** 
 1751              		.loc 1 721 3 discriminator 3 view .LVU518
 1752 00b2 0223     		movs	r3, #2
 1753 00b4 84F84330 		strb	r3, [r4, #67]
 1754 00b8 B4E7     		b	.L118
 1755              	.L133:
 721:Drivers/STM32F1xx_HAL_Driver/Src/stm32f1xx_hal_tim_ex.c **** 
 1756              		.loc 1 721 3 discriminator 6 view .LVU519
 1757 00ba 0223     		movs	r3, #2
 1758 00bc 84F84430 		strb	r3, [r4, #68]
 1759 00c0 B0E7     		b	.L118
 1760              	.L129:
 728:Drivers/STM32F1xx_HAL_Driver/Src/stm32f1xx_hal_tim_ex.c ****       break;
 1761              		.loc 1 728 7 is_stmt 1 view .LVU520
ARM GAS  C:\Users\Korisnik\AppData\Local\Temp\cckoF0Cb.s 			page 81


 1762 00c2 2268     		ldr	r2, [r4]
 1763 00c4 D368     		ldr	r3, [r2, #12]
 1764 00c6 43F00203 		orr	r3, r3, #2
 1765 00ca D360     		str	r3, [r2, #12]
 729:Drivers/STM32F1xx_HAL_Driver/Src/stm32f1xx_hal_tim_ex.c ****     }
 1766              		.loc 1 729 7 view .LVU521
 1767 00cc B0E7     		b	.L123
 1768              	.L121:
 735:Drivers/STM32F1xx_HAL_Driver/Src/stm32f1xx_hal_tim_ex.c ****       break;
 1769              		.loc 1 735 7 view .LVU522
 1770 00ce 2268     		ldr	r2, [r4]
 1771 00d0 D368     		ldr	r3, [r2, #12]
 1772 00d2 43F00403 		orr	r3, r3, #4
 1773 00d6 D360     		str	r3, [r2, #12]
 736:Drivers/STM32F1xx_HAL_Driver/Src/stm32f1xx_hal_tim_ex.c ****     }
 1774              		.loc 1 736 7 view .LVU523
 1775 00d8 AAE7     		b	.L123
 1776              	.L122:
 742:Drivers/STM32F1xx_HAL_Driver/Src/stm32f1xx_hal_tim_ex.c ****       break;
 1777              		.loc 1 742 7 view .LVU524
 1778 00da 2268     		ldr	r2, [r4]
 1779 00dc D368     		ldr	r3, [r2, #12]
 1780 00de 43F00803 		orr	r3, r3, #8
 1781 00e2 D360     		str	r3, [r2, #12]
 743:Drivers/STM32F1xx_HAL_Driver/Src/stm32f1xx_hal_tim_ex.c ****     }
 1782              		.loc 1 743 7 view .LVU525
 1783 00e4 A4E7     		b	.L123
 1784              	.LVL116:
 1785              	.L124:
 763:Drivers/STM32F1xx_HAL_Driver/Src/stm32f1xx_hal_tim_ex.c ****     if (!IS_TIM_SLAVEMODE_TRIGGER_ENABLED(tmpsmcr))
 1786              		.loc 1 763 5 view .LVU526
 763:Drivers/STM32F1xx_HAL_Driver/Src/stm32f1xx_hal_tim_ex.c ****     if (!IS_TIM_SLAVEMODE_TRIGGER_ENABLED(tmpsmcr))
 1787              		.loc 1 763 29 is_stmt 0 view .LVU527
 1788 00e6 9A68     		ldr	r2, [r3, #8]
 763:Drivers/STM32F1xx_HAL_Driver/Src/stm32f1xx_hal_tim_ex.c ****     if (!IS_TIM_SLAVEMODE_TRIGGER_ENABLED(tmpsmcr))
 1789              		.loc 1 763 13 view .LVU528
 1790 00e8 02F00702 		and	r2, r2, #7
 1791              	.LVL117:
 764:Drivers/STM32F1xx_HAL_Driver/Src/stm32f1xx_hal_tim_ex.c ****     {
 1792              		.loc 1 764 5 is_stmt 1 view .LVU529
 764:Drivers/STM32F1xx_HAL_Driver/Src/stm32f1xx_hal_tim_ex.c ****     {
 1793              		.loc 1 764 8 is_stmt 0 view .LVU530
 1794 00ec 062A     		cmp	r2, #6
 1795 00ee 07D0     		beq	.L127
 766:Drivers/STM32F1xx_HAL_Driver/Src/stm32f1xx_hal_tim_ex.c ****     }
 1796              		.loc 1 766 7 is_stmt 1 view .LVU531
 1797 00f0 1A68     		ldr	r2, [r3]
 1798              	.LVL118:
 766:Drivers/STM32F1xx_HAL_Driver/Src/stm32f1xx_hal_tim_ex.c ****     }
 1799              		.loc 1 766 7 is_stmt 0 view .LVU532
 1800 00f2 42F00102 		orr	r2, r2, #1
 1801 00f6 1A60     		str	r2, [r3]
 775:Drivers/STM32F1xx_HAL_Driver/Src/stm32f1xx_hal_tim_ex.c **** }
 1802              		.loc 1 775 10 view .LVU533
 1803 00f8 0020     		movs	r0, #0
 1804 00fa 00E0     		b	.L116
 1805              	.LVL119:
ARM GAS  C:\Users\Korisnik\AppData\Local\Temp\cckoF0Cb.s 			page 82


 1806              	.L126:
 717:Drivers/STM32F1xx_HAL_Driver/Src/stm32f1xx_hal_tim_ex.c ****   }
 1807              		.loc 1 717 12 view .LVU534
 1808 00fc 0120     		movs	r0, #1
 1809              	.LVL120:
 1810              	.L116:
 776:Drivers/STM32F1xx_HAL_Driver/Src/stm32f1xx_hal_tim_ex.c **** 
 1811              		.loc 1 776 1 view .LVU535
 1812 00fe 10BD     		pop	{r4, pc}
 1813              	.LVL121:
 1814              	.L127:
 775:Drivers/STM32F1xx_HAL_Driver/Src/stm32f1xx_hal_tim_ex.c **** }
 1815              		.loc 1 775 10 view .LVU536
 1816 0100 0020     		movs	r0, #0
 1817 0102 FCE7     		b	.L116
 1818              	.L135:
 1819              		.align	2
 1820              	.L134:
 1821 0104 002C0140 		.word	1073818624
 1822              		.cfi_endproc
 1823              	.LFE77:
 1825              		.section	.text.HAL_TIMEx_OCN_Stop_IT,"ax",%progbits
 1826              		.align	1
 1827              		.global	HAL_TIMEx_OCN_Stop_IT
 1828              		.syntax unified
 1829              		.thumb
 1830              		.thumb_func
 1831              		.fpu softvfp
 1833              	HAL_TIMEx_OCN_Stop_IT:
 1834              	.LVL122:
 1835              	.LFB78:
 790:Drivers/STM32F1xx_HAL_Driver/Src/stm32f1xx_hal_tim_ex.c ****   uint32_t tmpccer;
 1836              		.loc 1 790 1 is_stmt 1 view -0
 1837              		.cfi_startproc
 1838              		@ args = 0, pretend = 0, frame = 0
 1839              		@ frame_needed = 0, uses_anonymous_args = 0
 790:Drivers/STM32F1xx_HAL_Driver/Src/stm32f1xx_hal_tim_ex.c ****   uint32_t tmpccer;
 1840              		.loc 1 790 1 is_stmt 0 view .LVU538
 1841 0000 38B5     		push	{r3, r4, r5, lr}
 1842              	.LCFI17:
 1843              		.cfi_def_cfa_offset 16
 1844              		.cfi_offset 3, -16
 1845              		.cfi_offset 4, -12
 1846              		.cfi_offset 5, -8
 1847              		.cfi_offset 14, -4
 1848 0002 0546     		mov	r5, r0
 1849 0004 0C46     		mov	r4, r1
 791:Drivers/STM32F1xx_HAL_Driver/Src/stm32f1xx_hal_tim_ex.c ****   /* Check the parameters */
 1850              		.loc 1 791 3 is_stmt 1 view .LVU539
 793:Drivers/STM32F1xx_HAL_Driver/Src/stm32f1xx_hal_tim_ex.c **** 
 1851              		.loc 1 793 3 view .LVU540
 795:Drivers/STM32F1xx_HAL_Driver/Src/stm32f1xx_hal_tim_ex.c ****   {
 1852              		.loc 1 795 3 view .LVU541
 1853 0006 0429     		cmp	r1, #4
 1854 0008 3CD0     		beq	.L137
 1855 000a 0829     		cmp	r1, #8
 1856 000c 40D0     		beq	.L138
ARM GAS  C:\Users\Korisnik\AppData\Local\Temp\cckoF0Cb.s 			page 83


 1857 000e 0029     		cmp	r1, #0
 1858 0010 32D0     		beq	.L148
 1859              	.L139:
 823:Drivers/STM32F1xx_HAL_Driver/Src/stm32f1xx_hal_tim_ex.c **** 
 1860              		.loc 1 823 3 view .LVU542
 1861 0012 0022     		movs	r2, #0
 1862 0014 2146     		mov	r1, r4
 1863              	.LVL123:
 823:Drivers/STM32F1xx_HAL_Driver/Src/stm32f1xx_hal_tim_ex.c **** 
 1864              		.loc 1 823 3 is_stmt 0 view .LVU543
 1865 0016 2868     		ldr	r0, [r5]
 1866              	.LVL124:
 823:Drivers/STM32F1xx_HAL_Driver/Src/stm32f1xx_hal_tim_ex.c **** 
 1867              		.loc 1 823 3 view .LVU544
 1868 0018 FFF7FEFF 		bl	TIM_CCxNChannelCmd
 1869              	.LVL125:
 826:Drivers/STM32F1xx_HAL_Driver/Src/stm32f1xx_hal_tim_ex.c ****   if ((tmpccer & (TIM_CCER_CC1NE | TIM_CCER_CC2NE | TIM_CCER_CC3NE)) == (uint32_t)RESET)
 1870              		.loc 1 826 3 is_stmt 1 view .LVU545
 826:Drivers/STM32F1xx_HAL_Driver/Src/stm32f1xx_hal_tim_ex.c ****   if ((tmpccer & (TIM_CCER_CC1NE | TIM_CCER_CC2NE | TIM_CCER_CC3NE)) == (uint32_t)RESET)
 1871              		.loc 1 826 17 is_stmt 0 view .LVU546
 1872 001c 2B68     		ldr	r3, [r5]
 826:Drivers/STM32F1xx_HAL_Driver/Src/stm32f1xx_hal_tim_ex.c ****   if ((tmpccer & (TIM_CCER_CC1NE | TIM_CCER_CC2NE | TIM_CCER_CC3NE)) == (uint32_t)RESET)
 1873              		.loc 1 826 11 view .LVU547
 1874 001e 196A     		ldr	r1, [r3, #32]
 1875              	.LVL126:
 827:Drivers/STM32F1xx_HAL_Driver/Src/stm32f1xx_hal_tim_ex.c ****   {
 1876              		.loc 1 827 3 is_stmt 1 view .LVU548
 827:Drivers/STM32F1xx_HAL_Driver/Src/stm32f1xx_hal_tim_ex.c ****   {
 1877              		.loc 1 827 6 is_stmt 0 view .LVU549
 1878 0020 40F24442 		movw	r2, #1092
 1879 0024 1142     		tst	r1, r2
 1880 0026 03D1     		bne	.L140
 829:Drivers/STM32F1xx_HAL_Driver/Src/stm32f1xx_hal_tim_ex.c ****   }
 1881              		.loc 1 829 5 is_stmt 1 view .LVU550
 1882 0028 DA68     		ldr	r2, [r3, #12]
 1883 002a 22F08002 		bic	r2, r2, #128
 1884 002e DA60     		str	r2, [r3, #12]
 1885              	.L140:
 833:Drivers/STM32F1xx_HAL_Driver/Src/stm32f1xx_hal_tim_ex.c **** 
 1886              		.loc 1 833 3 view .LVU551
 833:Drivers/STM32F1xx_HAL_Driver/Src/stm32f1xx_hal_tim_ex.c **** 
 1887              		.loc 1 833 3 view .LVU552
 1888 0030 2B68     		ldr	r3, [r5]
 1889 0032 196A     		ldr	r1, [r3, #32]
 1890              	.LVL127:
 833:Drivers/STM32F1xx_HAL_Driver/Src/stm32f1xx_hal_tim_ex.c **** 
 1891              		.loc 1 833 3 is_stmt 0 view .LVU553
 1892 0034 41F21112 		movw	r2, #4369
 1893 0038 1142     		tst	r1, r2
 1894 003a 08D1     		bne	.L141
 833:Drivers/STM32F1xx_HAL_Driver/Src/stm32f1xx_hal_tim_ex.c **** 
 1895              		.loc 1 833 3 is_stmt 1 discriminator 1 view .LVU554
 1896 003c 196A     		ldr	r1, [r3, #32]
 1897 003e 40F24442 		movw	r2, #1092
 1898 0042 1142     		tst	r1, r2
 1899 0044 03D1     		bne	.L141
 833:Drivers/STM32F1xx_HAL_Driver/Src/stm32f1xx_hal_tim_ex.c **** 
ARM GAS  C:\Users\Korisnik\AppData\Local\Temp\cckoF0Cb.s 			page 84


 1900              		.loc 1 833 3 discriminator 3 view .LVU555
 1901 0046 5A6C     		ldr	r2, [r3, #68]
 1902 0048 22F40042 		bic	r2, r2, #32768
 1903 004c 5A64     		str	r2, [r3, #68]
 1904              	.L141:
 833:Drivers/STM32F1xx_HAL_Driver/Src/stm32f1xx_hal_tim_ex.c **** 
 1905              		.loc 1 833 3 discriminator 5 view .LVU556
 836:Drivers/STM32F1xx_HAL_Driver/Src/stm32f1xx_hal_tim_ex.c **** 
 1906              		.loc 1 836 3 discriminator 5 view .LVU557
 836:Drivers/STM32F1xx_HAL_Driver/Src/stm32f1xx_hal_tim_ex.c **** 
 1907              		.loc 1 836 3 discriminator 5 view .LVU558
 1908 004e 2B68     		ldr	r3, [r5]
 1909 0050 196A     		ldr	r1, [r3, #32]
 1910 0052 41F21112 		movw	r2, #4369
 1911 0056 1142     		tst	r1, r2
 1912 0058 08D1     		bne	.L142
 836:Drivers/STM32F1xx_HAL_Driver/Src/stm32f1xx_hal_tim_ex.c **** 
 1913              		.loc 1 836 3 discriminator 1 view .LVU559
 1914 005a 196A     		ldr	r1, [r3, #32]
 1915 005c 40F24442 		movw	r2, #1092
 1916 0060 1142     		tst	r1, r2
 1917 0062 03D1     		bne	.L142
 836:Drivers/STM32F1xx_HAL_Driver/Src/stm32f1xx_hal_tim_ex.c **** 
 1918              		.loc 1 836 3 discriminator 3 view .LVU560
 1919 0064 1A68     		ldr	r2, [r3]
 1920 0066 22F00102 		bic	r2, r2, #1
 1921 006a 1A60     		str	r2, [r3]
 1922              	.L142:
 836:Drivers/STM32F1xx_HAL_Driver/Src/stm32f1xx_hal_tim_ex.c **** 
 1923              		.loc 1 836 3 discriminator 5 view .LVU561
 839:Drivers/STM32F1xx_HAL_Driver/Src/stm32f1xx_hal_tim_ex.c **** 
 1924              		.loc 1 839 3 discriminator 5 view .LVU562
 1925 006c B4B9     		cbnz	r4, .L143
 839:Drivers/STM32F1xx_HAL_Driver/Src/stm32f1xx_hal_tim_ex.c **** 
 1926              		.loc 1 839 3 is_stmt 0 discriminator 1 view .LVU563
 1927 006e 0123     		movs	r3, #1
 1928 0070 85F84230 		strb	r3, [r5, #66]
 1929              	.L144:
 842:Drivers/STM32F1xx_HAL_Driver/Src/stm32f1xx_hal_tim_ex.c **** }
 1930              		.loc 1 842 3 is_stmt 1 view .LVU564
 843:Drivers/STM32F1xx_HAL_Driver/Src/stm32f1xx_hal_tim_ex.c **** 
 1931              		.loc 1 843 1 is_stmt 0 view .LVU565
 1932 0074 0020     		movs	r0, #0
 1933 0076 38BD     		pop	{r3, r4, r5, pc}
 1934              	.LVL128:
 1935              	.L148:
 800:Drivers/STM32F1xx_HAL_Driver/Src/stm32f1xx_hal_tim_ex.c ****       break;
 1936              		.loc 1 800 7 is_stmt 1 view .LVU566
 1937 0078 0268     		ldr	r2, [r0]
 1938 007a D368     		ldr	r3, [r2, #12]
 1939 007c 23F00203 		bic	r3, r3, #2
 1940 0080 D360     		str	r3, [r2, #12]
 801:Drivers/STM32F1xx_HAL_Driver/Src/stm32f1xx_hal_tim_ex.c ****     }
 1941              		.loc 1 801 7 view .LVU567
 1942 0082 C6E7     		b	.L139
 1943              	.L137:
 807:Drivers/STM32F1xx_HAL_Driver/Src/stm32f1xx_hal_tim_ex.c ****       break;
ARM GAS  C:\Users\Korisnik\AppData\Local\Temp\cckoF0Cb.s 			page 85


 1944              		.loc 1 807 7 view .LVU568
 1945 0084 0268     		ldr	r2, [r0]
 1946 0086 D368     		ldr	r3, [r2, #12]
 1947 0088 23F00403 		bic	r3, r3, #4
 1948 008c D360     		str	r3, [r2, #12]
 808:Drivers/STM32F1xx_HAL_Driver/Src/stm32f1xx_hal_tim_ex.c ****     }
 1949              		.loc 1 808 7 view .LVU569
 1950 008e C0E7     		b	.L139
 1951              	.L138:
 814:Drivers/STM32F1xx_HAL_Driver/Src/stm32f1xx_hal_tim_ex.c ****       break;
 1952              		.loc 1 814 7 view .LVU570
 1953 0090 0268     		ldr	r2, [r0]
 1954 0092 D368     		ldr	r3, [r2, #12]
 1955 0094 23F00803 		bic	r3, r3, #8
 1956 0098 D360     		str	r3, [r2, #12]
 815:Drivers/STM32F1xx_HAL_Driver/Src/stm32f1xx_hal_tim_ex.c ****     }
 1957              		.loc 1 815 7 view .LVU571
 1958 009a BAE7     		b	.L139
 1959              	.LVL129:
 1960              	.L143:
 839:Drivers/STM32F1xx_HAL_Driver/Src/stm32f1xx_hal_tim_ex.c **** 
 1961              		.loc 1 839 3 is_stmt 0 discriminator 2 view .LVU572
 1962 009c 042C     		cmp	r4, #4
 1963 009e 05D0     		beq	.L149
 839:Drivers/STM32F1xx_HAL_Driver/Src/stm32f1xx_hal_tim_ex.c **** 
 1964              		.loc 1 839 3 discriminator 4 view .LVU573
 1965 00a0 082C     		cmp	r4, #8
 1966 00a2 07D0     		beq	.L150
 839:Drivers/STM32F1xx_HAL_Driver/Src/stm32f1xx_hal_tim_ex.c **** 
 1967              		.loc 1 839 3 discriminator 7 view .LVU574
 1968 00a4 0123     		movs	r3, #1
 1969 00a6 85F84530 		strb	r3, [r5, #69]
 1970 00aa E3E7     		b	.L144
 1971              	.L149:
 839:Drivers/STM32F1xx_HAL_Driver/Src/stm32f1xx_hal_tim_ex.c **** 
 1972              		.loc 1 839 3 discriminator 3 view .LVU575
 1973 00ac 0123     		movs	r3, #1
 1974 00ae 85F84330 		strb	r3, [r5, #67]
 1975 00b2 DFE7     		b	.L144
 1976              	.L150:
 839:Drivers/STM32F1xx_HAL_Driver/Src/stm32f1xx_hal_tim_ex.c **** 
 1977              		.loc 1 839 3 discriminator 6 view .LVU576
 1978 00b4 0123     		movs	r3, #1
 1979 00b6 85F84430 		strb	r3, [r5, #68]
 1980 00ba DBE7     		b	.L144
 1981              		.cfi_endproc
 1982              	.LFE78:
 1984              		.section	.text.HAL_TIMEx_OCN_Start_DMA,"ax",%progbits
 1985              		.align	1
 1986              		.global	HAL_TIMEx_OCN_Start_DMA
 1987              		.syntax unified
 1988              		.thumb
 1989              		.thumb_func
 1990              		.fpu softvfp
 1992              	HAL_TIMEx_OCN_Start_DMA:
 1993              	.LVL130:
 1994              	.LFB79:
ARM GAS  C:\Users\Korisnik\AppData\Local\Temp\cckoF0Cb.s 			page 86


 859:Drivers/STM32F1xx_HAL_Driver/Src/stm32f1xx_hal_tim_ex.c ****   uint32_t tmpsmcr;
 1995              		.loc 1 859 1 is_stmt 1 view -0
 1996              		.cfi_startproc
 1997              		@ args = 0, pretend = 0, frame = 0
 1998              		@ frame_needed = 0, uses_anonymous_args = 0
 859:Drivers/STM32F1xx_HAL_Driver/Src/stm32f1xx_hal_tim_ex.c ****   uint32_t tmpsmcr;
 1999              		.loc 1 859 1 is_stmt 0 view .LVU578
 2000 0000 70B5     		push	{r4, r5, r6, lr}
 2001              	.LCFI18:
 2002              		.cfi_def_cfa_offset 16
 2003              		.cfi_offset 4, -16
 2004              		.cfi_offset 5, -12
 2005              		.cfi_offset 6, -8
 2006              		.cfi_offset 14, -4
 2007 0002 0446     		mov	r4, r0
 2008 0004 1646     		mov	r6, r2
 860:Drivers/STM32F1xx_HAL_Driver/Src/stm32f1xx_hal_tim_ex.c **** 
 2009              		.loc 1 860 3 is_stmt 1 view .LVU579
 863:Drivers/STM32F1xx_HAL_Driver/Src/stm32f1xx_hal_tim_ex.c **** 
 2010              		.loc 1 863 3 view .LVU580
 866:Drivers/STM32F1xx_HAL_Driver/Src/stm32f1xx_hal_tim_ex.c ****   {
 2011              		.loc 1 866 3 view .LVU581
 866:Drivers/STM32F1xx_HAL_Driver/Src/stm32f1xx_hal_tim_ex.c ****   {
 2012              		.loc 1 866 46 is_stmt 0 view .LVU582
 2013 0006 0D46     		mov	r5, r1
 2014 0008 0029     		cmp	r1, #0
 2015 000a 42D1     		bne	.L152
 866:Drivers/STM32F1xx_HAL_Driver/Src/stm32f1xx_hal_tim_ex.c ****   {
 2016              		.loc 1 866 7 discriminator 1 view .LVU583
 2017 000c 90F84200 		ldrb	r0, [r0, #66]	@ zero_extendqisi2
 2018              	.LVL131:
 866:Drivers/STM32F1xx_HAL_Driver/Src/stm32f1xx_hal_tim_ex.c ****   {
 2019              		.loc 1 866 7 discriminator 1 view .LVU584
 2020 0010 C0B2     		uxtb	r0, r0
 866:Drivers/STM32F1xx_HAL_Driver/Src/stm32f1xx_hal_tim_ex.c ****   {
 2021              		.loc 1 866 46 discriminator 1 view .LVU585
 2022 0012 0228     		cmp	r0, #2
 2023 0014 14BF     		ite	ne
 2024 0016 0020     		movne	r0, #0
 2025 0018 0120     		moveq	r0, #1
 2026              	.L153:
 866:Drivers/STM32F1xx_HAL_Driver/Src/stm32f1xx_hal_tim_ex.c ****   {
 2027              		.loc 1 866 6 discriminator 12 view .LVU586
 2028 001a 0028     		cmp	r0, #0
 2029 001c 40F0D480 		bne	.L171
 870:Drivers/STM32F1xx_HAL_Driver/Src/stm32f1xx_hal_tim_ex.c ****   {
 2030              		.loc 1 870 8 is_stmt 1 view .LVU587
 870:Drivers/STM32F1xx_HAL_Driver/Src/stm32f1xx_hal_tim_ex.c ****   {
 2031              		.loc 1 870 51 is_stmt 0 view .LVU588
 2032 0020 002D     		cmp	r5, #0
 2033 0022 52D1     		bne	.L157
 870:Drivers/STM32F1xx_HAL_Driver/Src/stm32f1xx_hal_tim_ex.c ****   {
 2034              		.loc 1 870 12 discriminator 1 view .LVU589
 2035 0024 94F84220 		ldrb	r2, [r4, #66]	@ zero_extendqisi2
 2036              	.LVL132:
 870:Drivers/STM32F1xx_HAL_Driver/Src/stm32f1xx_hal_tim_ex.c ****   {
 2037              		.loc 1 870 12 discriminator 1 view .LVU590
ARM GAS  C:\Users\Korisnik\AppData\Local\Temp\cckoF0Cb.s 			page 87


 2038 0028 D2B2     		uxtb	r2, r2
 870:Drivers/STM32F1xx_HAL_Driver/Src/stm32f1xx_hal_tim_ex.c ****   {
 2039              		.loc 1 870 51 discriminator 1 view .LVU591
 2040 002a 012A     		cmp	r2, #1
 2041 002c 14BF     		ite	ne
 2042 002e 0022     		movne	r2, #0
 2043 0030 0122     		moveq	r2, #1
 2044              	.L158:
 870:Drivers/STM32F1xx_HAL_Driver/Src/stm32f1xx_hal_tim_ex.c ****   {
 2045              		.loc 1 870 11 discriminator 12 view .LVU592
 2046 0032 002A     		cmp	r2, #0
 2047 0034 00F0CA80 		beq	.L172
 872:Drivers/STM32F1xx_HAL_Driver/Src/stm32f1xx_hal_tim_ex.c ****     {
 2048              		.loc 1 872 5 is_stmt 1 view .LVU593
 872:Drivers/STM32F1xx_HAL_Driver/Src/stm32f1xx_hal_tim_ex.c ****     {
 2049              		.loc 1 872 8 is_stmt 0 view .LVU594
 2050 0038 002E     		cmp	r6, #0
 2051 003a 62D0     		beq	.L179
 2052              	.L161:
 878:Drivers/STM32F1xx_HAL_Driver/Src/stm32f1xx_hal_tim_ex.c ****     }
 2053              		.loc 1 878 7 is_stmt 1 view .LVU595
 2054 003c 002D     		cmp	r5, #0
 2055 003e 64D1     		bne	.L162
 878:Drivers/STM32F1xx_HAL_Driver/Src/stm32f1xx_hal_tim_ex.c ****     }
 2056              		.loc 1 878 7 is_stmt 0 discriminator 1 view .LVU596
 2057 0040 0222     		movs	r2, #2
 2058 0042 84F84220 		strb	r2, [r4, #66]
 2059              	.L163:
 886:Drivers/STM32F1xx_HAL_Driver/Src/stm32f1xx_hal_tim_ex.c ****   {
 2060              		.loc 1 886 3 is_stmt 1 view .LVU597
 2061 0046 042D     		cmp	r5, #4
 2062 0048 00F08680 		beq	.L166
 2063 004c 082D     		cmp	r5, #8
 2064 004e 00F09A80 		beq	.L167
 2065 0052 002D     		cmp	r5, #0
 2066 0054 69D0     		beq	.L180
 2067              	.LVL133:
 2068              	.L168:
 956:Drivers/STM32F1xx_HAL_Driver/Src/stm32f1xx_hal_tim_ex.c **** 
 2069              		.loc 1 956 3 view .LVU598
 2070 0056 0422     		movs	r2, #4
 2071 0058 2946     		mov	r1, r5
 2072 005a 2068     		ldr	r0, [r4]
 2073 005c FFF7FEFF 		bl	TIM_CCxNChannelCmd
 2074              	.LVL134:
 959:Drivers/STM32F1xx_HAL_Driver/Src/stm32f1xx_hal_tim_ex.c **** 
 2075              		.loc 1 959 3 view .LVU599
 2076 0060 2268     		ldr	r2, [r4]
 2077 0062 536C     		ldr	r3, [r2, #68]
 2078 0064 43F40043 		orr	r3, r3, #32768
 2079 0068 5364     		str	r3, [r2, #68]
 962:Drivers/STM32F1xx_HAL_Driver/Src/stm32f1xx_hal_tim_ex.c ****   {
 2080              		.loc 1 962 3 view .LVU600
 962:Drivers/STM32F1xx_HAL_Driver/Src/stm32f1xx_hal_tim_ex.c ****   {
 2081              		.loc 1 962 7 is_stmt 0 view .LVU601
 2082 006a 2368     		ldr	r3, [r4]
 962:Drivers/STM32F1xx_HAL_Driver/Src/stm32f1xx_hal_tim_ex.c ****   {
ARM GAS  C:\Users\Korisnik\AppData\Local\Temp\cckoF0Cb.s 			page 88


 2083              		.loc 1 962 6 view .LVU602
 2084 006c 5C4A     		ldr	r2, .L187
 2085 006e 9342     		cmp	r3, r2
 2086 0070 00F09F80 		beq	.L169
 962:Drivers/STM32F1xx_HAL_Driver/Src/stm32f1xx_hal_tim_ex.c ****   {
 2087              		.loc 1 962 7 discriminator 1 view .LVU603
 2088 0074 B3F1804F 		cmp	r3, #1073741824
 2089 0078 00F09B80 		beq	.L169
 962:Drivers/STM32F1xx_HAL_Driver/Src/stm32f1xx_hal_tim_ex.c ****   {
 2090              		.loc 1 962 7 discriminator 2 view .LVU604
 2091 007c A2F59432 		sub	r2, r2, #75776
 2092 0080 9342     		cmp	r3, r2
 2093 0082 00F09680 		beq	.L169
 972:Drivers/STM32F1xx_HAL_Driver/Src/stm32f1xx_hal_tim_ex.c ****   }
 2094              		.loc 1 972 5 is_stmt 1 view .LVU605
 2095 0086 1A68     		ldr	r2, [r3]
 2096 0088 42F00102 		orr	r2, r2, #1
 2097 008c 1A60     		str	r2, [r3]
 976:Drivers/STM32F1xx_HAL_Driver/Src/stm32f1xx_hal_tim_ex.c **** }
 2098              		.loc 1 976 10 is_stmt 0 view .LVU606
 2099 008e 0020     		movs	r0, #0
 2100 0090 9DE0     		b	.L156
 2101              	.LVL135:
 2102              	.L152:
 866:Drivers/STM32F1xx_HAL_Driver/Src/stm32f1xx_hal_tim_ex.c ****   {
 2103              		.loc 1 866 46 discriminator 2 view .LVU607
 2104 0092 0429     		cmp	r1, #4
 2105 0094 09D0     		beq	.L181
 866:Drivers/STM32F1xx_HAL_Driver/Src/stm32f1xx_hal_tim_ex.c ****   {
 2106              		.loc 1 866 46 discriminator 5 view .LVU608
 2107 0096 0829     		cmp	r1, #8
 2108 0098 0FD0     		beq	.L182
 866:Drivers/STM32F1xx_HAL_Driver/Src/stm32f1xx_hal_tim_ex.c ****   {
 2109              		.loc 1 866 7 discriminator 8 view .LVU609
 2110 009a 90F84500 		ldrb	r0, [r0, #69]	@ zero_extendqisi2
 2111              	.LVL136:
 866:Drivers/STM32F1xx_HAL_Driver/Src/stm32f1xx_hal_tim_ex.c ****   {
 2112              		.loc 1 866 7 discriminator 8 view .LVU610
 2113 009e C0B2     		uxtb	r0, r0
 866:Drivers/STM32F1xx_HAL_Driver/Src/stm32f1xx_hal_tim_ex.c ****   {
 2114              		.loc 1 866 46 discriminator 8 view .LVU611
 2115 00a0 0228     		cmp	r0, #2
 2116 00a2 14BF     		ite	ne
 2117 00a4 0020     		movne	r0, #0
 2118 00a6 0120     		moveq	r0, #1
 2119 00a8 B7E7     		b	.L153
 2120              	.LVL137:
 2121              	.L181:
 866:Drivers/STM32F1xx_HAL_Driver/Src/stm32f1xx_hal_tim_ex.c ****   {
 2122              		.loc 1 866 7 discriminator 4 view .LVU612
 2123 00aa 90F84300 		ldrb	r0, [r0, #67]	@ zero_extendqisi2
 2124              	.LVL138:
 866:Drivers/STM32F1xx_HAL_Driver/Src/stm32f1xx_hal_tim_ex.c ****   {
 2125              		.loc 1 866 7 discriminator 4 view .LVU613
 2126 00ae C0B2     		uxtb	r0, r0
 866:Drivers/STM32F1xx_HAL_Driver/Src/stm32f1xx_hal_tim_ex.c ****   {
 2127              		.loc 1 866 46 discriminator 4 view .LVU614
ARM GAS  C:\Users\Korisnik\AppData\Local\Temp\cckoF0Cb.s 			page 89


 2128 00b0 0228     		cmp	r0, #2
 2129 00b2 14BF     		ite	ne
 2130 00b4 0020     		movne	r0, #0
 2131 00b6 0120     		moveq	r0, #1
 2132 00b8 AFE7     		b	.L153
 2133              	.LVL139:
 2134              	.L182:
 866:Drivers/STM32F1xx_HAL_Driver/Src/stm32f1xx_hal_tim_ex.c ****   {
 2135              		.loc 1 866 7 discriminator 7 view .LVU615
 2136 00ba 90F84400 		ldrb	r0, [r0, #68]	@ zero_extendqisi2
 2137              	.LVL140:
 866:Drivers/STM32F1xx_HAL_Driver/Src/stm32f1xx_hal_tim_ex.c ****   {
 2138              		.loc 1 866 7 discriminator 7 view .LVU616
 2139 00be C0B2     		uxtb	r0, r0
 866:Drivers/STM32F1xx_HAL_Driver/Src/stm32f1xx_hal_tim_ex.c ****   {
 2140              		.loc 1 866 46 discriminator 7 view .LVU617
 2141 00c0 0228     		cmp	r0, #2
 2142 00c2 14BF     		ite	ne
 2143 00c4 0020     		movne	r0, #0
 2144 00c6 0120     		moveq	r0, #1
 2145 00c8 A7E7     		b	.L153
 2146              	.L157:
 870:Drivers/STM32F1xx_HAL_Driver/Src/stm32f1xx_hal_tim_ex.c ****   {
 2147              		.loc 1 870 51 discriminator 2 view .LVU618
 2148 00ca 042D     		cmp	r5, #4
 2149 00cc 09D0     		beq	.L183
 870:Drivers/STM32F1xx_HAL_Driver/Src/stm32f1xx_hal_tim_ex.c ****   {
 2150              		.loc 1 870 51 discriminator 5 view .LVU619
 2151 00ce 082D     		cmp	r5, #8
 2152 00d0 0FD0     		beq	.L184
 870:Drivers/STM32F1xx_HAL_Driver/Src/stm32f1xx_hal_tim_ex.c ****   {
 2153              		.loc 1 870 12 discriminator 8 view .LVU620
 2154 00d2 94F84520 		ldrb	r2, [r4, #69]	@ zero_extendqisi2
 2155              	.LVL141:
 870:Drivers/STM32F1xx_HAL_Driver/Src/stm32f1xx_hal_tim_ex.c ****   {
 2156              		.loc 1 870 12 discriminator 8 view .LVU621
 2157 00d6 D2B2     		uxtb	r2, r2
 870:Drivers/STM32F1xx_HAL_Driver/Src/stm32f1xx_hal_tim_ex.c ****   {
 2158              		.loc 1 870 51 discriminator 8 view .LVU622
 2159 00d8 012A     		cmp	r2, #1
 2160 00da 14BF     		ite	ne
 2161 00dc 0022     		movne	r2, #0
 2162 00de 0122     		moveq	r2, #1
 2163 00e0 A7E7     		b	.L158
 2164              	.LVL142:
 2165              	.L183:
 870:Drivers/STM32F1xx_HAL_Driver/Src/stm32f1xx_hal_tim_ex.c ****   {
 2166              		.loc 1 870 12 discriminator 4 view .LVU623
 2167 00e2 94F84320 		ldrb	r2, [r4, #67]	@ zero_extendqisi2
 2168              	.LVL143:
 870:Drivers/STM32F1xx_HAL_Driver/Src/stm32f1xx_hal_tim_ex.c ****   {
 2169              		.loc 1 870 12 discriminator 4 view .LVU624
 2170 00e6 D2B2     		uxtb	r2, r2
 870:Drivers/STM32F1xx_HAL_Driver/Src/stm32f1xx_hal_tim_ex.c ****   {
 2171              		.loc 1 870 51 discriminator 4 view .LVU625
 2172 00e8 012A     		cmp	r2, #1
 2173 00ea 14BF     		ite	ne
ARM GAS  C:\Users\Korisnik\AppData\Local\Temp\cckoF0Cb.s 			page 90


 2174 00ec 0022     		movne	r2, #0
 2175 00ee 0122     		moveq	r2, #1
 2176 00f0 9FE7     		b	.L158
 2177              	.LVL144:
 2178              	.L184:
 870:Drivers/STM32F1xx_HAL_Driver/Src/stm32f1xx_hal_tim_ex.c ****   {
 2179              		.loc 1 870 12 discriminator 7 view .LVU626
 2180 00f2 94F84420 		ldrb	r2, [r4, #68]	@ zero_extendqisi2
 2181              	.LVL145:
 870:Drivers/STM32F1xx_HAL_Driver/Src/stm32f1xx_hal_tim_ex.c ****   {
 2182              		.loc 1 870 12 discriminator 7 view .LVU627
 2183 00f6 D2B2     		uxtb	r2, r2
 870:Drivers/STM32F1xx_HAL_Driver/Src/stm32f1xx_hal_tim_ex.c ****   {
 2184              		.loc 1 870 51 discriminator 7 view .LVU628
 2185 00f8 012A     		cmp	r2, #1
 2186 00fa 14BF     		ite	ne
 2187 00fc 0022     		movne	r2, #0
 2188 00fe 0122     		moveq	r2, #1
 2189 0100 97E7     		b	.L158
 2190              	.L179:
 872:Drivers/STM32F1xx_HAL_Driver/Src/stm32f1xx_hal_tim_ex.c ****     {
 2191              		.loc 1 872 25 discriminator 1 view .LVU629
 2192 0102 002B     		cmp	r3, #0
 2193 0104 9AD0     		beq	.L161
 874:Drivers/STM32F1xx_HAL_Driver/Src/stm32f1xx_hal_tim_ex.c ****     }
 2194              		.loc 1 874 14 view .LVU630
 2195 0106 0120     		movs	r0, #1
 2196 0108 61E0     		b	.L156
 2197              	.L162:
 878:Drivers/STM32F1xx_HAL_Driver/Src/stm32f1xx_hal_tim_ex.c ****     }
 2198              		.loc 1 878 7 discriminator 2 view .LVU631
 2199 010a 042D     		cmp	r5, #4
 2200 010c 05D0     		beq	.L185
 878:Drivers/STM32F1xx_HAL_Driver/Src/stm32f1xx_hal_tim_ex.c ****     }
 2201              		.loc 1 878 7 discriminator 4 view .LVU632
 2202 010e 082D     		cmp	r5, #8
 2203 0110 07D0     		beq	.L186
 878:Drivers/STM32F1xx_HAL_Driver/Src/stm32f1xx_hal_tim_ex.c ****     }
 2204              		.loc 1 878 7 discriminator 7 view .LVU633
 2205 0112 0222     		movs	r2, #2
 2206 0114 84F84520 		strb	r2, [r4, #69]
 2207 0118 95E7     		b	.L163
 2208              	.L185:
 878:Drivers/STM32F1xx_HAL_Driver/Src/stm32f1xx_hal_tim_ex.c ****     }
 2209              		.loc 1 878 7 discriminator 3 view .LVU634
 2210 011a 0222     		movs	r2, #2
 2211 011c 84F84320 		strb	r2, [r4, #67]
 2212 0120 91E7     		b	.L163
 2213              	.L186:
 878:Drivers/STM32F1xx_HAL_Driver/Src/stm32f1xx_hal_tim_ex.c ****     }
 2214              		.loc 1 878 7 discriminator 6 view .LVU635
 2215 0122 0222     		movs	r2, #2
 2216 0124 84F84420 		strb	r2, [r4, #68]
 2217 0128 8DE7     		b	.L163
 2218              	.L180:
 891:Drivers/STM32F1xx_HAL_Driver/Src/stm32f1xx_hal_tim_ex.c ****       htim->hdma[TIM_DMA_ID_CC1]->XferHalfCpltCallback = TIM_DMADelayPulseHalfCplt;
 2219              		.loc 1 891 7 is_stmt 1 view .LVU636
ARM GAS  C:\Users\Korisnik\AppData\Local\Temp\cckoF0Cb.s 			page 91


 891:Drivers/STM32F1xx_HAL_Driver/Src/stm32f1xx_hal_tim_ex.c ****       htim->hdma[TIM_DMA_ID_CC1]->XferHalfCpltCallback = TIM_DMADelayPulseHalfCplt;
 2220              		.loc 1 891 17 is_stmt 0 view .LVU637
 2221 012a 626A     		ldr	r2, [r4, #36]
 891:Drivers/STM32F1xx_HAL_Driver/Src/stm32f1xx_hal_tim_ex.c ****       htim->hdma[TIM_DMA_ID_CC1]->XferHalfCpltCallback = TIM_DMADelayPulseHalfCplt;
 2222              		.loc 1 891 52 view .LVU638
 2223 012c 2D49     		ldr	r1, .L187+4
 2224              	.LVL146:
 891:Drivers/STM32F1xx_HAL_Driver/Src/stm32f1xx_hal_tim_ex.c ****       htim->hdma[TIM_DMA_ID_CC1]->XferHalfCpltCallback = TIM_DMADelayPulseHalfCplt;
 2225              		.loc 1 891 52 view .LVU639
 2226 012e 9162     		str	r1, [r2, #40]
 892:Drivers/STM32F1xx_HAL_Driver/Src/stm32f1xx_hal_tim_ex.c **** 
 2227              		.loc 1 892 7 is_stmt 1 view .LVU640
 892:Drivers/STM32F1xx_HAL_Driver/Src/stm32f1xx_hal_tim_ex.c **** 
 2228              		.loc 1 892 17 is_stmt 0 view .LVU641
 2229 0130 626A     		ldr	r2, [r4, #36]
 892:Drivers/STM32F1xx_HAL_Driver/Src/stm32f1xx_hal_tim_ex.c **** 
 2230              		.loc 1 892 56 view .LVU642
 2231 0132 2D49     		ldr	r1, .L187+8
 2232 0134 D162     		str	r1, [r2, #44]
 895:Drivers/STM32F1xx_HAL_Driver/Src/stm32f1xx_hal_tim_ex.c **** 
 2233              		.loc 1 895 7 is_stmt 1 view .LVU643
 895:Drivers/STM32F1xx_HAL_Driver/Src/stm32f1xx_hal_tim_ex.c **** 
 2234              		.loc 1 895 17 is_stmt 0 view .LVU644
 2235 0136 626A     		ldr	r2, [r4, #36]
 895:Drivers/STM32F1xx_HAL_Driver/Src/stm32f1xx_hal_tim_ex.c **** 
 2236              		.loc 1 895 53 view .LVU645
 2237 0138 2C49     		ldr	r1, .L187+12
 2238 013a 1163     		str	r1, [r2, #48]
 898:Drivers/STM32F1xx_HAL_Driver/Src/stm32f1xx_hal_tim_ex.c ****                          Length) != HAL_OK)
 2239              		.loc 1 898 7 is_stmt 1 view .LVU646
 898:Drivers/STM32F1xx_HAL_Driver/Src/stm32f1xx_hal_tim_ex.c ****                          Length) != HAL_OK)
 2240              		.loc 1 898 88 is_stmt 0 view .LVU647
 2241 013c 2268     		ldr	r2, [r4]
 898:Drivers/STM32F1xx_HAL_Driver/Src/stm32f1xx_hal_tim_ex.c ****                          Length) != HAL_OK)
 2242              		.loc 1 898 11 view .LVU648
 2243 013e 3432     		adds	r2, r2, #52
 2244 0140 3146     		mov	r1, r6
 2245 0142 606A     		ldr	r0, [r4, #36]
 2246 0144 FFF7FEFF 		bl	HAL_DMA_Start_IT
 2247              	.LVL147:
 898:Drivers/STM32F1xx_HAL_Driver/Src/stm32f1xx_hal_tim_ex.c ****                          Length) != HAL_OK)
 2248              		.loc 1 898 10 view .LVU649
 2249 0148 0028     		cmp	r0, #0
 2250 014a 41D1     		bne	.L174
 905:Drivers/STM32F1xx_HAL_Driver/Src/stm32f1xx_hal_tim_ex.c ****       break;
 2251              		.loc 1 905 7 is_stmt 1 view .LVU650
 2252 014c 2268     		ldr	r2, [r4]
 2253 014e D368     		ldr	r3, [r2, #12]
 2254 0150 43F40073 		orr	r3, r3, #512
 2255 0154 D360     		str	r3, [r2, #12]
 906:Drivers/STM32F1xx_HAL_Driver/Src/stm32f1xx_hal_tim_ex.c ****     }
 2256              		.loc 1 906 7 view .LVU651
 2257 0156 7EE7     		b	.L168
 2258              	.LVL148:
 2259              	.L166:
 912:Drivers/STM32F1xx_HAL_Driver/Src/stm32f1xx_hal_tim_ex.c ****       htim->hdma[TIM_DMA_ID_CC2]->XferHalfCpltCallback = TIM_DMADelayPulseHalfCplt;
 2260              		.loc 1 912 7 view .LVU652
ARM GAS  C:\Users\Korisnik\AppData\Local\Temp\cckoF0Cb.s 			page 92


 912:Drivers/STM32F1xx_HAL_Driver/Src/stm32f1xx_hal_tim_ex.c ****       htim->hdma[TIM_DMA_ID_CC2]->XferHalfCpltCallback = TIM_DMADelayPulseHalfCplt;
 2261              		.loc 1 912 17 is_stmt 0 view .LVU653
 2262 0158 A26A     		ldr	r2, [r4, #40]
 912:Drivers/STM32F1xx_HAL_Driver/Src/stm32f1xx_hal_tim_ex.c ****       htim->hdma[TIM_DMA_ID_CC2]->XferHalfCpltCallback = TIM_DMADelayPulseHalfCplt;
 2263              		.loc 1 912 52 view .LVU654
 2264 015a 2249     		ldr	r1, .L187+4
 2265              	.LVL149:
 912:Drivers/STM32F1xx_HAL_Driver/Src/stm32f1xx_hal_tim_ex.c ****       htim->hdma[TIM_DMA_ID_CC2]->XferHalfCpltCallback = TIM_DMADelayPulseHalfCplt;
 2266              		.loc 1 912 52 view .LVU655
 2267 015c 9162     		str	r1, [r2, #40]
 913:Drivers/STM32F1xx_HAL_Driver/Src/stm32f1xx_hal_tim_ex.c **** 
 2268              		.loc 1 913 7 is_stmt 1 view .LVU656
 913:Drivers/STM32F1xx_HAL_Driver/Src/stm32f1xx_hal_tim_ex.c **** 
 2269              		.loc 1 913 17 is_stmt 0 view .LVU657
 2270 015e A26A     		ldr	r2, [r4, #40]
 913:Drivers/STM32F1xx_HAL_Driver/Src/stm32f1xx_hal_tim_ex.c **** 
 2271              		.loc 1 913 56 view .LVU658
 2272 0160 2149     		ldr	r1, .L187+8
 2273 0162 D162     		str	r1, [r2, #44]
 916:Drivers/STM32F1xx_HAL_Driver/Src/stm32f1xx_hal_tim_ex.c **** 
 2274              		.loc 1 916 7 is_stmt 1 view .LVU659
 916:Drivers/STM32F1xx_HAL_Driver/Src/stm32f1xx_hal_tim_ex.c **** 
 2275              		.loc 1 916 17 is_stmt 0 view .LVU660
 2276 0164 A26A     		ldr	r2, [r4, #40]
 916:Drivers/STM32F1xx_HAL_Driver/Src/stm32f1xx_hal_tim_ex.c **** 
 2277              		.loc 1 916 53 view .LVU661
 2278 0166 2149     		ldr	r1, .L187+12
 2279 0168 1163     		str	r1, [r2, #48]
 919:Drivers/STM32F1xx_HAL_Driver/Src/stm32f1xx_hal_tim_ex.c ****                          Length) != HAL_OK)
 2280              		.loc 1 919 7 is_stmt 1 view .LVU662
 919:Drivers/STM32F1xx_HAL_Driver/Src/stm32f1xx_hal_tim_ex.c ****                          Length) != HAL_OK)
 2281              		.loc 1 919 88 is_stmt 0 view .LVU663
 2282 016a 2268     		ldr	r2, [r4]
 919:Drivers/STM32F1xx_HAL_Driver/Src/stm32f1xx_hal_tim_ex.c ****                          Length) != HAL_OK)
 2283              		.loc 1 919 11 view .LVU664
 2284 016c 3832     		adds	r2, r2, #56
 2285 016e 3146     		mov	r1, r6
 2286 0170 A06A     		ldr	r0, [r4, #40]
 2287 0172 FFF7FEFF 		bl	HAL_DMA_Start_IT
 2288              	.LVL150:
 919:Drivers/STM32F1xx_HAL_Driver/Src/stm32f1xx_hal_tim_ex.c ****                          Length) != HAL_OK)
 2289              		.loc 1 919 10 view .LVU665
 2290 0176 0028     		cmp	r0, #0
 2291 0178 2CD1     		bne	.L175
 926:Drivers/STM32F1xx_HAL_Driver/Src/stm32f1xx_hal_tim_ex.c ****       break;
 2292              		.loc 1 926 7 is_stmt 1 view .LVU666
 2293 017a 2268     		ldr	r2, [r4]
 2294 017c D368     		ldr	r3, [r2, #12]
 2295 017e 43F48063 		orr	r3, r3, #1024
 2296 0182 D360     		str	r3, [r2, #12]
 927:Drivers/STM32F1xx_HAL_Driver/Src/stm32f1xx_hal_tim_ex.c ****     }
 2297              		.loc 1 927 7 view .LVU667
 2298 0184 67E7     		b	.L168
 2299              	.LVL151:
 2300              	.L167:
 933:Drivers/STM32F1xx_HAL_Driver/Src/stm32f1xx_hal_tim_ex.c ****       htim->hdma[TIM_DMA_ID_CC3]->XferHalfCpltCallback = TIM_DMADelayPulseHalfCplt;
 2301              		.loc 1 933 7 view .LVU668
ARM GAS  C:\Users\Korisnik\AppData\Local\Temp\cckoF0Cb.s 			page 93


 933:Drivers/STM32F1xx_HAL_Driver/Src/stm32f1xx_hal_tim_ex.c ****       htim->hdma[TIM_DMA_ID_CC3]->XferHalfCpltCallback = TIM_DMADelayPulseHalfCplt;
 2302              		.loc 1 933 17 is_stmt 0 view .LVU669
 2303 0186 E26A     		ldr	r2, [r4, #44]
 933:Drivers/STM32F1xx_HAL_Driver/Src/stm32f1xx_hal_tim_ex.c ****       htim->hdma[TIM_DMA_ID_CC3]->XferHalfCpltCallback = TIM_DMADelayPulseHalfCplt;
 2304              		.loc 1 933 52 view .LVU670
 2305 0188 1649     		ldr	r1, .L187+4
 2306              	.LVL152:
 933:Drivers/STM32F1xx_HAL_Driver/Src/stm32f1xx_hal_tim_ex.c ****       htim->hdma[TIM_DMA_ID_CC3]->XferHalfCpltCallback = TIM_DMADelayPulseHalfCplt;
 2307              		.loc 1 933 52 view .LVU671
 2308 018a 9162     		str	r1, [r2, #40]
 934:Drivers/STM32F1xx_HAL_Driver/Src/stm32f1xx_hal_tim_ex.c **** 
 2309              		.loc 1 934 7 is_stmt 1 view .LVU672
 934:Drivers/STM32F1xx_HAL_Driver/Src/stm32f1xx_hal_tim_ex.c **** 
 2310              		.loc 1 934 17 is_stmt 0 view .LVU673
 2311 018c E26A     		ldr	r2, [r4, #44]
 934:Drivers/STM32F1xx_HAL_Driver/Src/stm32f1xx_hal_tim_ex.c **** 
 2312              		.loc 1 934 56 view .LVU674
 2313 018e 1649     		ldr	r1, .L187+8
 2314 0190 D162     		str	r1, [r2, #44]
 937:Drivers/STM32F1xx_HAL_Driver/Src/stm32f1xx_hal_tim_ex.c **** 
 2315              		.loc 1 937 7 is_stmt 1 view .LVU675
 937:Drivers/STM32F1xx_HAL_Driver/Src/stm32f1xx_hal_tim_ex.c **** 
 2316              		.loc 1 937 17 is_stmt 0 view .LVU676
 2317 0192 E26A     		ldr	r2, [r4, #44]
 937:Drivers/STM32F1xx_HAL_Driver/Src/stm32f1xx_hal_tim_ex.c **** 
 2318              		.loc 1 937 53 view .LVU677
 2319 0194 1549     		ldr	r1, .L187+12
 2320 0196 1163     		str	r1, [r2, #48]
 940:Drivers/STM32F1xx_HAL_Driver/Src/stm32f1xx_hal_tim_ex.c ****                          Length) != HAL_OK)
 2321              		.loc 1 940 7 is_stmt 1 view .LVU678
 940:Drivers/STM32F1xx_HAL_Driver/Src/stm32f1xx_hal_tim_ex.c ****                          Length) != HAL_OK)
 2322              		.loc 1 940 88 is_stmt 0 view .LVU679
 2323 0198 2268     		ldr	r2, [r4]
 940:Drivers/STM32F1xx_HAL_Driver/Src/stm32f1xx_hal_tim_ex.c ****                          Length) != HAL_OK)
 2324              		.loc 1 940 11 view .LVU680
 2325 019a 3C32     		adds	r2, r2, #60
 2326 019c 3146     		mov	r1, r6
 2327 019e E06A     		ldr	r0, [r4, #44]
 2328 01a0 FFF7FEFF 		bl	HAL_DMA_Start_IT
 2329              	.LVL153:
 940:Drivers/STM32F1xx_HAL_Driver/Src/stm32f1xx_hal_tim_ex.c ****                          Length) != HAL_OK)
 2330              		.loc 1 940 10 view .LVU681
 2331 01a4 C0B9     		cbnz	r0, .L176
 947:Drivers/STM32F1xx_HAL_Driver/Src/stm32f1xx_hal_tim_ex.c ****       break;
 2332              		.loc 1 947 7 is_stmt 1 view .LVU682
 2333 01a6 2268     		ldr	r2, [r4]
 2334 01a8 D368     		ldr	r3, [r2, #12]
 2335 01aa 43F40063 		orr	r3, r3, #2048
 2336 01ae D360     		str	r3, [r2, #12]
 948:Drivers/STM32F1xx_HAL_Driver/Src/stm32f1xx_hal_tim_ex.c ****     }
 2337              		.loc 1 948 7 view .LVU683
 2338 01b0 51E7     		b	.L168
 2339              	.L169:
 964:Drivers/STM32F1xx_HAL_Driver/Src/stm32f1xx_hal_tim_ex.c ****     if (!IS_TIM_SLAVEMODE_TRIGGER_ENABLED(tmpsmcr))
 2340              		.loc 1 964 5 view .LVU684
 964:Drivers/STM32F1xx_HAL_Driver/Src/stm32f1xx_hal_tim_ex.c ****     if (!IS_TIM_SLAVEMODE_TRIGGER_ENABLED(tmpsmcr))
 2341              		.loc 1 964 29 is_stmt 0 view .LVU685
ARM GAS  C:\Users\Korisnik\AppData\Local\Temp\cckoF0Cb.s 			page 94


 2342 01b2 9A68     		ldr	r2, [r3, #8]
 964:Drivers/STM32F1xx_HAL_Driver/Src/stm32f1xx_hal_tim_ex.c ****     if (!IS_TIM_SLAVEMODE_TRIGGER_ENABLED(tmpsmcr))
 2343              		.loc 1 964 13 view .LVU686
 2344 01b4 02F00702 		and	r2, r2, #7
 2345              	.LVL154:
 965:Drivers/STM32F1xx_HAL_Driver/Src/stm32f1xx_hal_tim_ex.c ****     {
 2346              		.loc 1 965 5 is_stmt 1 view .LVU687
 965:Drivers/STM32F1xx_HAL_Driver/Src/stm32f1xx_hal_tim_ex.c ****     {
 2347              		.loc 1 965 8 is_stmt 0 view .LVU688
 2348 01b8 062A     		cmp	r2, #6
 2349 01ba 0FD0     		beq	.L177
 967:Drivers/STM32F1xx_HAL_Driver/Src/stm32f1xx_hal_tim_ex.c ****     }
 2350              		.loc 1 967 7 is_stmt 1 view .LVU689
 2351 01bc 1A68     		ldr	r2, [r3]
 2352              	.LVL155:
 967:Drivers/STM32F1xx_HAL_Driver/Src/stm32f1xx_hal_tim_ex.c ****     }
 2353              		.loc 1 967 7 is_stmt 0 view .LVU690
 2354 01be 42F00102 		orr	r2, r2, #1
 2355 01c2 1A60     		str	r2, [r3]
 976:Drivers/STM32F1xx_HAL_Driver/Src/stm32f1xx_hal_tim_ex.c **** }
 2356              		.loc 1 976 10 view .LVU691
 2357 01c4 0020     		movs	r0, #0
 2358 01c6 02E0     		b	.L156
 2359              	.LVL156:
 2360              	.L171:
 868:Drivers/STM32F1xx_HAL_Driver/Src/stm32f1xx_hal_tim_ex.c ****   }
 2361              		.loc 1 868 12 view .LVU692
 2362 01c8 0220     		movs	r0, #2
 2363 01ca 00E0     		b	.L156
 2364              	.LVL157:
 2365              	.L172:
 883:Drivers/STM32F1xx_HAL_Driver/Src/stm32f1xx_hal_tim_ex.c ****   }
 2366              		.loc 1 883 12 view .LVU693
 2367 01cc 0120     		movs	r0, #1
 2368              	.LVL158:
 2369              	.L156:
 977:Drivers/STM32F1xx_HAL_Driver/Src/stm32f1xx_hal_tim_ex.c **** 
 2370              		.loc 1 977 1 view .LVU694
 2371 01ce 70BD     		pop	{r4, r5, r6, pc}
 2372              	.LVL159:
 2373              	.L174:
 902:Drivers/STM32F1xx_HAL_Driver/Src/stm32f1xx_hal_tim_ex.c ****       }
 2374              		.loc 1 902 16 view .LVU695
 2375 01d0 0120     		movs	r0, #1
 2376 01d2 FCE7     		b	.L156
 2377              	.L175:
 923:Drivers/STM32F1xx_HAL_Driver/Src/stm32f1xx_hal_tim_ex.c ****       }
 2378              		.loc 1 923 16 view .LVU696
 2379 01d4 0120     		movs	r0, #1
 2380 01d6 FAE7     		b	.L156
 2381              	.L176:
 944:Drivers/STM32F1xx_HAL_Driver/Src/stm32f1xx_hal_tim_ex.c ****       }
 2382              		.loc 1 944 16 view .LVU697
 2383 01d8 0120     		movs	r0, #1
 2384 01da F8E7     		b	.L156
 2385              	.LVL160:
 2386              	.L177:
ARM GAS  C:\Users\Korisnik\AppData\Local\Temp\cckoF0Cb.s 			page 95


 976:Drivers/STM32F1xx_HAL_Driver/Src/stm32f1xx_hal_tim_ex.c **** }
 2387              		.loc 1 976 10 view .LVU698
 2388 01dc 0020     		movs	r0, #0
 2389 01de F6E7     		b	.L156
 2390              	.L188:
 2391              		.align	2
 2392              	.L187:
 2393 01e0 002C0140 		.word	1073818624
 2394 01e4 00000000 		.word	TIM_DMADelayPulseNCplt
 2395 01e8 00000000 		.word	TIM_DMADelayPulseHalfCplt
 2396 01ec 00000000 		.word	TIM_DMAErrorCCxN
 2397              		.cfi_endproc
 2398              	.LFE79:
 2400              		.section	.text.HAL_TIMEx_OCN_Stop_DMA,"ax",%progbits
 2401              		.align	1
 2402              		.global	HAL_TIMEx_OCN_Stop_DMA
 2403              		.syntax unified
 2404              		.thumb
 2405              		.thumb_func
 2406              		.fpu softvfp
 2408              	HAL_TIMEx_OCN_Stop_DMA:
 2409              	.LVL161:
 2410              	.LFB80:
 991:Drivers/STM32F1xx_HAL_Driver/Src/stm32f1xx_hal_tim_ex.c ****   /* Check the parameters */
 2411              		.loc 1 991 1 is_stmt 1 view -0
 2412              		.cfi_startproc
 2413              		@ args = 0, pretend = 0, frame = 0
 2414              		@ frame_needed = 0, uses_anonymous_args = 0
 991:Drivers/STM32F1xx_HAL_Driver/Src/stm32f1xx_hal_tim_ex.c ****   /* Check the parameters */
 2415              		.loc 1 991 1 is_stmt 0 view .LVU700
 2416 0000 38B5     		push	{r3, r4, r5, lr}
 2417              	.LCFI19:
 2418              		.cfi_def_cfa_offset 16
 2419              		.cfi_offset 3, -16
 2420              		.cfi_offset 4, -12
 2421              		.cfi_offset 5, -8
 2422              		.cfi_offset 14, -4
 2423 0002 0546     		mov	r5, r0
 2424 0004 0C46     		mov	r4, r1
 993:Drivers/STM32F1xx_HAL_Driver/Src/stm32f1xx_hal_tim_ex.c **** 
 2425              		.loc 1 993 3 is_stmt 1 view .LVU701
 995:Drivers/STM32F1xx_HAL_Driver/Src/stm32f1xx_hal_tim_ex.c ****   {
 2426              		.loc 1 995 3 view .LVU702
 2427 0006 0429     		cmp	r1, #4
 2428 0008 34D0     		beq	.L190
 2429 000a 0829     		cmp	r1, #8
 2430 000c 3BD0     		beq	.L191
 2431 000e 41B3     		cbz	r1, .L200
 2432              	.LVL162:
 2433              	.L192:
1026:Drivers/STM32F1xx_HAL_Driver/Src/stm32f1xx_hal_tim_ex.c **** 
 2434              		.loc 1 1026 3 view .LVU703
 2435 0010 0022     		movs	r2, #0
 2436 0012 2146     		mov	r1, r4
 2437 0014 2868     		ldr	r0, [r5]
 2438 0016 FFF7FEFF 		bl	TIM_CCxNChannelCmd
 2439              	.LVL163:
ARM GAS  C:\Users\Korisnik\AppData\Local\Temp\cckoF0Cb.s 			page 96


1029:Drivers/STM32F1xx_HAL_Driver/Src/stm32f1xx_hal_tim_ex.c **** 
 2440              		.loc 1 1029 3 view .LVU704
1029:Drivers/STM32F1xx_HAL_Driver/Src/stm32f1xx_hal_tim_ex.c **** 
 2441              		.loc 1 1029 3 view .LVU705
 2442 001a 2B68     		ldr	r3, [r5]
 2443 001c 196A     		ldr	r1, [r3, #32]
 2444 001e 41F21112 		movw	r2, #4369
 2445 0022 1142     		tst	r1, r2
 2446 0024 08D1     		bne	.L193
1029:Drivers/STM32F1xx_HAL_Driver/Src/stm32f1xx_hal_tim_ex.c **** 
 2447              		.loc 1 1029 3 discriminator 1 view .LVU706
 2448 0026 196A     		ldr	r1, [r3, #32]
 2449 0028 40F24442 		movw	r2, #1092
 2450 002c 1142     		tst	r1, r2
 2451 002e 03D1     		bne	.L193
1029:Drivers/STM32F1xx_HAL_Driver/Src/stm32f1xx_hal_tim_ex.c **** 
 2452              		.loc 1 1029 3 discriminator 3 view .LVU707
 2453 0030 5A6C     		ldr	r2, [r3, #68]
 2454 0032 22F40042 		bic	r2, r2, #32768
 2455 0036 5A64     		str	r2, [r3, #68]
 2456              	.L193:
1029:Drivers/STM32F1xx_HAL_Driver/Src/stm32f1xx_hal_tim_ex.c **** 
 2457              		.loc 1 1029 3 discriminator 5 view .LVU708
1032:Drivers/STM32F1xx_HAL_Driver/Src/stm32f1xx_hal_tim_ex.c **** 
 2458              		.loc 1 1032 3 discriminator 5 view .LVU709
1032:Drivers/STM32F1xx_HAL_Driver/Src/stm32f1xx_hal_tim_ex.c **** 
 2459              		.loc 1 1032 3 discriminator 5 view .LVU710
 2460 0038 2B68     		ldr	r3, [r5]
 2461 003a 196A     		ldr	r1, [r3, #32]
 2462 003c 41F21112 		movw	r2, #4369
 2463 0040 1142     		tst	r1, r2
 2464 0042 08D1     		bne	.L194
1032:Drivers/STM32F1xx_HAL_Driver/Src/stm32f1xx_hal_tim_ex.c **** 
 2465              		.loc 1 1032 3 discriminator 1 view .LVU711
 2466 0044 196A     		ldr	r1, [r3, #32]
 2467 0046 40F24442 		movw	r2, #1092
 2468 004a 1142     		tst	r1, r2
 2469 004c 03D1     		bne	.L194
1032:Drivers/STM32F1xx_HAL_Driver/Src/stm32f1xx_hal_tim_ex.c **** 
 2470              		.loc 1 1032 3 discriminator 3 view .LVU712
 2471 004e 1A68     		ldr	r2, [r3]
 2472 0050 22F00102 		bic	r2, r2, #1
 2473 0054 1A60     		str	r2, [r3]
 2474              	.L194:
1032:Drivers/STM32F1xx_HAL_Driver/Src/stm32f1xx_hal_tim_ex.c **** 
 2475              		.loc 1 1032 3 discriminator 5 view .LVU713
1035:Drivers/STM32F1xx_HAL_Driver/Src/stm32f1xx_hal_tim_ex.c **** 
 2476              		.loc 1 1035 3 discriminator 5 view .LVU714
 2477 0056 FCB9     		cbnz	r4, .L195
1035:Drivers/STM32F1xx_HAL_Driver/Src/stm32f1xx_hal_tim_ex.c **** 
 2478              		.loc 1 1035 3 is_stmt 0 discriminator 1 view .LVU715
 2479 0058 0123     		movs	r3, #1
 2480 005a 85F84230 		strb	r3, [r5, #66]
 2481              	.L196:
1038:Drivers/STM32F1xx_HAL_Driver/Src/stm32f1xx_hal_tim_ex.c **** }
 2482              		.loc 1 1038 3 is_stmt 1 view .LVU716
1039:Drivers/STM32F1xx_HAL_Driver/Src/stm32f1xx_hal_tim_ex.c **** 
ARM GAS  C:\Users\Korisnik\AppData\Local\Temp\cckoF0Cb.s 			page 97


 2483              		.loc 1 1039 1 is_stmt 0 view .LVU717
 2484 005e 0020     		movs	r0, #0
 2485 0060 38BD     		pop	{r3, r4, r5, pc}
 2486              	.LVL164:
 2487              	.L200:
1000:Drivers/STM32F1xx_HAL_Driver/Src/stm32f1xx_hal_tim_ex.c ****       (void)HAL_DMA_Abort_IT(htim->hdma[TIM_DMA_ID_CC1]);
 2488              		.loc 1 1000 7 is_stmt 1 view .LVU718
 2489 0062 0268     		ldr	r2, [r0]
 2490 0064 D368     		ldr	r3, [r2, #12]
 2491 0066 23F40073 		bic	r3, r3, #512
 2492 006a D360     		str	r3, [r2, #12]
1001:Drivers/STM32F1xx_HAL_Driver/Src/stm32f1xx_hal_tim_ex.c ****       break;
 2493              		.loc 1 1001 7 view .LVU719
1001:Drivers/STM32F1xx_HAL_Driver/Src/stm32f1xx_hal_tim_ex.c ****       break;
 2494              		.loc 1 1001 13 is_stmt 0 view .LVU720
 2495 006c 406A     		ldr	r0, [r0, #36]
 2496              	.LVL165:
1001:Drivers/STM32F1xx_HAL_Driver/Src/stm32f1xx_hal_tim_ex.c ****       break;
 2497              		.loc 1 1001 13 view .LVU721
 2498 006e FFF7FEFF 		bl	HAL_DMA_Abort_IT
 2499              	.LVL166:
1002:Drivers/STM32F1xx_HAL_Driver/Src/stm32f1xx_hal_tim_ex.c ****     }
 2500              		.loc 1 1002 7 is_stmt 1 view .LVU722
 2501 0072 CDE7     		b	.L192
 2502              	.LVL167:
 2503              	.L190:
1008:Drivers/STM32F1xx_HAL_Driver/Src/stm32f1xx_hal_tim_ex.c ****       (void)HAL_DMA_Abort_IT(htim->hdma[TIM_DMA_ID_CC2]);
 2504              		.loc 1 1008 7 view .LVU723
 2505 0074 0268     		ldr	r2, [r0]
 2506 0076 D368     		ldr	r3, [r2, #12]
 2507 0078 23F48063 		bic	r3, r3, #1024
 2508 007c D360     		str	r3, [r2, #12]
1009:Drivers/STM32F1xx_HAL_Driver/Src/stm32f1xx_hal_tim_ex.c ****       break;
 2509              		.loc 1 1009 7 view .LVU724
1009:Drivers/STM32F1xx_HAL_Driver/Src/stm32f1xx_hal_tim_ex.c ****       break;
 2510              		.loc 1 1009 13 is_stmt 0 view .LVU725
 2511 007e 806A     		ldr	r0, [r0, #40]
 2512              	.LVL168:
1009:Drivers/STM32F1xx_HAL_Driver/Src/stm32f1xx_hal_tim_ex.c ****       break;
 2513              		.loc 1 1009 13 view .LVU726
 2514 0080 FFF7FEFF 		bl	HAL_DMA_Abort_IT
 2515              	.LVL169:
1010:Drivers/STM32F1xx_HAL_Driver/Src/stm32f1xx_hal_tim_ex.c ****     }
 2516              		.loc 1 1010 7 is_stmt 1 view .LVU727
 2517 0084 C4E7     		b	.L192
 2518              	.LVL170:
 2519              	.L191:
1016:Drivers/STM32F1xx_HAL_Driver/Src/stm32f1xx_hal_tim_ex.c ****       (void)HAL_DMA_Abort_IT(htim->hdma[TIM_DMA_ID_CC3]);
 2520              		.loc 1 1016 7 view .LVU728
 2521 0086 0268     		ldr	r2, [r0]
 2522 0088 D368     		ldr	r3, [r2, #12]
 2523 008a 23F40063 		bic	r3, r3, #2048
 2524 008e D360     		str	r3, [r2, #12]
1017:Drivers/STM32F1xx_HAL_Driver/Src/stm32f1xx_hal_tim_ex.c ****       break;
 2525              		.loc 1 1017 7 view .LVU729
1017:Drivers/STM32F1xx_HAL_Driver/Src/stm32f1xx_hal_tim_ex.c ****       break;
 2526              		.loc 1 1017 13 is_stmt 0 view .LVU730
ARM GAS  C:\Users\Korisnik\AppData\Local\Temp\cckoF0Cb.s 			page 98


 2527 0090 C06A     		ldr	r0, [r0, #44]
 2528              	.LVL171:
1017:Drivers/STM32F1xx_HAL_Driver/Src/stm32f1xx_hal_tim_ex.c ****       break;
 2529              		.loc 1 1017 13 view .LVU731
 2530 0092 FFF7FEFF 		bl	HAL_DMA_Abort_IT
 2531              	.LVL172:
1018:Drivers/STM32F1xx_HAL_Driver/Src/stm32f1xx_hal_tim_ex.c ****     }
 2532              		.loc 1 1018 7 is_stmt 1 view .LVU732
 2533 0096 BBE7     		b	.L192
 2534              	.L195:
1035:Drivers/STM32F1xx_HAL_Driver/Src/stm32f1xx_hal_tim_ex.c **** 
 2535              		.loc 1 1035 3 is_stmt 0 discriminator 2 view .LVU733
 2536 0098 042C     		cmp	r4, #4
 2537 009a 05D0     		beq	.L201
1035:Drivers/STM32F1xx_HAL_Driver/Src/stm32f1xx_hal_tim_ex.c **** 
 2538              		.loc 1 1035 3 discriminator 4 view .LVU734
 2539 009c 082C     		cmp	r4, #8
 2540 009e 07D0     		beq	.L202
1035:Drivers/STM32F1xx_HAL_Driver/Src/stm32f1xx_hal_tim_ex.c **** 
 2541              		.loc 1 1035 3 discriminator 7 view .LVU735
 2542 00a0 0123     		movs	r3, #1
 2543 00a2 85F84530 		strb	r3, [r5, #69]
 2544 00a6 DAE7     		b	.L196
 2545              	.L201:
1035:Drivers/STM32F1xx_HAL_Driver/Src/stm32f1xx_hal_tim_ex.c **** 
 2546              		.loc 1 1035 3 discriminator 3 view .LVU736
 2547 00a8 0123     		movs	r3, #1
 2548 00aa 85F84330 		strb	r3, [r5, #67]
 2549 00ae D6E7     		b	.L196
 2550              	.L202:
1035:Drivers/STM32F1xx_HAL_Driver/Src/stm32f1xx_hal_tim_ex.c **** 
 2551              		.loc 1 1035 3 discriminator 6 view .LVU737
 2552 00b0 0123     		movs	r3, #1
 2553 00b2 85F84430 		strb	r3, [r5, #68]
 2554 00b6 D2E7     		b	.L196
 2555              		.cfi_endproc
 2556              	.LFE80:
 2558              		.section	.text.HAL_TIMEx_PWMN_Start,"ax",%progbits
 2559              		.align	1
 2560              		.global	HAL_TIMEx_PWMN_Start
 2561              		.syntax unified
 2562              		.thumb
 2563              		.thumb_func
 2564              		.fpu softvfp
 2566              	HAL_TIMEx_PWMN_Start:
 2567              	.LVL173:
 2568              	.LFB81:
1086:Drivers/STM32F1xx_HAL_Driver/Src/stm32f1xx_hal_tim_ex.c ****   uint32_t tmpsmcr;
 2569              		.loc 1 1086 1 is_stmt 1 view -0
 2570              		.cfi_startproc
 2571              		@ args = 0, pretend = 0, frame = 0
 2572              		@ frame_needed = 0, uses_anonymous_args = 0
1086:Drivers/STM32F1xx_HAL_Driver/Src/stm32f1xx_hal_tim_ex.c ****   uint32_t tmpsmcr;
 2573              		.loc 1 1086 1 is_stmt 0 view .LVU739
 2574 0000 10B5     		push	{r4, lr}
 2575              	.LCFI20:
 2576              		.cfi_def_cfa_offset 8
ARM GAS  C:\Users\Korisnik\AppData\Local\Temp\cckoF0Cb.s 			page 99


 2577              		.cfi_offset 4, -8
 2578              		.cfi_offset 14, -4
 2579 0002 0446     		mov	r4, r0
1087:Drivers/STM32F1xx_HAL_Driver/Src/stm32f1xx_hal_tim_ex.c **** 
 2580              		.loc 1 1087 3 is_stmt 1 view .LVU740
1090:Drivers/STM32F1xx_HAL_Driver/Src/stm32f1xx_hal_tim_ex.c **** 
 2581              		.loc 1 1090 3 view .LVU741
1093:Drivers/STM32F1xx_HAL_Driver/Src/stm32f1xx_hal_tim_ex.c ****   {
 2582              		.loc 1 1093 3 view .LVU742
1093:Drivers/STM32F1xx_HAL_Driver/Src/stm32f1xx_hal_tim_ex.c ****   {
 2583              		.loc 1 1093 46 is_stmt 0 view .LVU743
 2584 0004 0846     		mov	r0, r1
 2585              	.LVL174:
1093:Drivers/STM32F1xx_HAL_Driver/Src/stm32f1xx_hal_tim_ex.c ****   {
 2586              		.loc 1 1093 46 view .LVU744
 2587 0006 39BB     		cbnz	r1, .L204
1093:Drivers/STM32F1xx_HAL_Driver/Src/stm32f1xx_hal_tim_ex.c ****   {
 2588              		.loc 1 1093 7 discriminator 1 view .LVU745
 2589 0008 94F84230 		ldrb	r3, [r4, #66]	@ zero_extendqisi2
 2590 000c DBB2     		uxtb	r3, r3
1093:Drivers/STM32F1xx_HAL_Driver/Src/stm32f1xx_hal_tim_ex.c ****   {
 2591              		.loc 1 1093 46 discriminator 1 view .LVU746
 2592 000e 013B     		subs	r3, r3, #1
 2593 0010 18BF     		it	ne
 2594 0012 0123     		movne	r3, #1
 2595              	.L205:
1093:Drivers/STM32F1xx_HAL_Driver/Src/stm32f1xx_hal_tim_ex.c ****   {
 2596              		.loc 1 1093 6 discriminator 12 view .LVU747
 2597 0014 002B     		cmp	r3, #0
 2598 0016 53D1     		bne	.L215
1099:Drivers/STM32F1xx_HAL_Driver/Src/stm32f1xx_hal_tim_ex.c **** 
 2599              		.loc 1 1099 3 is_stmt 1 view .LVU748
 2600 0018 0028     		cmp	r0, #0
 2601 001a 36D1     		bne	.L209
1099:Drivers/STM32F1xx_HAL_Driver/Src/stm32f1xx_hal_tim_ex.c **** 
 2602              		.loc 1 1099 3 is_stmt 0 discriminator 1 view .LVU749
 2603 001c 0223     		movs	r3, #2
 2604 001e 84F84230 		strb	r3, [r4, #66]
 2605              	.L210:
1102:Drivers/STM32F1xx_HAL_Driver/Src/stm32f1xx_hal_tim_ex.c **** 
 2606              		.loc 1 1102 3 is_stmt 1 view .LVU750
 2607 0022 0422     		movs	r2, #4
 2608 0024 0146     		mov	r1, r0
 2609              	.LVL175:
1102:Drivers/STM32F1xx_HAL_Driver/Src/stm32f1xx_hal_tim_ex.c **** 
 2610              		.loc 1 1102 3 is_stmt 0 view .LVU751
 2611 0026 2068     		ldr	r0, [r4]
 2612              	.LVL176:
1102:Drivers/STM32F1xx_HAL_Driver/Src/stm32f1xx_hal_tim_ex.c **** 
 2613              		.loc 1 1102 3 view .LVU752
 2614 0028 FFF7FEFF 		bl	TIM_CCxNChannelCmd
 2615              	.LVL177:
1105:Drivers/STM32F1xx_HAL_Driver/Src/stm32f1xx_hal_tim_ex.c **** 
 2616              		.loc 1 1105 3 is_stmt 1 view .LVU753
 2617 002c 2268     		ldr	r2, [r4]
 2618 002e 536C     		ldr	r3, [r2, #68]
 2619 0030 43F40043 		orr	r3, r3, #32768
ARM GAS  C:\Users\Korisnik\AppData\Local\Temp\cckoF0Cb.s 			page 100


 2620 0034 5364     		str	r3, [r2, #68]
1108:Drivers/STM32F1xx_HAL_Driver/Src/stm32f1xx_hal_tim_ex.c ****   {
 2621              		.loc 1 1108 3 view .LVU754
1108:Drivers/STM32F1xx_HAL_Driver/Src/stm32f1xx_hal_tim_ex.c ****   {
 2622              		.loc 1 1108 7 is_stmt 0 view .LVU755
 2623 0036 2368     		ldr	r3, [r4]
1108:Drivers/STM32F1xx_HAL_Driver/Src/stm32f1xx_hal_tim_ex.c ****   {
 2624              		.loc 1 1108 6 view .LVU756
 2625 0038 234A     		ldr	r2, .L222
 2626 003a 9342     		cmp	r3, r2
 2627 003c 35D0     		beq	.L213
1108:Drivers/STM32F1xx_HAL_Driver/Src/stm32f1xx_hal_tim_ex.c ****   {
 2628              		.loc 1 1108 7 discriminator 1 view .LVU757
 2629 003e B3F1804F 		cmp	r3, #1073741824
 2630 0042 32D0     		beq	.L213
1108:Drivers/STM32F1xx_HAL_Driver/Src/stm32f1xx_hal_tim_ex.c ****   {
 2631              		.loc 1 1108 7 discriminator 2 view .LVU758
 2632 0044 A2F59432 		sub	r2, r2, #75776
 2633 0048 9342     		cmp	r3, r2
 2634 004a 2ED0     		beq	.L213
1118:Drivers/STM32F1xx_HAL_Driver/Src/stm32f1xx_hal_tim_ex.c ****   }
 2635              		.loc 1 1118 5 is_stmt 1 view .LVU759
 2636 004c 1A68     		ldr	r2, [r3]
 2637 004e 42F00102 		orr	r2, r2, #1
 2638 0052 1A60     		str	r2, [r3]
1122:Drivers/STM32F1xx_HAL_Driver/Src/stm32f1xx_hal_tim_ex.c **** }
 2639              		.loc 1 1122 10 is_stmt 0 view .LVU760
 2640 0054 0020     		movs	r0, #0
 2641 0056 34E0     		b	.L208
 2642              	.LVL178:
 2643              	.L204:
1093:Drivers/STM32F1xx_HAL_Driver/Src/stm32f1xx_hal_tim_ex.c ****   {
 2644              		.loc 1 1093 46 discriminator 2 view .LVU761
 2645 0058 0429     		cmp	r1, #4
 2646 005a 08D0     		beq	.L218
1093:Drivers/STM32F1xx_HAL_Driver/Src/stm32f1xx_hal_tim_ex.c ****   {
 2647              		.loc 1 1093 46 discriminator 5 view .LVU762
 2648 005c 0829     		cmp	r1, #8
 2649 005e 0DD0     		beq	.L219
1093:Drivers/STM32F1xx_HAL_Driver/Src/stm32f1xx_hal_tim_ex.c ****   {
 2650              		.loc 1 1093 7 discriminator 8 view .LVU763
 2651 0060 94F84530 		ldrb	r3, [r4, #69]	@ zero_extendqisi2
 2652 0064 DBB2     		uxtb	r3, r3
1093:Drivers/STM32F1xx_HAL_Driver/Src/stm32f1xx_hal_tim_ex.c ****   {
 2653              		.loc 1 1093 46 discriminator 8 view .LVU764
 2654 0066 013B     		subs	r3, r3, #1
 2655 0068 18BF     		it	ne
 2656 006a 0123     		movne	r3, #1
 2657 006c D2E7     		b	.L205
 2658              	.L218:
1093:Drivers/STM32F1xx_HAL_Driver/Src/stm32f1xx_hal_tim_ex.c ****   {
 2659              		.loc 1 1093 7 discriminator 4 view .LVU765
 2660 006e 94F84330 		ldrb	r3, [r4, #67]	@ zero_extendqisi2
 2661 0072 DBB2     		uxtb	r3, r3
1093:Drivers/STM32F1xx_HAL_Driver/Src/stm32f1xx_hal_tim_ex.c ****   {
 2662              		.loc 1 1093 46 discriminator 4 view .LVU766
 2663 0074 013B     		subs	r3, r3, #1
ARM GAS  C:\Users\Korisnik\AppData\Local\Temp\cckoF0Cb.s 			page 101


 2664 0076 18BF     		it	ne
 2665 0078 0123     		movne	r3, #1
 2666 007a CBE7     		b	.L205
 2667              	.L219:
1093:Drivers/STM32F1xx_HAL_Driver/Src/stm32f1xx_hal_tim_ex.c ****   {
 2668              		.loc 1 1093 7 discriminator 7 view .LVU767
 2669 007c 94F84430 		ldrb	r3, [r4, #68]	@ zero_extendqisi2
 2670 0080 DBB2     		uxtb	r3, r3
1093:Drivers/STM32F1xx_HAL_Driver/Src/stm32f1xx_hal_tim_ex.c ****   {
 2671              		.loc 1 1093 46 discriminator 7 view .LVU768
 2672 0082 013B     		subs	r3, r3, #1
 2673 0084 18BF     		it	ne
 2674 0086 0123     		movne	r3, #1
 2675 0088 C4E7     		b	.L205
 2676              	.L209:
1099:Drivers/STM32F1xx_HAL_Driver/Src/stm32f1xx_hal_tim_ex.c **** 
 2677              		.loc 1 1099 3 discriminator 2 view .LVU769
 2678 008a 0428     		cmp	r0, #4
 2679 008c 05D0     		beq	.L220
1099:Drivers/STM32F1xx_HAL_Driver/Src/stm32f1xx_hal_tim_ex.c **** 
 2680              		.loc 1 1099 3 discriminator 4 view .LVU770
 2681 008e 0828     		cmp	r0, #8
 2682 0090 07D0     		beq	.L221
1099:Drivers/STM32F1xx_HAL_Driver/Src/stm32f1xx_hal_tim_ex.c **** 
 2683              		.loc 1 1099 3 discriminator 7 view .LVU771
 2684 0092 0223     		movs	r3, #2
 2685 0094 84F84530 		strb	r3, [r4, #69]
 2686 0098 C3E7     		b	.L210
 2687              	.L220:
1099:Drivers/STM32F1xx_HAL_Driver/Src/stm32f1xx_hal_tim_ex.c **** 
 2688              		.loc 1 1099 3 discriminator 3 view .LVU772
 2689 009a 0223     		movs	r3, #2
 2690 009c 84F84330 		strb	r3, [r4, #67]
 2691 00a0 BFE7     		b	.L210
 2692              	.L221:
1099:Drivers/STM32F1xx_HAL_Driver/Src/stm32f1xx_hal_tim_ex.c **** 
 2693              		.loc 1 1099 3 discriminator 6 view .LVU773
 2694 00a2 0223     		movs	r3, #2
 2695 00a4 84F84430 		strb	r3, [r4, #68]
 2696 00a8 BBE7     		b	.L210
 2697              	.LVL179:
 2698              	.L213:
1110:Drivers/STM32F1xx_HAL_Driver/Src/stm32f1xx_hal_tim_ex.c ****     if (!IS_TIM_SLAVEMODE_TRIGGER_ENABLED(tmpsmcr))
 2699              		.loc 1 1110 5 is_stmt 1 view .LVU774
1110:Drivers/STM32F1xx_HAL_Driver/Src/stm32f1xx_hal_tim_ex.c ****     if (!IS_TIM_SLAVEMODE_TRIGGER_ENABLED(tmpsmcr))
 2700              		.loc 1 1110 29 is_stmt 0 view .LVU775
 2701 00aa 9A68     		ldr	r2, [r3, #8]
1110:Drivers/STM32F1xx_HAL_Driver/Src/stm32f1xx_hal_tim_ex.c ****     if (!IS_TIM_SLAVEMODE_TRIGGER_ENABLED(tmpsmcr))
 2702              		.loc 1 1110 13 view .LVU776
 2703 00ac 02F00702 		and	r2, r2, #7
 2704              	.LVL180:
1111:Drivers/STM32F1xx_HAL_Driver/Src/stm32f1xx_hal_tim_ex.c ****     {
 2705              		.loc 1 1111 5 is_stmt 1 view .LVU777
1111:Drivers/STM32F1xx_HAL_Driver/Src/stm32f1xx_hal_tim_ex.c ****     {
 2706              		.loc 1 1111 8 is_stmt 0 view .LVU778
 2707 00b0 062A     		cmp	r2, #6
 2708 00b2 07D0     		beq	.L216
ARM GAS  C:\Users\Korisnik\AppData\Local\Temp\cckoF0Cb.s 			page 102


1113:Drivers/STM32F1xx_HAL_Driver/Src/stm32f1xx_hal_tim_ex.c ****     }
 2709              		.loc 1 1113 7 is_stmt 1 view .LVU779
 2710 00b4 1A68     		ldr	r2, [r3]
 2711              	.LVL181:
1113:Drivers/STM32F1xx_HAL_Driver/Src/stm32f1xx_hal_tim_ex.c ****     }
 2712              		.loc 1 1113 7 is_stmt 0 view .LVU780
 2713 00b6 42F00102 		orr	r2, r2, #1
 2714 00ba 1A60     		str	r2, [r3]
1122:Drivers/STM32F1xx_HAL_Driver/Src/stm32f1xx_hal_tim_ex.c **** }
 2715              		.loc 1 1122 10 view .LVU781
 2716 00bc 0020     		movs	r0, #0
 2717 00be 00E0     		b	.L208
 2718              	.LVL182:
 2719              	.L215:
1095:Drivers/STM32F1xx_HAL_Driver/Src/stm32f1xx_hal_tim_ex.c ****   }
 2720              		.loc 1 1095 12 view .LVU782
 2721 00c0 0120     		movs	r0, #1
 2722              	.LVL183:
 2723              	.L208:
1123:Drivers/STM32F1xx_HAL_Driver/Src/stm32f1xx_hal_tim_ex.c **** 
 2724              		.loc 1 1123 1 view .LVU783
 2725 00c2 10BD     		pop	{r4, pc}
 2726              	.LVL184:
 2727              	.L216:
1122:Drivers/STM32F1xx_HAL_Driver/Src/stm32f1xx_hal_tim_ex.c **** }
 2728              		.loc 1 1122 10 view .LVU784
 2729 00c4 0020     		movs	r0, #0
 2730 00c6 FCE7     		b	.L208
 2731              	.L223:
 2732              		.align	2
 2733              	.L222:
 2734 00c8 002C0140 		.word	1073818624
 2735              		.cfi_endproc
 2736              	.LFE81:
 2738              		.section	.text.HAL_TIMEx_PWMN_Stop,"ax",%progbits
 2739              		.align	1
 2740              		.global	HAL_TIMEx_PWMN_Stop
 2741              		.syntax unified
 2742              		.thumb
 2743              		.thumb_func
 2744              		.fpu softvfp
 2746              	HAL_TIMEx_PWMN_Stop:
 2747              	.LVL185:
 2748              	.LFB82:
1136:Drivers/STM32F1xx_HAL_Driver/Src/stm32f1xx_hal_tim_ex.c ****   /* Check the parameters */
 2749              		.loc 1 1136 1 is_stmt 1 view -0
 2750              		.cfi_startproc
 2751              		@ args = 0, pretend = 0, frame = 0
 2752              		@ frame_needed = 0, uses_anonymous_args = 0
1136:Drivers/STM32F1xx_HAL_Driver/Src/stm32f1xx_hal_tim_ex.c ****   /* Check the parameters */
 2753              		.loc 1 1136 1 is_stmt 0 view .LVU786
 2754 0000 38B5     		push	{r3, r4, r5, lr}
 2755              	.LCFI21:
 2756              		.cfi_def_cfa_offset 16
 2757              		.cfi_offset 3, -16
 2758              		.cfi_offset 4, -12
 2759              		.cfi_offset 5, -8
ARM GAS  C:\Users\Korisnik\AppData\Local\Temp\cckoF0Cb.s 			page 103


 2760              		.cfi_offset 14, -4
 2761 0002 0446     		mov	r4, r0
 2762 0004 0D46     		mov	r5, r1
1138:Drivers/STM32F1xx_HAL_Driver/Src/stm32f1xx_hal_tim_ex.c **** 
 2763              		.loc 1 1138 3 is_stmt 1 view .LVU787
1141:Drivers/STM32F1xx_HAL_Driver/Src/stm32f1xx_hal_tim_ex.c **** 
 2764              		.loc 1 1141 3 view .LVU788
 2765 0006 0022     		movs	r2, #0
 2766 0008 0068     		ldr	r0, [r0]
 2767              	.LVL186:
1141:Drivers/STM32F1xx_HAL_Driver/Src/stm32f1xx_hal_tim_ex.c **** 
 2768              		.loc 1 1141 3 is_stmt 0 view .LVU789
 2769 000a FFF7FEFF 		bl	TIM_CCxNChannelCmd
 2770              	.LVL187:
1144:Drivers/STM32F1xx_HAL_Driver/Src/stm32f1xx_hal_tim_ex.c **** 
 2771              		.loc 1 1144 3 is_stmt 1 view .LVU790
1144:Drivers/STM32F1xx_HAL_Driver/Src/stm32f1xx_hal_tim_ex.c **** 
 2772              		.loc 1 1144 3 view .LVU791
 2773 000e 2368     		ldr	r3, [r4]
 2774 0010 196A     		ldr	r1, [r3, #32]
 2775 0012 41F21112 		movw	r2, #4369
 2776 0016 1142     		tst	r1, r2
 2777 0018 08D1     		bne	.L225
1144:Drivers/STM32F1xx_HAL_Driver/Src/stm32f1xx_hal_tim_ex.c **** 
 2778              		.loc 1 1144 3 discriminator 1 view .LVU792
 2779 001a 196A     		ldr	r1, [r3, #32]
 2780 001c 40F24442 		movw	r2, #1092
 2781 0020 1142     		tst	r1, r2
 2782 0022 03D1     		bne	.L225
1144:Drivers/STM32F1xx_HAL_Driver/Src/stm32f1xx_hal_tim_ex.c **** 
 2783              		.loc 1 1144 3 discriminator 3 view .LVU793
 2784 0024 5A6C     		ldr	r2, [r3, #68]
 2785 0026 22F40042 		bic	r2, r2, #32768
 2786 002a 5A64     		str	r2, [r3, #68]
 2787              	.L225:
1144:Drivers/STM32F1xx_HAL_Driver/Src/stm32f1xx_hal_tim_ex.c **** 
 2788              		.loc 1 1144 3 discriminator 5 view .LVU794
1147:Drivers/STM32F1xx_HAL_Driver/Src/stm32f1xx_hal_tim_ex.c **** 
 2789              		.loc 1 1147 3 discriminator 5 view .LVU795
1147:Drivers/STM32F1xx_HAL_Driver/Src/stm32f1xx_hal_tim_ex.c **** 
 2790              		.loc 1 1147 3 discriminator 5 view .LVU796
 2791 002c 2368     		ldr	r3, [r4]
 2792 002e 196A     		ldr	r1, [r3, #32]
 2793 0030 41F21112 		movw	r2, #4369
 2794 0034 1142     		tst	r1, r2
 2795 0036 08D1     		bne	.L226
1147:Drivers/STM32F1xx_HAL_Driver/Src/stm32f1xx_hal_tim_ex.c **** 
 2796              		.loc 1 1147 3 discriminator 1 view .LVU797
 2797 0038 196A     		ldr	r1, [r3, #32]
 2798 003a 40F24442 		movw	r2, #1092
 2799 003e 1142     		tst	r1, r2
 2800 0040 03D1     		bne	.L226
1147:Drivers/STM32F1xx_HAL_Driver/Src/stm32f1xx_hal_tim_ex.c **** 
 2801              		.loc 1 1147 3 discriminator 3 view .LVU798
 2802 0042 1A68     		ldr	r2, [r3]
 2803 0044 22F00102 		bic	r2, r2, #1
 2804 0048 1A60     		str	r2, [r3]
ARM GAS  C:\Users\Korisnik\AppData\Local\Temp\cckoF0Cb.s 			page 104


 2805              	.L226:
1147:Drivers/STM32F1xx_HAL_Driver/Src/stm32f1xx_hal_tim_ex.c **** 
 2806              		.loc 1 1147 3 discriminator 5 view .LVU799
1150:Drivers/STM32F1xx_HAL_Driver/Src/stm32f1xx_hal_tim_ex.c **** 
 2807              		.loc 1 1150 3 discriminator 5 view .LVU800
 2808 004a 25B9     		cbnz	r5, .L227
1150:Drivers/STM32F1xx_HAL_Driver/Src/stm32f1xx_hal_tim_ex.c **** 
 2809              		.loc 1 1150 3 is_stmt 0 discriminator 1 view .LVU801
 2810 004c 0123     		movs	r3, #1
 2811 004e 84F84230 		strb	r3, [r4, #66]
 2812              	.L228:
1153:Drivers/STM32F1xx_HAL_Driver/Src/stm32f1xx_hal_tim_ex.c **** }
 2813              		.loc 1 1153 3 is_stmt 1 view .LVU802
1154:Drivers/STM32F1xx_HAL_Driver/Src/stm32f1xx_hal_tim_ex.c **** 
 2814              		.loc 1 1154 1 is_stmt 0 view .LVU803
 2815 0052 0020     		movs	r0, #0
 2816 0054 38BD     		pop	{r3, r4, r5, pc}
 2817              	.LVL188:
 2818              	.L227:
1150:Drivers/STM32F1xx_HAL_Driver/Src/stm32f1xx_hal_tim_ex.c **** 
 2819              		.loc 1 1150 3 discriminator 2 view .LVU804
 2820 0056 042D     		cmp	r5, #4
 2821 0058 05D0     		beq	.L232
1150:Drivers/STM32F1xx_HAL_Driver/Src/stm32f1xx_hal_tim_ex.c **** 
 2822              		.loc 1 1150 3 discriminator 4 view .LVU805
 2823 005a 082D     		cmp	r5, #8
 2824 005c 07D0     		beq	.L233
1150:Drivers/STM32F1xx_HAL_Driver/Src/stm32f1xx_hal_tim_ex.c **** 
 2825              		.loc 1 1150 3 discriminator 7 view .LVU806
 2826 005e 0123     		movs	r3, #1
 2827 0060 84F84530 		strb	r3, [r4, #69]
 2828 0064 F5E7     		b	.L228
 2829              	.L232:
1150:Drivers/STM32F1xx_HAL_Driver/Src/stm32f1xx_hal_tim_ex.c **** 
 2830              		.loc 1 1150 3 discriminator 3 view .LVU807
 2831 0066 0123     		movs	r3, #1
 2832 0068 84F84330 		strb	r3, [r4, #67]
 2833 006c F1E7     		b	.L228
 2834              	.L233:
1150:Drivers/STM32F1xx_HAL_Driver/Src/stm32f1xx_hal_tim_ex.c **** 
 2835              		.loc 1 1150 3 discriminator 6 view .LVU808
 2836 006e 0123     		movs	r3, #1
 2837 0070 84F84430 		strb	r3, [r4, #68]
 2838 0074 EDE7     		b	.L228
 2839              		.cfi_endproc
 2840              	.LFE82:
 2842              		.section	.text.HAL_TIMEx_PWMN_Start_IT,"ax",%progbits
 2843              		.align	1
 2844              		.global	HAL_TIMEx_PWMN_Start_IT
 2845              		.syntax unified
 2846              		.thumb
 2847              		.thumb_func
 2848              		.fpu softvfp
 2850              	HAL_TIMEx_PWMN_Start_IT:
 2851              	.LVL189:
 2852              	.LFB83:
1168:Drivers/STM32F1xx_HAL_Driver/Src/stm32f1xx_hal_tim_ex.c ****   uint32_t tmpsmcr;
ARM GAS  C:\Users\Korisnik\AppData\Local\Temp\cckoF0Cb.s 			page 105


 2853              		.loc 1 1168 1 is_stmt 1 view -0
 2854              		.cfi_startproc
 2855              		@ args = 0, pretend = 0, frame = 0
 2856              		@ frame_needed = 0, uses_anonymous_args = 0
1168:Drivers/STM32F1xx_HAL_Driver/Src/stm32f1xx_hal_tim_ex.c ****   uint32_t tmpsmcr;
 2857              		.loc 1 1168 1 is_stmt 0 view .LVU810
 2858 0000 10B5     		push	{r4, lr}
 2859              	.LCFI22:
 2860              		.cfi_def_cfa_offset 8
 2861              		.cfi_offset 4, -8
 2862              		.cfi_offset 14, -4
 2863 0002 0446     		mov	r4, r0
1169:Drivers/STM32F1xx_HAL_Driver/Src/stm32f1xx_hal_tim_ex.c **** 
 2864              		.loc 1 1169 3 is_stmt 1 view .LVU811
1172:Drivers/STM32F1xx_HAL_Driver/Src/stm32f1xx_hal_tim_ex.c **** 
 2865              		.loc 1 1172 3 view .LVU812
1175:Drivers/STM32F1xx_HAL_Driver/Src/stm32f1xx_hal_tim_ex.c ****   {
 2866              		.loc 1 1175 3 view .LVU813
1175:Drivers/STM32F1xx_HAL_Driver/Src/stm32f1xx_hal_tim_ex.c ****   {
 2867              		.loc 1 1175 46 is_stmt 0 view .LVU814
 2868 0004 0846     		mov	r0, r1
 2869              	.LVL190:
1175:Drivers/STM32F1xx_HAL_Driver/Src/stm32f1xx_hal_tim_ex.c ****   {
 2870              		.loc 1 1175 46 view .LVU815
 2871 0006 0029     		cmp	r1, #0
 2872 0008 32D1     		bne	.L235
1175:Drivers/STM32F1xx_HAL_Driver/Src/stm32f1xx_hal_tim_ex.c ****   {
 2873              		.loc 1 1175 7 discriminator 1 view .LVU816
 2874 000a 94F84230 		ldrb	r3, [r4, #66]	@ zero_extendqisi2
 2875 000e DBB2     		uxtb	r3, r3
1175:Drivers/STM32F1xx_HAL_Driver/Src/stm32f1xx_hal_tim_ex.c ****   {
 2876              		.loc 1 1175 46 discriminator 1 view .LVU817
 2877 0010 013B     		subs	r3, r3, #1
 2878 0012 18BF     		it	ne
 2879 0014 0123     		movne	r3, #1
 2880              	.L236:
1175:Drivers/STM32F1xx_HAL_Driver/Src/stm32f1xx_hal_tim_ex.c ****   {
 2881              		.loc 1 1175 6 discriminator 12 view .LVU818
 2882 0016 002B     		cmp	r3, #0
 2883 0018 70D1     		bne	.L249
1181:Drivers/STM32F1xx_HAL_Driver/Src/stm32f1xx_hal_tim_ex.c **** 
 2884              		.loc 1 1181 3 is_stmt 1 view .LVU819
 2885 001a 0028     		cmp	r0, #0
 2886 001c 41D1     		bne	.L240
1181:Drivers/STM32F1xx_HAL_Driver/Src/stm32f1xx_hal_tim_ex.c **** 
 2887              		.loc 1 1181 3 is_stmt 0 discriminator 1 view .LVU820
 2888 001e 0223     		movs	r3, #2
 2889 0020 84F84230 		strb	r3, [r4, #66]
 2890              	.L241:
1183:Drivers/STM32F1xx_HAL_Driver/Src/stm32f1xx_hal_tim_ex.c ****   {
 2891              		.loc 1 1183 3 is_stmt 1 view .LVU821
 2892 0024 0428     		cmp	r0, #4
 2893 0026 52D0     		beq	.L244
 2894 0028 0828     		cmp	r0, #8
 2895 002a 56D0     		beq	.L245
 2896 002c 0028     		cmp	r0, #0
 2897 002e 48D0     		beq	.L252
ARM GAS  C:\Users\Korisnik\AppData\Local\Temp\cckoF0Cb.s 			page 106


 2898              	.L246:
1211:Drivers/STM32F1xx_HAL_Driver/Src/stm32f1xx_hal_tim_ex.c **** 
 2899              		.loc 1 1211 3 view .LVU822
 2900 0030 2268     		ldr	r2, [r4]
 2901 0032 D368     		ldr	r3, [r2, #12]
 2902 0034 43F08003 		orr	r3, r3, #128
 2903 0038 D360     		str	r3, [r2, #12]
1214:Drivers/STM32F1xx_HAL_Driver/Src/stm32f1xx_hal_tim_ex.c **** 
 2904              		.loc 1 1214 3 view .LVU823
 2905 003a 0422     		movs	r2, #4
 2906 003c 0146     		mov	r1, r0
 2907              	.LVL191:
1214:Drivers/STM32F1xx_HAL_Driver/Src/stm32f1xx_hal_tim_ex.c **** 
 2908              		.loc 1 1214 3 is_stmt 0 view .LVU824
 2909 003e 2068     		ldr	r0, [r4]
 2910              	.LVL192:
1214:Drivers/STM32F1xx_HAL_Driver/Src/stm32f1xx_hal_tim_ex.c **** 
 2911              		.loc 1 1214 3 view .LVU825
 2912 0040 FFF7FEFF 		bl	TIM_CCxNChannelCmd
 2913              	.LVL193:
1217:Drivers/STM32F1xx_HAL_Driver/Src/stm32f1xx_hal_tim_ex.c **** 
 2914              		.loc 1 1217 3 is_stmt 1 view .LVU826
 2915 0044 2268     		ldr	r2, [r4]
 2916 0046 536C     		ldr	r3, [r2, #68]
 2917 0048 43F40043 		orr	r3, r3, #32768
 2918 004c 5364     		str	r3, [r2, #68]
1220:Drivers/STM32F1xx_HAL_Driver/Src/stm32f1xx_hal_tim_ex.c ****   {
 2919              		.loc 1 1220 3 view .LVU827
1220:Drivers/STM32F1xx_HAL_Driver/Src/stm32f1xx_hal_tim_ex.c ****   {
 2920              		.loc 1 1220 7 is_stmt 0 view .LVU828
 2921 004e 2368     		ldr	r3, [r4]
1220:Drivers/STM32F1xx_HAL_Driver/Src/stm32f1xx_hal_tim_ex.c ****   {
 2922              		.loc 1 1220 6 view .LVU829
 2923 0050 2C4A     		ldr	r2, .L257
 2924 0052 9342     		cmp	r3, r2
 2925 0054 47D0     		beq	.L247
1220:Drivers/STM32F1xx_HAL_Driver/Src/stm32f1xx_hal_tim_ex.c ****   {
 2926              		.loc 1 1220 7 discriminator 1 view .LVU830
 2927 0056 B3F1804F 		cmp	r3, #1073741824
 2928 005a 44D0     		beq	.L247
1220:Drivers/STM32F1xx_HAL_Driver/Src/stm32f1xx_hal_tim_ex.c ****   {
 2929              		.loc 1 1220 7 discriminator 2 view .LVU831
 2930 005c A2F59432 		sub	r2, r2, #75776
 2931 0060 9342     		cmp	r3, r2
 2932 0062 40D0     		beq	.L247
1230:Drivers/STM32F1xx_HAL_Driver/Src/stm32f1xx_hal_tim_ex.c ****   }
 2933              		.loc 1 1230 5 is_stmt 1 view .LVU832
 2934 0064 1A68     		ldr	r2, [r3]
 2935 0066 42F00102 		orr	r2, r2, #1
 2936 006a 1A60     		str	r2, [r3]
1234:Drivers/STM32F1xx_HAL_Driver/Src/stm32f1xx_hal_tim_ex.c **** }
 2937              		.loc 1 1234 10 is_stmt 0 view .LVU833
 2938 006c 0020     		movs	r0, #0
 2939 006e 46E0     		b	.L239
 2940              	.LVL194:
 2941              	.L235:
1175:Drivers/STM32F1xx_HAL_Driver/Src/stm32f1xx_hal_tim_ex.c ****   {
ARM GAS  C:\Users\Korisnik\AppData\Local\Temp\cckoF0Cb.s 			page 107


 2942              		.loc 1 1175 46 discriminator 2 view .LVU834
 2943 0070 0429     		cmp	r1, #4
 2944 0072 08D0     		beq	.L253
1175:Drivers/STM32F1xx_HAL_Driver/Src/stm32f1xx_hal_tim_ex.c ****   {
 2945              		.loc 1 1175 46 discriminator 5 view .LVU835
 2946 0074 0829     		cmp	r1, #8
 2947 0076 0DD0     		beq	.L254
1175:Drivers/STM32F1xx_HAL_Driver/Src/stm32f1xx_hal_tim_ex.c ****   {
 2948              		.loc 1 1175 7 discriminator 8 view .LVU836
 2949 0078 94F84530 		ldrb	r3, [r4, #69]	@ zero_extendqisi2
 2950 007c DBB2     		uxtb	r3, r3
1175:Drivers/STM32F1xx_HAL_Driver/Src/stm32f1xx_hal_tim_ex.c ****   {
 2951              		.loc 1 1175 46 discriminator 8 view .LVU837
 2952 007e 013B     		subs	r3, r3, #1
 2953 0080 18BF     		it	ne
 2954 0082 0123     		movne	r3, #1
 2955 0084 C7E7     		b	.L236
 2956              	.L253:
1175:Drivers/STM32F1xx_HAL_Driver/Src/stm32f1xx_hal_tim_ex.c ****   {
 2957              		.loc 1 1175 7 discriminator 4 view .LVU838
 2958 0086 94F84330 		ldrb	r3, [r4, #67]	@ zero_extendqisi2
 2959 008a DBB2     		uxtb	r3, r3
1175:Drivers/STM32F1xx_HAL_Driver/Src/stm32f1xx_hal_tim_ex.c ****   {
 2960              		.loc 1 1175 46 discriminator 4 view .LVU839
 2961 008c 013B     		subs	r3, r3, #1
 2962 008e 18BF     		it	ne
 2963 0090 0123     		movne	r3, #1
 2964 0092 C0E7     		b	.L236
 2965              	.L254:
1175:Drivers/STM32F1xx_HAL_Driver/Src/stm32f1xx_hal_tim_ex.c ****   {
 2966              		.loc 1 1175 7 discriminator 7 view .LVU840
 2967 0094 94F84430 		ldrb	r3, [r4, #68]	@ zero_extendqisi2
 2968 0098 DBB2     		uxtb	r3, r3
1175:Drivers/STM32F1xx_HAL_Driver/Src/stm32f1xx_hal_tim_ex.c ****   {
 2969              		.loc 1 1175 46 discriminator 7 view .LVU841
 2970 009a 013B     		subs	r3, r3, #1
 2971 009c 18BF     		it	ne
 2972 009e 0123     		movne	r3, #1
 2973 00a0 B9E7     		b	.L236
 2974              	.L240:
1181:Drivers/STM32F1xx_HAL_Driver/Src/stm32f1xx_hal_tim_ex.c **** 
 2975              		.loc 1 1181 3 discriminator 2 view .LVU842
 2976 00a2 0428     		cmp	r0, #4
 2977 00a4 05D0     		beq	.L255
1181:Drivers/STM32F1xx_HAL_Driver/Src/stm32f1xx_hal_tim_ex.c **** 
 2978              		.loc 1 1181 3 discriminator 4 view .LVU843
 2979 00a6 0828     		cmp	r0, #8
 2980 00a8 07D0     		beq	.L256
1181:Drivers/STM32F1xx_HAL_Driver/Src/stm32f1xx_hal_tim_ex.c **** 
 2981              		.loc 1 1181 3 discriminator 7 view .LVU844
 2982 00aa 0223     		movs	r3, #2
 2983 00ac 84F84530 		strb	r3, [r4, #69]
 2984 00b0 B8E7     		b	.L241
 2985              	.L255:
1181:Drivers/STM32F1xx_HAL_Driver/Src/stm32f1xx_hal_tim_ex.c **** 
 2986              		.loc 1 1181 3 discriminator 3 view .LVU845
 2987 00b2 0223     		movs	r3, #2
ARM GAS  C:\Users\Korisnik\AppData\Local\Temp\cckoF0Cb.s 			page 108


 2988 00b4 84F84330 		strb	r3, [r4, #67]
 2989 00b8 B4E7     		b	.L241
 2990              	.L256:
1181:Drivers/STM32F1xx_HAL_Driver/Src/stm32f1xx_hal_tim_ex.c **** 
 2991              		.loc 1 1181 3 discriminator 6 view .LVU846
 2992 00ba 0223     		movs	r3, #2
 2993 00bc 84F84430 		strb	r3, [r4, #68]
 2994 00c0 B0E7     		b	.L241
 2995              	.L252:
1188:Drivers/STM32F1xx_HAL_Driver/Src/stm32f1xx_hal_tim_ex.c ****       break;
 2996              		.loc 1 1188 7 is_stmt 1 view .LVU847
 2997 00c2 2268     		ldr	r2, [r4]
 2998 00c4 D368     		ldr	r3, [r2, #12]
 2999 00c6 43F00203 		orr	r3, r3, #2
 3000 00ca D360     		str	r3, [r2, #12]
1189:Drivers/STM32F1xx_HAL_Driver/Src/stm32f1xx_hal_tim_ex.c ****     }
 3001              		.loc 1 1189 7 view .LVU848
 3002 00cc B0E7     		b	.L246
 3003              	.L244:
1195:Drivers/STM32F1xx_HAL_Driver/Src/stm32f1xx_hal_tim_ex.c ****       break;
 3004              		.loc 1 1195 7 view .LVU849
 3005 00ce 2268     		ldr	r2, [r4]
 3006 00d0 D368     		ldr	r3, [r2, #12]
 3007 00d2 43F00403 		orr	r3, r3, #4
 3008 00d6 D360     		str	r3, [r2, #12]
1196:Drivers/STM32F1xx_HAL_Driver/Src/stm32f1xx_hal_tim_ex.c ****     }
 3009              		.loc 1 1196 7 view .LVU850
 3010 00d8 AAE7     		b	.L246
 3011              	.L245:
1202:Drivers/STM32F1xx_HAL_Driver/Src/stm32f1xx_hal_tim_ex.c ****       break;
 3012              		.loc 1 1202 7 view .LVU851
 3013 00da 2268     		ldr	r2, [r4]
 3014 00dc D368     		ldr	r3, [r2, #12]
 3015 00de 43F00803 		orr	r3, r3, #8
 3016 00e2 D360     		str	r3, [r2, #12]
1203:Drivers/STM32F1xx_HAL_Driver/Src/stm32f1xx_hal_tim_ex.c ****     }
 3017              		.loc 1 1203 7 view .LVU852
 3018 00e4 A4E7     		b	.L246
 3019              	.LVL195:
 3020              	.L247:
1222:Drivers/STM32F1xx_HAL_Driver/Src/stm32f1xx_hal_tim_ex.c ****     if (!IS_TIM_SLAVEMODE_TRIGGER_ENABLED(tmpsmcr))
 3021              		.loc 1 1222 5 view .LVU853
1222:Drivers/STM32F1xx_HAL_Driver/Src/stm32f1xx_hal_tim_ex.c ****     if (!IS_TIM_SLAVEMODE_TRIGGER_ENABLED(tmpsmcr))
 3022              		.loc 1 1222 29 is_stmt 0 view .LVU854
 3023 00e6 9A68     		ldr	r2, [r3, #8]
1222:Drivers/STM32F1xx_HAL_Driver/Src/stm32f1xx_hal_tim_ex.c ****     if (!IS_TIM_SLAVEMODE_TRIGGER_ENABLED(tmpsmcr))
 3024              		.loc 1 1222 13 view .LVU855
 3025 00e8 02F00702 		and	r2, r2, #7
 3026              	.LVL196:
1223:Drivers/STM32F1xx_HAL_Driver/Src/stm32f1xx_hal_tim_ex.c ****     {
 3027              		.loc 1 1223 5 is_stmt 1 view .LVU856
1223:Drivers/STM32F1xx_HAL_Driver/Src/stm32f1xx_hal_tim_ex.c ****     {
 3028              		.loc 1 1223 8 is_stmt 0 view .LVU857
 3029 00ec 062A     		cmp	r2, #6
 3030 00ee 07D0     		beq	.L250
1225:Drivers/STM32F1xx_HAL_Driver/Src/stm32f1xx_hal_tim_ex.c ****     }
 3031              		.loc 1 1225 7 is_stmt 1 view .LVU858
ARM GAS  C:\Users\Korisnik\AppData\Local\Temp\cckoF0Cb.s 			page 109


 3032 00f0 1A68     		ldr	r2, [r3]
 3033              	.LVL197:
1225:Drivers/STM32F1xx_HAL_Driver/Src/stm32f1xx_hal_tim_ex.c ****     }
 3034              		.loc 1 1225 7 is_stmt 0 view .LVU859
 3035 00f2 42F00102 		orr	r2, r2, #1
 3036 00f6 1A60     		str	r2, [r3]
1234:Drivers/STM32F1xx_HAL_Driver/Src/stm32f1xx_hal_tim_ex.c **** }
 3037              		.loc 1 1234 10 view .LVU860
 3038 00f8 0020     		movs	r0, #0
 3039 00fa 00E0     		b	.L239
 3040              	.LVL198:
 3041              	.L249:
1177:Drivers/STM32F1xx_HAL_Driver/Src/stm32f1xx_hal_tim_ex.c ****   }
 3042              		.loc 1 1177 12 view .LVU861
 3043 00fc 0120     		movs	r0, #1
 3044              	.LVL199:
 3045              	.L239:
1235:Drivers/STM32F1xx_HAL_Driver/Src/stm32f1xx_hal_tim_ex.c **** 
 3046              		.loc 1 1235 1 view .LVU862
 3047 00fe 10BD     		pop	{r4, pc}
 3048              	.LVL200:
 3049              	.L250:
1234:Drivers/STM32F1xx_HAL_Driver/Src/stm32f1xx_hal_tim_ex.c **** }
 3050              		.loc 1 1234 10 view .LVU863
 3051 0100 0020     		movs	r0, #0
 3052 0102 FCE7     		b	.L239
 3053              	.L258:
 3054              		.align	2
 3055              	.L257:
 3056 0104 002C0140 		.word	1073818624
 3057              		.cfi_endproc
 3058              	.LFE83:
 3060              		.section	.text.HAL_TIMEx_PWMN_Stop_IT,"ax",%progbits
 3061              		.align	1
 3062              		.global	HAL_TIMEx_PWMN_Stop_IT
 3063              		.syntax unified
 3064              		.thumb
 3065              		.thumb_func
 3066              		.fpu softvfp
 3068              	HAL_TIMEx_PWMN_Stop_IT:
 3069              	.LVL201:
 3070              	.LFB84:
1249:Drivers/STM32F1xx_HAL_Driver/Src/stm32f1xx_hal_tim_ex.c ****   uint32_t tmpccer;
 3071              		.loc 1 1249 1 is_stmt 1 view -0
 3072              		.cfi_startproc
 3073              		@ args = 0, pretend = 0, frame = 0
 3074              		@ frame_needed = 0, uses_anonymous_args = 0
1249:Drivers/STM32F1xx_HAL_Driver/Src/stm32f1xx_hal_tim_ex.c ****   uint32_t tmpccer;
 3075              		.loc 1 1249 1 is_stmt 0 view .LVU865
 3076 0000 38B5     		push	{r3, r4, r5, lr}
 3077              	.LCFI23:
 3078              		.cfi_def_cfa_offset 16
 3079              		.cfi_offset 3, -16
 3080              		.cfi_offset 4, -12
 3081              		.cfi_offset 5, -8
 3082              		.cfi_offset 14, -4
 3083 0002 0546     		mov	r5, r0
ARM GAS  C:\Users\Korisnik\AppData\Local\Temp\cckoF0Cb.s 			page 110


 3084 0004 0C46     		mov	r4, r1
1250:Drivers/STM32F1xx_HAL_Driver/Src/stm32f1xx_hal_tim_ex.c **** 
 3085              		.loc 1 1250 3 is_stmt 1 view .LVU866
1253:Drivers/STM32F1xx_HAL_Driver/Src/stm32f1xx_hal_tim_ex.c **** 
 3086              		.loc 1 1253 3 view .LVU867
1255:Drivers/STM32F1xx_HAL_Driver/Src/stm32f1xx_hal_tim_ex.c ****   {
 3087              		.loc 1 1255 3 view .LVU868
 3088 0006 0429     		cmp	r1, #4
 3089 0008 3CD0     		beq	.L260
 3090 000a 0829     		cmp	r1, #8
 3091 000c 40D0     		beq	.L261
 3092 000e 0029     		cmp	r1, #0
 3093 0010 32D0     		beq	.L271
 3094              	.L262:
1283:Drivers/STM32F1xx_HAL_Driver/Src/stm32f1xx_hal_tim_ex.c **** 
 3095              		.loc 1 1283 3 view .LVU869
 3096 0012 0022     		movs	r2, #0
 3097 0014 2146     		mov	r1, r4
 3098              	.LVL202:
1283:Drivers/STM32F1xx_HAL_Driver/Src/stm32f1xx_hal_tim_ex.c **** 
 3099              		.loc 1 1283 3 is_stmt 0 view .LVU870
 3100 0016 2868     		ldr	r0, [r5]
 3101              	.LVL203:
1283:Drivers/STM32F1xx_HAL_Driver/Src/stm32f1xx_hal_tim_ex.c **** 
 3102              		.loc 1 1283 3 view .LVU871
 3103 0018 FFF7FEFF 		bl	TIM_CCxNChannelCmd
 3104              	.LVL204:
1286:Drivers/STM32F1xx_HAL_Driver/Src/stm32f1xx_hal_tim_ex.c ****   if ((tmpccer & (TIM_CCER_CC1NE | TIM_CCER_CC2NE | TIM_CCER_CC3NE)) == (uint32_t)RESET)
 3105              		.loc 1 1286 3 is_stmt 1 view .LVU872
1286:Drivers/STM32F1xx_HAL_Driver/Src/stm32f1xx_hal_tim_ex.c ****   if ((tmpccer & (TIM_CCER_CC1NE | TIM_CCER_CC2NE | TIM_CCER_CC3NE)) == (uint32_t)RESET)
 3106              		.loc 1 1286 17 is_stmt 0 view .LVU873
 3107 001c 2B68     		ldr	r3, [r5]
1286:Drivers/STM32F1xx_HAL_Driver/Src/stm32f1xx_hal_tim_ex.c ****   if ((tmpccer & (TIM_CCER_CC1NE | TIM_CCER_CC2NE | TIM_CCER_CC3NE)) == (uint32_t)RESET)
 3108              		.loc 1 1286 11 view .LVU874
 3109 001e 196A     		ldr	r1, [r3, #32]
 3110              	.LVL205:
1287:Drivers/STM32F1xx_HAL_Driver/Src/stm32f1xx_hal_tim_ex.c ****   {
 3111              		.loc 1 1287 3 is_stmt 1 view .LVU875
1287:Drivers/STM32F1xx_HAL_Driver/Src/stm32f1xx_hal_tim_ex.c ****   {
 3112              		.loc 1 1287 6 is_stmt 0 view .LVU876
 3113 0020 40F24442 		movw	r2, #1092
 3114 0024 1142     		tst	r1, r2
 3115 0026 03D1     		bne	.L263
1289:Drivers/STM32F1xx_HAL_Driver/Src/stm32f1xx_hal_tim_ex.c ****   }
 3116              		.loc 1 1289 5 is_stmt 1 view .LVU877
 3117 0028 DA68     		ldr	r2, [r3, #12]
 3118 002a 22F08002 		bic	r2, r2, #128
 3119 002e DA60     		str	r2, [r3, #12]
 3120              	.L263:
1293:Drivers/STM32F1xx_HAL_Driver/Src/stm32f1xx_hal_tim_ex.c **** 
 3121              		.loc 1 1293 3 view .LVU878
1293:Drivers/STM32F1xx_HAL_Driver/Src/stm32f1xx_hal_tim_ex.c **** 
 3122              		.loc 1 1293 3 view .LVU879
 3123 0030 2B68     		ldr	r3, [r5]
 3124 0032 196A     		ldr	r1, [r3, #32]
 3125              	.LVL206:
1293:Drivers/STM32F1xx_HAL_Driver/Src/stm32f1xx_hal_tim_ex.c **** 
ARM GAS  C:\Users\Korisnik\AppData\Local\Temp\cckoF0Cb.s 			page 111


 3126              		.loc 1 1293 3 is_stmt 0 view .LVU880
 3127 0034 41F21112 		movw	r2, #4369
 3128 0038 1142     		tst	r1, r2
 3129 003a 08D1     		bne	.L264
1293:Drivers/STM32F1xx_HAL_Driver/Src/stm32f1xx_hal_tim_ex.c **** 
 3130              		.loc 1 1293 3 is_stmt 1 discriminator 1 view .LVU881
 3131 003c 196A     		ldr	r1, [r3, #32]
 3132 003e 40F24442 		movw	r2, #1092
 3133 0042 1142     		tst	r1, r2
 3134 0044 03D1     		bne	.L264
1293:Drivers/STM32F1xx_HAL_Driver/Src/stm32f1xx_hal_tim_ex.c **** 
 3135              		.loc 1 1293 3 discriminator 3 view .LVU882
 3136 0046 5A6C     		ldr	r2, [r3, #68]
 3137 0048 22F40042 		bic	r2, r2, #32768
 3138 004c 5A64     		str	r2, [r3, #68]
 3139              	.L264:
1293:Drivers/STM32F1xx_HAL_Driver/Src/stm32f1xx_hal_tim_ex.c **** 
 3140              		.loc 1 1293 3 discriminator 5 view .LVU883
1296:Drivers/STM32F1xx_HAL_Driver/Src/stm32f1xx_hal_tim_ex.c **** 
 3141              		.loc 1 1296 3 discriminator 5 view .LVU884
1296:Drivers/STM32F1xx_HAL_Driver/Src/stm32f1xx_hal_tim_ex.c **** 
 3142              		.loc 1 1296 3 discriminator 5 view .LVU885
 3143 004e 2B68     		ldr	r3, [r5]
 3144 0050 196A     		ldr	r1, [r3, #32]
 3145 0052 41F21112 		movw	r2, #4369
 3146 0056 1142     		tst	r1, r2
 3147 0058 08D1     		bne	.L265
1296:Drivers/STM32F1xx_HAL_Driver/Src/stm32f1xx_hal_tim_ex.c **** 
 3148              		.loc 1 1296 3 discriminator 1 view .LVU886
 3149 005a 196A     		ldr	r1, [r3, #32]
 3150 005c 40F24442 		movw	r2, #1092
 3151 0060 1142     		tst	r1, r2
 3152 0062 03D1     		bne	.L265
1296:Drivers/STM32F1xx_HAL_Driver/Src/stm32f1xx_hal_tim_ex.c **** 
 3153              		.loc 1 1296 3 discriminator 3 view .LVU887
 3154 0064 1A68     		ldr	r2, [r3]
 3155 0066 22F00102 		bic	r2, r2, #1
 3156 006a 1A60     		str	r2, [r3]
 3157              	.L265:
1296:Drivers/STM32F1xx_HAL_Driver/Src/stm32f1xx_hal_tim_ex.c **** 
 3158              		.loc 1 1296 3 discriminator 5 view .LVU888
1299:Drivers/STM32F1xx_HAL_Driver/Src/stm32f1xx_hal_tim_ex.c **** 
 3159              		.loc 1 1299 3 discriminator 5 view .LVU889
 3160 006c B4B9     		cbnz	r4, .L266
1299:Drivers/STM32F1xx_HAL_Driver/Src/stm32f1xx_hal_tim_ex.c **** 
 3161              		.loc 1 1299 3 is_stmt 0 discriminator 1 view .LVU890
 3162 006e 0123     		movs	r3, #1
 3163 0070 85F84230 		strb	r3, [r5, #66]
 3164              	.L267:
1302:Drivers/STM32F1xx_HAL_Driver/Src/stm32f1xx_hal_tim_ex.c **** }
 3165              		.loc 1 1302 3 is_stmt 1 view .LVU891
1303:Drivers/STM32F1xx_HAL_Driver/Src/stm32f1xx_hal_tim_ex.c **** 
 3166              		.loc 1 1303 1 is_stmt 0 view .LVU892
 3167 0074 0020     		movs	r0, #0
 3168 0076 38BD     		pop	{r3, r4, r5, pc}
 3169              	.LVL207:
 3170              	.L271:
ARM GAS  C:\Users\Korisnik\AppData\Local\Temp\cckoF0Cb.s 			page 112


1260:Drivers/STM32F1xx_HAL_Driver/Src/stm32f1xx_hal_tim_ex.c ****       break;
 3171              		.loc 1 1260 7 is_stmt 1 view .LVU893
 3172 0078 0268     		ldr	r2, [r0]
 3173 007a D368     		ldr	r3, [r2, #12]
 3174 007c 23F00203 		bic	r3, r3, #2
 3175 0080 D360     		str	r3, [r2, #12]
1261:Drivers/STM32F1xx_HAL_Driver/Src/stm32f1xx_hal_tim_ex.c ****     }
 3176              		.loc 1 1261 7 view .LVU894
 3177 0082 C6E7     		b	.L262
 3178              	.L260:
1267:Drivers/STM32F1xx_HAL_Driver/Src/stm32f1xx_hal_tim_ex.c ****       break;
 3179              		.loc 1 1267 7 view .LVU895
 3180 0084 0268     		ldr	r2, [r0]
 3181 0086 D368     		ldr	r3, [r2, #12]
 3182 0088 23F00403 		bic	r3, r3, #4
 3183 008c D360     		str	r3, [r2, #12]
1268:Drivers/STM32F1xx_HAL_Driver/Src/stm32f1xx_hal_tim_ex.c ****     }
 3184              		.loc 1 1268 7 view .LVU896
 3185 008e C0E7     		b	.L262
 3186              	.L261:
1274:Drivers/STM32F1xx_HAL_Driver/Src/stm32f1xx_hal_tim_ex.c ****       break;
 3187              		.loc 1 1274 7 view .LVU897
 3188 0090 0268     		ldr	r2, [r0]
 3189 0092 D368     		ldr	r3, [r2, #12]
 3190 0094 23F00803 		bic	r3, r3, #8
 3191 0098 D360     		str	r3, [r2, #12]
1275:Drivers/STM32F1xx_HAL_Driver/Src/stm32f1xx_hal_tim_ex.c ****     }
 3192              		.loc 1 1275 7 view .LVU898
 3193 009a BAE7     		b	.L262
 3194              	.LVL208:
 3195              	.L266:
1299:Drivers/STM32F1xx_HAL_Driver/Src/stm32f1xx_hal_tim_ex.c **** 
 3196              		.loc 1 1299 3 is_stmt 0 discriminator 2 view .LVU899
 3197 009c 042C     		cmp	r4, #4
 3198 009e 05D0     		beq	.L272
1299:Drivers/STM32F1xx_HAL_Driver/Src/stm32f1xx_hal_tim_ex.c **** 
 3199              		.loc 1 1299 3 discriminator 4 view .LVU900
 3200 00a0 082C     		cmp	r4, #8
 3201 00a2 07D0     		beq	.L273
1299:Drivers/STM32F1xx_HAL_Driver/Src/stm32f1xx_hal_tim_ex.c **** 
 3202              		.loc 1 1299 3 discriminator 7 view .LVU901
 3203 00a4 0123     		movs	r3, #1
 3204 00a6 85F84530 		strb	r3, [r5, #69]
 3205 00aa E3E7     		b	.L267
 3206              	.L272:
1299:Drivers/STM32F1xx_HAL_Driver/Src/stm32f1xx_hal_tim_ex.c **** 
 3207              		.loc 1 1299 3 discriminator 3 view .LVU902
 3208 00ac 0123     		movs	r3, #1
 3209 00ae 85F84330 		strb	r3, [r5, #67]
 3210 00b2 DFE7     		b	.L267
 3211              	.L273:
1299:Drivers/STM32F1xx_HAL_Driver/Src/stm32f1xx_hal_tim_ex.c **** 
 3212              		.loc 1 1299 3 discriminator 6 view .LVU903
 3213 00b4 0123     		movs	r3, #1
 3214 00b6 85F84430 		strb	r3, [r5, #68]
 3215 00ba DBE7     		b	.L267
 3216              		.cfi_endproc
ARM GAS  C:\Users\Korisnik\AppData\Local\Temp\cckoF0Cb.s 			page 113


 3217              	.LFE84:
 3219              		.section	.text.HAL_TIMEx_PWMN_Start_DMA,"ax",%progbits
 3220              		.align	1
 3221              		.global	HAL_TIMEx_PWMN_Start_DMA
 3222              		.syntax unified
 3223              		.thumb
 3224              		.thumb_func
 3225              		.fpu softvfp
 3227              	HAL_TIMEx_PWMN_Start_DMA:
 3228              	.LVL209:
 3229              	.LFB85:
1319:Drivers/STM32F1xx_HAL_Driver/Src/stm32f1xx_hal_tim_ex.c ****   uint32_t tmpsmcr;
 3230              		.loc 1 1319 1 is_stmt 1 view -0
 3231              		.cfi_startproc
 3232              		@ args = 0, pretend = 0, frame = 0
 3233              		@ frame_needed = 0, uses_anonymous_args = 0
1319:Drivers/STM32F1xx_HAL_Driver/Src/stm32f1xx_hal_tim_ex.c ****   uint32_t tmpsmcr;
 3234              		.loc 1 1319 1 is_stmt 0 view .LVU905
 3235 0000 70B5     		push	{r4, r5, r6, lr}
 3236              	.LCFI24:
 3237              		.cfi_def_cfa_offset 16
 3238              		.cfi_offset 4, -16
 3239              		.cfi_offset 5, -12
 3240              		.cfi_offset 6, -8
 3241              		.cfi_offset 14, -4
 3242 0002 0446     		mov	r4, r0
 3243 0004 1646     		mov	r6, r2
1320:Drivers/STM32F1xx_HAL_Driver/Src/stm32f1xx_hal_tim_ex.c **** 
 3244              		.loc 1 1320 3 is_stmt 1 view .LVU906
1323:Drivers/STM32F1xx_HAL_Driver/Src/stm32f1xx_hal_tim_ex.c **** 
 3245              		.loc 1 1323 3 view .LVU907
1326:Drivers/STM32F1xx_HAL_Driver/Src/stm32f1xx_hal_tim_ex.c ****   {
 3246              		.loc 1 1326 3 view .LVU908
1326:Drivers/STM32F1xx_HAL_Driver/Src/stm32f1xx_hal_tim_ex.c ****   {
 3247              		.loc 1 1326 46 is_stmt 0 view .LVU909
 3248 0006 0D46     		mov	r5, r1
 3249 0008 0029     		cmp	r1, #0
 3250 000a 42D1     		bne	.L275
1326:Drivers/STM32F1xx_HAL_Driver/Src/stm32f1xx_hal_tim_ex.c ****   {
 3251              		.loc 1 1326 7 discriminator 1 view .LVU910
 3252 000c 90F84200 		ldrb	r0, [r0, #66]	@ zero_extendqisi2
 3253              	.LVL210:
1326:Drivers/STM32F1xx_HAL_Driver/Src/stm32f1xx_hal_tim_ex.c ****   {
 3254              		.loc 1 1326 7 discriminator 1 view .LVU911
 3255 0010 C0B2     		uxtb	r0, r0
1326:Drivers/STM32F1xx_HAL_Driver/Src/stm32f1xx_hal_tim_ex.c ****   {
 3256              		.loc 1 1326 46 discriminator 1 view .LVU912
 3257 0012 0228     		cmp	r0, #2
 3258 0014 14BF     		ite	ne
 3259 0016 0020     		movne	r0, #0
 3260 0018 0120     		moveq	r0, #1
 3261              	.L276:
1326:Drivers/STM32F1xx_HAL_Driver/Src/stm32f1xx_hal_tim_ex.c ****   {
 3262              		.loc 1 1326 6 discriminator 12 view .LVU913
 3263 001a 0028     		cmp	r0, #0
 3264 001c 40F0D480 		bne	.L294
1330:Drivers/STM32F1xx_HAL_Driver/Src/stm32f1xx_hal_tim_ex.c ****   {
ARM GAS  C:\Users\Korisnik\AppData\Local\Temp\cckoF0Cb.s 			page 114


 3265              		.loc 1 1330 8 is_stmt 1 view .LVU914
1330:Drivers/STM32F1xx_HAL_Driver/Src/stm32f1xx_hal_tim_ex.c ****   {
 3266              		.loc 1 1330 51 is_stmt 0 view .LVU915
 3267 0020 002D     		cmp	r5, #0
 3268 0022 52D1     		bne	.L280
1330:Drivers/STM32F1xx_HAL_Driver/Src/stm32f1xx_hal_tim_ex.c ****   {
 3269              		.loc 1 1330 12 discriminator 1 view .LVU916
 3270 0024 94F84220 		ldrb	r2, [r4, #66]	@ zero_extendqisi2
 3271              	.LVL211:
1330:Drivers/STM32F1xx_HAL_Driver/Src/stm32f1xx_hal_tim_ex.c ****   {
 3272              		.loc 1 1330 12 discriminator 1 view .LVU917
 3273 0028 D2B2     		uxtb	r2, r2
1330:Drivers/STM32F1xx_HAL_Driver/Src/stm32f1xx_hal_tim_ex.c ****   {
 3274              		.loc 1 1330 51 discriminator 1 view .LVU918
 3275 002a 012A     		cmp	r2, #1
 3276 002c 14BF     		ite	ne
 3277 002e 0022     		movne	r2, #0
 3278 0030 0122     		moveq	r2, #1
 3279              	.L281:
1330:Drivers/STM32F1xx_HAL_Driver/Src/stm32f1xx_hal_tim_ex.c ****   {
 3280              		.loc 1 1330 11 discriminator 12 view .LVU919
 3281 0032 002A     		cmp	r2, #0
 3282 0034 00F0CA80 		beq	.L295
1332:Drivers/STM32F1xx_HAL_Driver/Src/stm32f1xx_hal_tim_ex.c ****     {
 3283              		.loc 1 1332 5 is_stmt 1 view .LVU920
1332:Drivers/STM32F1xx_HAL_Driver/Src/stm32f1xx_hal_tim_ex.c ****     {
 3284              		.loc 1 1332 8 is_stmt 0 view .LVU921
 3285 0038 002E     		cmp	r6, #0
 3286 003a 62D0     		beq	.L302
 3287              	.L284:
1338:Drivers/STM32F1xx_HAL_Driver/Src/stm32f1xx_hal_tim_ex.c ****     }
 3288              		.loc 1 1338 7 is_stmt 1 view .LVU922
 3289 003c 002D     		cmp	r5, #0
 3290 003e 64D1     		bne	.L285
1338:Drivers/STM32F1xx_HAL_Driver/Src/stm32f1xx_hal_tim_ex.c ****     }
 3291              		.loc 1 1338 7 is_stmt 0 discriminator 1 view .LVU923
 3292 0040 0222     		movs	r2, #2
 3293 0042 84F84220 		strb	r2, [r4, #66]
 3294              	.L286:
1346:Drivers/STM32F1xx_HAL_Driver/Src/stm32f1xx_hal_tim_ex.c ****   {
 3295              		.loc 1 1346 3 is_stmt 1 view .LVU924
 3296 0046 042D     		cmp	r5, #4
 3297 0048 00F08680 		beq	.L289
 3298 004c 082D     		cmp	r5, #8
 3299 004e 00F09A80 		beq	.L290
 3300 0052 002D     		cmp	r5, #0
 3301 0054 69D0     		beq	.L303
 3302              	.LVL212:
 3303              	.L291:
1416:Drivers/STM32F1xx_HAL_Driver/Src/stm32f1xx_hal_tim_ex.c **** 
 3304              		.loc 1 1416 3 view .LVU925
 3305 0056 0422     		movs	r2, #4
 3306 0058 2946     		mov	r1, r5
 3307 005a 2068     		ldr	r0, [r4]
 3308 005c FFF7FEFF 		bl	TIM_CCxNChannelCmd
 3309              	.LVL213:
1419:Drivers/STM32F1xx_HAL_Driver/Src/stm32f1xx_hal_tim_ex.c **** 
ARM GAS  C:\Users\Korisnik\AppData\Local\Temp\cckoF0Cb.s 			page 115


 3310              		.loc 1 1419 3 view .LVU926
 3311 0060 2268     		ldr	r2, [r4]
 3312 0062 536C     		ldr	r3, [r2, #68]
 3313 0064 43F40043 		orr	r3, r3, #32768
 3314 0068 5364     		str	r3, [r2, #68]
1422:Drivers/STM32F1xx_HAL_Driver/Src/stm32f1xx_hal_tim_ex.c ****   {
 3315              		.loc 1 1422 3 view .LVU927
1422:Drivers/STM32F1xx_HAL_Driver/Src/stm32f1xx_hal_tim_ex.c ****   {
 3316              		.loc 1 1422 7 is_stmt 0 view .LVU928
 3317 006a 2368     		ldr	r3, [r4]
1422:Drivers/STM32F1xx_HAL_Driver/Src/stm32f1xx_hal_tim_ex.c ****   {
 3318              		.loc 1 1422 6 view .LVU929
 3319 006c 5C4A     		ldr	r2, .L310
 3320 006e 9342     		cmp	r3, r2
 3321 0070 00F09F80 		beq	.L292
1422:Drivers/STM32F1xx_HAL_Driver/Src/stm32f1xx_hal_tim_ex.c ****   {
 3322              		.loc 1 1422 7 discriminator 1 view .LVU930
 3323 0074 B3F1804F 		cmp	r3, #1073741824
 3324 0078 00F09B80 		beq	.L292
1422:Drivers/STM32F1xx_HAL_Driver/Src/stm32f1xx_hal_tim_ex.c ****   {
 3325              		.loc 1 1422 7 discriminator 2 view .LVU931
 3326 007c A2F59432 		sub	r2, r2, #75776
 3327 0080 9342     		cmp	r3, r2
 3328 0082 00F09680 		beq	.L292
1432:Drivers/STM32F1xx_HAL_Driver/Src/stm32f1xx_hal_tim_ex.c ****   }
 3329              		.loc 1 1432 5 is_stmt 1 view .LVU932
 3330 0086 1A68     		ldr	r2, [r3]
 3331 0088 42F00102 		orr	r2, r2, #1
 3332 008c 1A60     		str	r2, [r3]
1436:Drivers/STM32F1xx_HAL_Driver/Src/stm32f1xx_hal_tim_ex.c **** }
 3333              		.loc 1 1436 10 is_stmt 0 view .LVU933
 3334 008e 0020     		movs	r0, #0
 3335 0090 9DE0     		b	.L279
 3336              	.LVL214:
 3337              	.L275:
1326:Drivers/STM32F1xx_HAL_Driver/Src/stm32f1xx_hal_tim_ex.c ****   {
 3338              		.loc 1 1326 46 discriminator 2 view .LVU934
 3339 0092 0429     		cmp	r1, #4
 3340 0094 09D0     		beq	.L304
1326:Drivers/STM32F1xx_HAL_Driver/Src/stm32f1xx_hal_tim_ex.c ****   {
 3341              		.loc 1 1326 46 discriminator 5 view .LVU935
 3342 0096 0829     		cmp	r1, #8
 3343 0098 0FD0     		beq	.L305
1326:Drivers/STM32F1xx_HAL_Driver/Src/stm32f1xx_hal_tim_ex.c ****   {
 3344              		.loc 1 1326 7 discriminator 8 view .LVU936
 3345 009a 90F84500 		ldrb	r0, [r0, #69]	@ zero_extendqisi2
 3346              	.LVL215:
1326:Drivers/STM32F1xx_HAL_Driver/Src/stm32f1xx_hal_tim_ex.c ****   {
 3347              		.loc 1 1326 7 discriminator 8 view .LVU937
 3348 009e C0B2     		uxtb	r0, r0
1326:Drivers/STM32F1xx_HAL_Driver/Src/stm32f1xx_hal_tim_ex.c ****   {
 3349              		.loc 1 1326 46 discriminator 8 view .LVU938
 3350 00a0 0228     		cmp	r0, #2
 3351 00a2 14BF     		ite	ne
 3352 00a4 0020     		movne	r0, #0
 3353 00a6 0120     		moveq	r0, #1
 3354 00a8 B7E7     		b	.L276
ARM GAS  C:\Users\Korisnik\AppData\Local\Temp\cckoF0Cb.s 			page 116


 3355              	.LVL216:
 3356              	.L304:
1326:Drivers/STM32F1xx_HAL_Driver/Src/stm32f1xx_hal_tim_ex.c ****   {
 3357              		.loc 1 1326 7 discriminator 4 view .LVU939
 3358 00aa 90F84300 		ldrb	r0, [r0, #67]	@ zero_extendqisi2
 3359              	.LVL217:
1326:Drivers/STM32F1xx_HAL_Driver/Src/stm32f1xx_hal_tim_ex.c ****   {
 3360              		.loc 1 1326 7 discriminator 4 view .LVU940
 3361 00ae C0B2     		uxtb	r0, r0
1326:Drivers/STM32F1xx_HAL_Driver/Src/stm32f1xx_hal_tim_ex.c ****   {
 3362              		.loc 1 1326 46 discriminator 4 view .LVU941
 3363 00b0 0228     		cmp	r0, #2
 3364 00b2 14BF     		ite	ne
 3365 00b4 0020     		movne	r0, #0
 3366 00b6 0120     		moveq	r0, #1
 3367 00b8 AFE7     		b	.L276
 3368              	.LVL218:
 3369              	.L305:
1326:Drivers/STM32F1xx_HAL_Driver/Src/stm32f1xx_hal_tim_ex.c ****   {
 3370              		.loc 1 1326 7 discriminator 7 view .LVU942
 3371 00ba 90F84400 		ldrb	r0, [r0, #68]	@ zero_extendqisi2
 3372              	.LVL219:
1326:Drivers/STM32F1xx_HAL_Driver/Src/stm32f1xx_hal_tim_ex.c ****   {
 3373              		.loc 1 1326 7 discriminator 7 view .LVU943
 3374 00be C0B2     		uxtb	r0, r0
1326:Drivers/STM32F1xx_HAL_Driver/Src/stm32f1xx_hal_tim_ex.c ****   {
 3375              		.loc 1 1326 46 discriminator 7 view .LVU944
 3376 00c0 0228     		cmp	r0, #2
 3377 00c2 14BF     		ite	ne
 3378 00c4 0020     		movne	r0, #0
 3379 00c6 0120     		moveq	r0, #1
 3380 00c8 A7E7     		b	.L276
 3381              	.L280:
1330:Drivers/STM32F1xx_HAL_Driver/Src/stm32f1xx_hal_tim_ex.c ****   {
 3382              		.loc 1 1330 51 discriminator 2 view .LVU945
 3383 00ca 042D     		cmp	r5, #4
 3384 00cc 09D0     		beq	.L306
1330:Drivers/STM32F1xx_HAL_Driver/Src/stm32f1xx_hal_tim_ex.c ****   {
 3385              		.loc 1 1330 51 discriminator 5 view .LVU946
 3386 00ce 082D     		cmp	r5, #8
 3387 00d0 0FD0     		beq	.L307
1330:Drivers/STM32F1xx_HAL_Driver/Src/stm32f1xx_hal_tim_ex.c ****   {
 3388              		.loc 1 1330 12 discriminator 8 view .LVU947
 3389 00d2 94F84520 		ldrb	r2, [r4, #69]	@ zero_extendqisi2
 3390              	.LVL220:
1330:Drivers/STM32F1xx_HAL_Driver/Src/stm32f1xx_hal_tim_ex.c ****   {
 3391              		.loc 1 1330 12 discriminator 8 view .LVU948
 3392 00d6 D2B2     		uxtb	r2, r2
1330:Drivers/STM32F1xx_HAL_Driver/Src/stm32f1xx_hal_tim_ex.c ****   {
 3393              		.loc 1 1330 51 discriminator 8 view .LVU949
 3394 00d8 012A     		cmp	r2, #1
 3395 00da 14BF     		ite	ne
 3396 00dc 0022     		movne	r2, #0
 3397 00de 0122     		moveq	r2, #1
 3398 00e0 A7E7     		b	.L281
 3399              	.LVL221:
 3400              	.L306:
ARM GAS  C:\Users\Korisnik\AppData\Local\Temp\cckoF0Cb.s 			page 117


1330:Drivers/STM32F1xx_HAL_Driver/Src/stm32f1xx_hal_tim_ex.c ****   {
 3401              		.loc 1 1330 12 discriminator 4 view .LVU950
 3402 00e2 94F84320 		ldrb	r2, [r4, #67]	@ zero_extendqisi2
 3403              	.LVL222:
1330:Drivers/STM32F1xx_HAL_Driver/Src/stm32f1xx_hal_tim_ex.c ****   {
 3404              		.loc 1 1330 12 discriminator 4 view .LVU951
 3405 00e6 D2B2     		uxtb	r2, r2
1330:Drivers/STM32F1xx_HAL_Driver/Src/stm32f1xx_hal_tim_ex.c ****   {
 3406              		.loc 1 1330 51 discriminator 4 view .LVU952
 3407 00e8 012A     		cmp	r2, #1
 3408 00ea 14BF     		ite	ne
 3409 00ec 0022     		movne	r2, #0
 3410 00ee 0122     		moveq	r2, #1
 3411 00f0 9FE7     		b	.L281
 3412              	.LVL223:
 3413              	.L307:
1330:Drivers/STM32F1xx_HAL_Driver/Src/stm32f1xx_hal_tim_ex.c ****   {
 3414              		.loc 1 1330 12 discriminator 7 view .LVU953
 3415 00f2 94F84420 		ldrb	r2, [r4, #68]	@ zero_extendqisi2
 3416              	.LVL224:
1330:Drivers/STM32F1xx_HAL_Driver/Src/stm32f1xx_hal_tim_ex.c ****   {
 3417              		.loc 1 1330 12 discriminator 7 view .LVU954
 3418 00f6 D2B2     		uxtb	r2, r2
1330:Drivers/STM32F1xx_HAL_Driver/Src/stm32f1xx_hal_tim_ex.c ****   {
 3419              		.loc 1 1330 51 discriminator 7 view .LVU955
 3420 00f8 012A     		cmp	r2, #1
 3421 00fa 14BF     		ite	ne
 3422 00fc 0022     		movne	r2, #0
 3423 00fe 0122     		moveq	r2, #1
 3424 0100 97E7     		b	.L281
 3425              	.L302:
1332:Drivers/STM32F1xx_HAL_Driver/Src/stm32f1xx_hal_tim_ex.c ****     {
 3426              		.loc 1 1332 25 discriminator 1 view .LVU956
 3427 0102 002B     		cmp	r3, #0
 3428 0104 9AD0     		beq	.L284
1334:Drivers/STM32F1xx_HAL_Driver/Src/stm32f1xx_hal_tim_ex.c ****     }
 3429              		.loc 1 1334 14 view .LVU957
 3430 0106 0120     		movs	r0, #1
 3431 0108 61E0     		b	.L279
 3432              	.L285:
1338:Drivers/STM32F1xx_HAL_Driver/Src/stm32f1xx_hal_tim_ex.c ****     }
 3433              		.loc 1 1338 7 discriminator 2 view .LVU958
 3434 010a 042D     		cmp	r5, #4
 3435 010c 05D0     		beq	.L308
1338:Drivers/STM32F1xx_HAL_Driver/Src/stm32f1xx_hal_tim_ex.c ****     }
 3436              		.loc 1 1338 7 discriminator 4 view .LVU959
 3437 010e 082D     		cmp	r5, #8
 3438 0110 07D0     		beq	.L309
1338:Drivers/STM32F1xx_HAL_Driver/Src/stm32f1xx_hal_tim_ex.c ****     }
 3439              		.loc 1 1338 7 discriminator 7 view .LVU960
 3440 0112 0222     		movs	r2, #2
 3441 0114 84F84520 		strb	r2, [r4, #69]
 3442 0118 95E7     		b	.L286
 3443              	.L308:
1338:Drivers/STM32F1xx_HAL_Driver/Src/stm32f1xx_hal_tim_ex.c ****     }
 3444              		.loc 1 1338 7 discriminator 3 view .LVU961
 3445 011a 0222     		movs	r2, #2
ARM GAS  C:\Users\Korisnik\AppData\Local\Temp\cckoF0Cb.s 			page 118


 3446 011c 84F84320 		strb	r2, [r4, #67]
 3447 0120 91E7     		b	.L286
 3448              	.L309:
1338:Drivers/STM32F1xx_HAL_Driver/Src/stm32f1xx_hal_tim_ex.c ****     }
 3449              		.loc 1 1338 7 discriminator 6 view .LVU962
 3450 0122 0222     		movs	r2, #2
 3451 0124 84F84420 		strb	r2, [r4, #68]
 3452 0128 8DE7     		b	.L286
 3453              	.L303:
1351:Drivers/STM32F1xx_HAL_Driver/Src/stm32f1xx_hal_tim_ex.c ****       htim->hdma[TIM_DMA_ID_CC1]->XferHalfCpltCallback = TIM_DMADelayPulseHalfCplt;
 3454              		.loc 1 1351 7 is_stmt 1 view .LVU963
1351:Drivers/STM32F1xx_HAL_Driver/Src/stm32f1xx_hal_tim_ex.c ****       htim->hdma[TIM_DMA_ID_CC1]->XferHalfCpltCallback = TIM_DMADelayPulseHalfCplt;
 3455              		.loc 1 1351 17 is_stmt 0 view .LVU964
 3456 012a 626A     		ldr	r2, [r4, #36]
1351:Drivers/STM32F1xx_HAL_Driver/Src/stm32f1xx_hal_tim_ex.c ****       htim->hdma[TIM_DMA_ID_CC1]->XferHalfCpltCallback = TIM_DMADelayPulseHalfCplt;
 3457              		.loc 1 1351 52 view .LVU965
 3458 012c 2D49     		ldr	r1, .L310+4
 3459              	.LVL225:
1351:Drivers/STM32F1xx_HAL_Driver/Src/stm32f1xx_hal_tim_ex.c ****       htim->hdma[TIM_DMA_ID_CC1]->XferHalfCpltCallback = TIM_DMADelayPulseHalfCplt;
 3460              		.loc 1 1351 52 view .LVU966
 3461 012e 9162     		str	r1, [r2, #40]
1352:Drivers/STM32F1xx_HAL_Driver/Src/stm32f1xx_hal_tim_ex.c **** 
 3462              		.loc 1 1352 7 is_stmt 1 view .LVU967
1352:Drivers/STM32F1xx_HAL_Driver/Src/stm32f1xx_hal_tim_ex.c **** 
 3463              		.loc 1 1352 17 is_stmt 0 view .LVU968
 3464 0130 626A     		ldr	r2, [r4, #36]
1352:Drivers/STM32F1xx_HAL_Driver/Src/stm32f1xx_hal_tim_ex.c **** 
 3465              		.loc 1 1352 56 view .LVU969
 3466 0132 2D49     		ldr	r1, .L310+8
 3467 0134 D162     		str	r1, [r2, #44]
1355:Drivers/STM32F1xx_HAL_Driver/Src/stm32f1xx_hal_tim_ex.c **** 
 3468              		.loc 1 1355 7 is_stmt 1 view .LVU970
1355:Drivers/STM32F1xx_HAL_Driver/Src/stm32f1xx_hal_tim_ex.c **** 
 3469              		.loc 1 1355 17 is_stmt 0 view .LVU971
 3470 0136 626A     		ldr	r2, [r4, #36]
1355:Drivers/STM32F1xx_HAL_Driver/Src/stm32f1xx_hal_tim_ex.c **** 
 3471              		.loc 1 1355 53 view .LVU972
 3472 0138 2C49     		ldr	r1, .L310+12
 3473 013a 1163     		str	r1, [r2, #48]
1358:Drivers/STM32F1xx_HAL_Driver/Src/stm32f1xx_hal_tim_ex.c ****                          Length) != HAL_OK)
 3474              		.loc 1 1358 7 is_stmt 1 view .LVU973
1358:Drivers/STM32F1xx_HAL_Driver/Src/stm32f1xx_hal_tim_ex.c ****                          Length) != HAL_OK)
 3475              		.loc 1 1358 88 is_stmt 0 view .LVU974
 3476 013c 2268     		ldr	r2, [r4]
1358:Drivers/STM32F1xx_HAL_Driver/Src/stm32f1xx_hal_tim_ex.c ****                          Length) != HAL_OK)
 3477              		.loc 1 1358 11 view .LVU975
 3478 013e 3432     		adds	r2, r2, #52
 3479 0140 3146     		mov	r1, r6
 3480 0142 606A     		ldr	r0, [r4, #36]
 3481 0144 FFF7FEFF 		bl	HAL_DMA_Start_IT
 3482              	.LVL226:
1358:Drivers/STM32F1xx_HAL_Driver/Src/stm32f1xx_hal_tim_ex.c ****                          Length) != HAL_OK)
 3483              		.loc 1 1358 10 view .LVU976
 3484 0148 0028     		cmp	r0, #0
 3485 014a 41D1     		bne	.L297
1365:Drivers/STM32F1xx_HAL_Driver/Src/stm32f1xx_hal_tim_ex.c ****       break;
 3486              		.loc 1 1365 7 is_stmt 1 view .LVU977
ARM GAS  C:\Users\Korisnik\AppData\Local\Temp\cckoF0Cb.s 			page 119


 3487 014c 2268     		ldr	r2, [r4]
 3488 014e D368     		ldr	r3, [r2, #12]
 3489 0150 43F40073 		orr	r3, r3, #512
 3490 0154 D360     		str	r3, [r2, #12]
1366:Drivers/STM32F1xx_HAL_Driver/Src/stm32f1xx_hal_tim_ex.c ****     }
 3491              		.loc 1 1366 7 view .LVU978
 3492 0156 7EE7     		b	.L291
 3493              	.LVL227:
 3494              	.L289:
1372:Drivers/STM32F1xx_HAL_Driver/Src/stm32f1xx_hal_tim_ex.c ****       htim->hdma[TIM_DMA_ID_CC2]->XferHalfCpltCallback = TIM_DMADelayPulseHalfCplt;
 3495              		.loc 1 1372 7 view .LVU979
1372:Drivers/STM32F1xx_HAL_Driver/Src/stm32f1xx_hal_tim_ex.c ****       htim->hdma[TIM_DMA_ID_CC2]->XferHalfCpltCallback = TIM_DMADelayPulseHalfCplt;
 3496              		.loc 1 1372 17 is_stmt 0 view .LVU980
 3497 0158 A26A     		ldr	r2, [r4, #40]
1372:Drivers/STM32F1xx_HAL_Driver/Src/stm32f1xx_hal_tim_ex.c ****       htim->hdma[TIM_DMA_ID_CC2]->XferHalfCpltCallback = TIM_DMADelayPulseHalfCplt;
 3498              		.loc 1 1372 52 view .LVU981
 3499 015a 2249     		ldr	r1, .L310+4
 3500              	.LVL228:
1372:Drivers/STM32F1xx_HAL_Driver/Src/stm32f1xx_hal_tim_ex.c ****       htim->hdma[TIM_DMA_ID_CC2]->XferHalfCpltCallback = TIM_DMADelayPulseHalfCplt;
 3501              		.loc 1 1372 52 view .LVU982
 3502 015c 9162     		str	r1, [r2, #40]
1373:Drivers/STM32F1xx_HAL_Driver/Src/stm32f1xx_hal_tim_ex.c **** 
 3503              		.loc 1 1373 7 is_stmt 1 view .LVU983
1373:Drivers/STM32F1xx_HAL_Driver/Src/stm32f1xx_hal_tim_ex.c **** 
 3504              		.loc 1 1373 17 is_stmt 0 view .LVU984
 3505 015e A26A     		ldr	r2, [r4, #40]
1373:Drivers/STM32F1xx_HAL_Driver/Src/stm32f1xx_hal_tim_ex.c **** 
 3506              		.loc 1 1373 56 view .LVU985
 3507 0160 2149     		ldr	r1, .L310+8
 3508 0162 D162     		str	r1, [r2, #44]
1376:Drivers/STM32F1xx_HAL_Driver/Src/stm32f1xx_hal_tim_ex.c **** 
 3509              		.loc 1 1376 7 is_stmt 1 view .LVU986
1376:Drivers/STM32F1xx_HAL_Driver/Src/stm32f1xx_hal_tim_ex.c **** 
 3510              		.loc 1 1376 17 is_stmt 0 view .LVU987
 3511 0164 A26A     		ldr	r2, [r4, #40]
1376:Drivers/STM32F1xx_HAL_Driver/Src/stm32f1xx_hal_tim_ex.c **** 
 3512              		.loc 1 1376 53 view .LVU988
 3513 0166 2149     		ldr	r1, .L310+12
 3514 0168 1163     		str	r1, [r2, #48]
1379:Drivers/STM32F1xx_HAL_Driver/Src/stm32f1xx_hal_tim_ex.c ****                          Length) != HAL_OK)
 3515              		.loc 1 1379 7 is_stmt 1 view .LVU989
1379:Drivers/STM32F1xx_HAL_Driver/Src/stm32f1xx_hal_tim_ex.c ****                          Length) != HAL_OK)
 3516              		.loc 1 1379 88 is_stmt 0 view .LVU990
 3517 016a 2268     		ldr	r2, [r4]
1379:Drivers/STM32F1xx_HAL_Driver/Src/stm32f1xx_hal_tim_ex.c ****                          Length) != HAL_OK)
 3518              		.loc 1 1379 11 view .LVU991
 3519 016c 3832     		adds	r2, r2, #56
 3520 016e 3146     		mov	r1, r6
 3521 0170 A06A     		ldr	r0, [r4, #40]
 3522 0172 FFF7FEFF 		bl	HAL_DMA_Start_IT
 3523              	.LVL229:
1379:Drivers/STM32F1xx_HAL_Driver/Src/stm32f1xx_hal_tim_ex.c ****                          Length) != HAL_OK)
 3524              		.loc 1 1379 10 view .LVU992
 3525 0176 0028     		cmp	r0, #0
 3526 0178 2CD1     		bne	.L298
1386:Drivers/STM32F1xx_HAL_Driver/Src/stm32f1xx_hal_tim_ex.c ****       break;
 3527              		.loc 1 1386 7 is_stmt 1 view .LVU993
ARM GAS  C:\Users\Korisnik\AppData\Local\Temp\cckoF0Cb.s 			page 120


 3528 017a 2268     		ldr	r2, [r4]
 3529 017c D368     		ldr	r3, [r2, #12]
 3530 017e 43F48063 		orr	r3, r3, #1024
 3531 0182 D360     		str	r3, [r2, #12]
1387:Drivers/STM32F1xx_HAL_Driver/Src/stm32f1xx_hal_tim_ex.c ****     }
 3532              		.loc 1 1387 7 view .LVU994
 3533 0184 67E7     		b	.L291
 3534              	.LVL230:
 3535              	.L290:
1393:Drivers/STM32F1xx_HAL_Driver/Src/stm32f1xx_hal_tim_ex.c ****       htim->hdma[TIM_DMA_ID_CC3]->XferHalfCpltCallback = TIM_DMADelayPulseHalfCplt;
 3536              		.loc 1 1393 7 view .LVU995
1393:Drivers/STM32F1xx_HAL_Driver/Src/stm32f1xx_hal_tim_ex.c ****       htim->hdma[TIM_DMA_ID_CC3]->XferHalfCpltCallback = TIM_DMADelayPulseHalfCplt;
 3537              		.loc 1 1393 17 is_stmt 0 view .LVU996
 3538 0186 E26A     		ldr	r2, [r4, #44]
1393:Drivers/STM32F1xx_HAL_Driver/Src/stm32f1xx_hal_tim_ex.c ****       htim->hdma[TIM_DMA_ID_CC3]->XferHalfCpltCallback = TIM_DMADelayPulseHalfCplt;
 3539              		.loc 1 1393 52 view .LVU997
 3540 0188 1649     		ldr	r1, .L310+4
 3541              	.LVL231:
1393:Drivers/STM32F1xx_HAL_Driver/Src/stm32f1xx_hal_tim_ex.c ****       htim->hdma[TIM_DMA_ID_CC3]->XferHalfCpltCallback = TIM_DMADelayPulseHalfCplt;
 3542              		.loc 1 1393 52 view .LVU998
 3543 018a 9162     		str	r1, [r2, #40]
1394:Drivers/STM32F1xx_HAL_Driver/Src/stm32f1xx_hal_tim_ex.c **** 
 3544              		.loc 1 1394 7 is_stmt 1 view .LVU999
1394:Drivers/STM32F1xx_HAL_Driver/Src/stm32f1xx_hal_tim_ex.c **** 
 3545              		.loc 1 1394 17 is_stmt 0 view .LVU1000
 3546 018c E26A     		ldr	r2, [r4, #44]
1394:Drivers/STM32F1xx_HAL_Driver/Src/stm32f1xx_hal_tim_ex.c **** 
 3547              		.loc 1 1394 56 view .LVU1001
 3548 018e 1649     		ldr	r1, .L310+8
 3549 0190 D162     		str	r1, [r2, #44]
1397:Drivers/STM32F1xx_HAL_Driver/Src/stm32f1xx_hal_tim_ex.c **** 
 3550              		.loc 1 1397 7 is_stmt 1 view .LVU1002
1397:Drivers/STM32F1xx_HAL_Driver/Src/stm32f1xx_hal_tim_ex.c **** 
 3551              		.loc 1 1397 17 is_stmt 0 view .LVU1003
 3552 0192 E26A     		ldr	r2, [r4, #44]
1397:Drivers/STM32F1xx_HAL_Driver/Src/stm32f1xx_hal_tim_ex.c **** 
 3553              		.loc 1 1397 53 view .LVU1004
 3554 0194 1549     		ldr	r1, .L310+12
 3555 0196 1163     		str	r1, [r2, #48]
1400:Drivers/STM32F1xx_HAL_Driver/Src/stm32f1xx_hal_tim_ex.c ****                          Length) != HAL_OK)
 3556              		.loc 1 1400 7 is_stmt 1 view .LVU1005
1400:Drivers/STM32F1xx_HAL_Driver/Src/stm32f1xx_hal_tim_ex.c ****                          Length) != HAL_OK)
 3557              		.loc 1 1400 88 is_stmt 0 view .LVU1006
 3558 0198 2268     		ldr	r2, [r4]
1400:Drivers/STM32F1xx_HAL_Driver/Src/stm32f1xx_hal_tim_ex.c ****                          Length) != HAL_OK)
 3559              		.loc 1 1400 11 view .LVU1007
 3560 019a 3C32     		adds	r2, r2, #60
 3561 019c 3146     		mov	r1, r6
 3562 019e E06A     		ldr	r0, [r4, #44]
 3563 01a0 FFF7FEFF 		bl	HAL_DMA_Start_IT
 3564              	.LVL232:
1400:Drivers/STM32F1xx_HAL_Driver/Src/stm32f1xx_hal_tim_ex.c ****                          Length) != HAL_OK)
 3565              		.loc 1 1400 10 view .LVU1008
 3566 01a4 C0B9     		cbnz	r0, .L299
1407:Drivers/STM32F1xx_HAL_Driver/Src/stm32f1xx_hal_tim_ex.c ****       break;
 3567              		.loc 1 1407 7 is_stmt 1 view .LVU1009
 3568 01a6 2268     		ldr	r2, [r4]
ARM GAS  C:\Users\Korisnik\AppData\Local\Temp\cckoF0Cb.s 			page 121


 3569 01a8 D368     		ldr	r3, [r2, #12]
 3570 01aa 43F40063 		orr	r3, r3, #2048
 3571 01ae D360     		str	r3, [r2, #12]
1408:Drivers/STM32F1xx_HAL_Driver/Src/stm32f1xx_hal_tim_ex.c ****     }
 3572              		.loc 1 1408 7 view .LVU1010
 3573 01b0 51E7     		b	.L291
 3574              	.L292:
1424:Drivers/STM32F1xx_HAL_Driver/Src/stm32f1xx_hal_tim_ex.c ****     if (!IS_TIM_SLAVEMODE_TRIGGER_ENABLED(tmpsmcr))
 3575              		.loc 1 1424 5 view .LVU1011
1424:Drivers/STM32F1xx_HAL_Driver/Src/stm32f1xx_hal_tim_ex.c ****     if (!IS_TIM_SLAVEMODE_TRIGGER_ENABLED(tmpsmcr))
 3576              		.loc 1 1424 29 is_stmt 0 view .LVU1012
 3577 01b2 9A68     		ldr	r2, [r3, #8]
1424:Drivers/STM32F1xx_HAL_Driver/Src/stm32f1xx_hal_tim_ex.c ****     if (!IS_TIM_SLAVEMODE_TRIGGER_ENABLED(tmpsmcr))
 3578              		.loc 1 1424 13 view .LVU1013
 3579 01b4 02F00702 		and	r2, r2, #7
 3580              	.LVL233:
1425:Drivers/STM32F1xx_HAL_Driver/Src/stm32f1xx_hal_tim_ex.c ****     {
 3581              		.loc 1 1425 5 is_stmt 1 view .LVU1014
1425:Drivers/STM32F1xx_HAL_Driver/Src/stm32f1xx_hal_tim_ex.c ****     {
 3582              		.loc 1 1425 8 is_stmt 0 view .LVU1015
 3583 01b8 062A     		cmp	r2, #6
 3584 01ba 0FD0     		beq	.L300
1427:Drivers/STM32F1xx_HAL_Driver/Src/stm32f1xx_hal_tim_ex.c ****     }
 3585              		.loc 1 1427 7 is_stmt 1 view .LVU1016
 3586 01bc 1A68     		ldr	r2, [r3]
 3587              	.LVL234:
1427:Drivers/STM32F1xx_HAL_Driver/Src/stm32f1xx_hal_tim_ex.c ****     }
 3588              		.loc 1 1427 7 is_stmt 0 view .LVU1017
 3589 01be 42F00102 		orr	r2, r2, #1
 3590 01c2 1A60     		str	r2, [r3]
1436:Drivers/STM32F1xx_HAL_Driver/Src/stm32f1xx_hal_tim_ex.c **** }
 3591              		.loc 1 1436 10 view .LVU1018
 3592 01c4 0020     		movs	r0, #0
 3593 01c6 02E0     		b	.L279
 3594              	.LVL235:
 3595              	.L294:
1328:Drivers/STM32F1xx_HAL_Driver/Src/stm32f1xx_hal_tim_ex.c ****   }
 3596              		.loc 1 1328 12 view .LVU1019
 3597 01c8 0220     		movs	r0, #2
 3598 01ca 00E0     		b	.L279
 3599              	.LVL236:
 3600              	.L295:
1343:Drivers/STM32F1xx_HAL_Driver/Src/stm32f1xx_hal_tim_ex.c ****   }
 3601              		.loc 1 1343 12 view .LVU1020
 3602 01cc 0120     		movs	r0, #1
 3603              	.LVL237:
 3604              	.L279:
1437:Drivers/STM32F1xx_HAL_Driver/Src/stm32f1xx_hal_tim_ex.c **** 
 3605              		.loc 1 1437 1 view .LVU1021
 3606 01ce 70BD     		pop	{r4, r5, r6, pc}
 3607              	.LVL238:
 3608              	.L297:
1362:Drivers/STM32F1xx_HAL_Driver/Src/stm32f1xx_hal_tim_ex.c ****       }
 3609              		.loc 1 1362 16 view .LVU1022
 3610 01d0 0120     		movs	r0, #1
 3611 01d2 FCE7     		b	.L279
 3612              	.L298:
ARM GAS  C:\Users\Korisnik\AppData\Local\Temp\cckoF0Cb.s 			page 122


1383:Drivers/STM32F1xx_HAL_Driver/Src/stm32f1xx_hal_tim_ex.c ****       }
 3613              		.loc 1 1383 16 view .LVU1023
 3614 01d4 0120     		movs	r0, #1
 3615 01d6 FAE7     		b	.L279
 3616              	.L299:
1404:Drivers/STM32F1xx_HAL_Driver/Src/stm32f1xx_hal_tim_ex.c ****       }
 3617              		.loc 1 1404 16 view .LVU1024
 3618 01d8 0120     		movs	r0, #1
 3619 01da F8E7     		b	.L279
 3620              	.LVL239:
 3621              	.L300:
1436:Drivers/STM32F1xx_HAL_Driver/Src/stm32f1xx_hal_tim_ex.c **** }
 3622              		.loc 1 1436 10 view .LVU1025
 3623 01dc 0020     		movs	r0, #0
 3624 01de F6E7     		b	.L279
 3625              	.L311:
 3626              		.align	2
 3627              	.L310:
 3628 01e0 002C0140 		.word	1073818624
 3629 01e4 00000000 		.word	TIM_DMADelayPulseNCplt
 3630 01e8 00000000 		.word	TIM_DMADelayPulseHalfCplt
 3631 01ec 00000000 		.word	TIM_DMAErrorCCxN
 3632              		.cfi_endproc
 3633              	.LFE85:
 3635              		.section	.text.HAL_TIMEx_PWMN_Stop_DMA,"ax",%progbits
 3636              		.align	1
 3637              		.global	HAL_TIMEx_PWMN_Stop_DMA
 3638              		.syntax unified
 3639              		.thumb
 3640              		.thumb_func
 3641              		.fpu softvfp
 3643              	HAL_TIMEx_PWMN_Stop_DMA:
 3644              	.LVL240:
 3645              	.LFB86:
1451:Drivers/STM32F1xx_HAL_Driver/Src/stm32f1xx_hal_tim_ex.c ****   /* Check the parameters */
 3646              		.loc 1 1451 1 is_stmt 1 view -0
 3647              		.cfi_startproc
 3648              		@ args = 0, pretend = 0, frame = 0
 3649              		@ frame_needed = 0, uses_anonymous_args = 0
1451:Drivers/STM32F1xx_HAL_Driver/Src/stm32f1xx_hal_tim_ex.c ****   /* Check the parameters */
 3650              		.loc 1 1451 1 is_stmt 0 view .LVU1027
 3651 0000 38B5     		push	{r3, r4, r5, lr}
 3652              	.LCFI25:
 3653              		.cfi_def_cfa_offset 16
 3654              		.cfi_offset 3, -16
 3655              		.cfi_offset 4, -12
 3656              		.cfi_offset 5, -8
 3657              		.cfi_offset 14, -4
 3658 0002 0546     		mov	r5, r0
 3659 0004 0C46     		mov	r4, r1
1453:Drivers/STM32F1xx_HAL_Driver/Src/stm32f1xx_hal_tim_ex.c **** 
 3660              		.loc 1 1453 3 is_stmt 1 view .LVU1028
1455:Drivers/STM32F1xx_HAL_Driver/Src/stm32f1xx_hal_tim_ex.c ****   {
 3661              		.loc 1 1455 3 view .LVU1029
 3662 0006 0429     		cmp	r1, #4
 3663 0008 34D0     		beq	.L313
 3664 000a 0829     		cmp	r1, #8
ARM GAS  C:\Users\Korisnik\AppData\Local\Temp\cckoF0Cb.s 			page 123


 3665 000c 3BD0     		beq	.L314
 3666 000e 41B3     		cbz	r1, .L323
 3667              	.LVL241:
 3668              	.L315:
1486:Drivers/STM32F1xx_HAL_Driver/Src/stm32f1xx_hal_tim_ex.c **** 
 3669              		.loc 1 1486 3 view .LVU1030
 3670 0010 0022     		movs	r2, #0
 3671 0012 2146     		mov	r1, r4
 3672 0014 2868     		ldr	r0, [r5]
 3673 0016 FFF7FEFF 		bl	TIM_CCxNChannelCmd
 3674              	.LVL242:
1489:Drivers/STM32F1xx_HAL_Driver/Src/stm32f1xx_hal_tim_ex.c **** 
 3675              		.loc 1 1489 3 view .LVU1031
1489:Drivers/STM32F1xx_HAL_Driver/Src/stm32f1xx_hal_tim_ex.c **** 
 3676              		.loc 1 1489 3 view .LVU1032
 3677 001a 2B68     		ldr	r3, [r5]
 3678 001c 196A     		ldr	r1, [r3, #32]
 3679 001e 41F21112 		movw	r2, #4369
 3680 0022 1142     		tst	r1, r2
 3681 0024 08D1     		bne	.L316
1489:Drivers/STM32F1xx_HAL_Driver/Src/stm32f1xx_hal_tim_ex.c **** 
 3682              		.loc 1 1489 3 discriminator 1 view .LVU1033
 3683 0026 196A     		ldr	r1, [r3, #32]
 3684 0028 40F24442 		movw	r2, #1092
 3685 002c 1142     		tst	r1, r2
 3686 002e 03D1     		bne	.L316
1489:Drivers/STM32F1xx_HAL_Driver/Src/stm32f1xx_hal_tim_ex.c **** 
 3687              		.loc 1 1489 3 discriminator 3 view .LVU1034
 3688 0030 5A6C     		ldr	r2, [r3, #68]
 3689 0032 22F40042 		bic	r2, r2, #32768
 3690 0036 5A64     		str	r2, [r3, #68]
 3691              	.L316:
1489:Drivers/STM32F1xx_HAL_Driver/Src/stm32f1xx_hal_tim_ex.c **** 
 3692              		.loc 1 1489 3 discriminator 5 view .LVU1035
1492:Drivers/STM32F1xx_HAL_Driver/Src/stm32f1xx_hal_tim_ex.c **** 
 3693              		.loc 1 1492 3 discriminator 5 view .LVU1036
1492:Drivers/STM32F1xx_HAL_Driver/Src/stm32f1xx_hal_tim_ex.c **** 
 3694              		.loc 1 1492 3 discriminator 5 view .LVU1037
 3695 0038 2B68     		ldr	r3, [r5]
 3696 003a 196A     		ldr	r1, [r3, #32]
 3697 003c 41F21112 		movw	r2, #4369
 3698 0040 1142     		tst	r1, r2
 3699 0042 08D1     		bne	.L317
1492:Drivers/STM32F1xx_HAL_Driver/Src/stm32f1xx_hal_tim_ex.c **** 
 3700              		.loc 1 1492 3 discriminator 1 view .LVU1038
 3701 0044 196A     		ldr	r1, [r3, #32]
 3702 0046 40F24442 		movw	r2, #1092
 3703 004a 1142     		tst	r1, r2
 3704 004c 03D1     		bne	.L317
1492:Drivers/STM32F1xx_HAL_Driver/Src/stm32f1xx_hal_tim_ex.c **** 
 3705              		.loc 1 1492 3 discriminator 3 view .LVU1039
 3706 004e 1A68     		ldr	r2, [r3]
 3707 0050 22F00102 		bic	r2, r2, #1
 3708 0054 1A60     		str	r2, [r3]
 3709              	.L317:
1492:Drivers/STM32F1xx_HAL_Driver/Src/stm32f1xx_hal_tim_ex.c **** 
 3710              		.loc 1 1492 3 discriminator 5 view .LVU1040
ARM GAS  C:\Users\Korisnik\AppData\Local\Temp\cckoF0Cb.s 			page 124


1495:Drivers/STM32F1xx_HAL_Driver/Src/stm32f1xx_hal_tim_ex.c **** 
 3711              		.loc 1 1495 3 discriminator 5 view .LVU1041
 3712 0056 FCB9     		cbnz	r4, .L318
1495:Drivers/STM32F1xx_HAL_Driver/Src/stm32f1xx_hal_tim_ex.c **** 
 3713              		.loc 1 1495 3 is_stmt 0 discriminator 1 view .LVU1042
 3714 0058 0123     		movs	r3, #1
 3715 005a 85F84230 		strb	r3, [r5, #66]
 3716              	.L319:
1498:Drivers/STM32F1xx_HAL_Driver/Src/stm32f1xx_hal_tim_ex.c **** }
 3717              		.loc 1 1498 3 is_stmt 1 view .LVU1043
1499:Drivers/STM32F1xx_HAL_Driver/Src/stm32f1xx_hal_tim_ex.c **** 
 3718              		.loc 1 1499 1 is_stmt 0 view .LVU1044
 3719 005e 0020     		movs	r0, #0
 3720 0060 38BD     		pop	{r3, r4, r5, pc}
 3721              	.LVL243:
 3722              	.L323:
1460:Drivers/STM32F1xx_HAL_Driver/Src/stm32f1xx_hal_tim_ex.c ****       (void)HAL_DMA_Abort_IT(htim->hdma[TIM_DMA_ID_CC1]);
 3723              		.loc 1 1460 7 is_stmt 1 view .LVU1045
 3724 0062 0268     		ldr	r2, [r0]
 3725 0064 D368     		ldr	r3, [r2, #12]
 3726 0066 23F40073 		bic	r3, r3, #512
 3727 006a D360     		str	r3, [r2, #12]
1461:Drivers/STM32F1xx_HAL_Driver/Src/stm32f1xx_hal_tim_ex.c ****       break;
 3728              		.loc 1 1461 7 view .LVU1046
1461:Drivers/STM32F1xx_HAL_Driver/Src/stm32f1xx_hal_tim_ex.c ****       break;
 3729              		.loc 1 1461 13 is_stmt 0 view .LVU1047
 3730 006c 406A     		ldr	r0, [r0, #36]
 3731              	.LVL244:
1461:Drivers/STM32F1xx_HAL_Driver/Src/stm32f1xx_hal_tim_ex.c ****       break;
 3732              		.loc 1 1461 13 view .LVU1048
 3733 006e FFF7FEFF 		bl	HAL_DMA_Abort_IT
 3734              	.LVL245:
1462:Drivers/STM32F1xx_HAL_Driver/Src/stm32f1xx_hal_tim_ex.c ****     }
 3735              		.loc 1 1462 7 is_stmt 1 view .LVU1049
 3736 0072 CDE7     		b	.L315
 3737              	.LVL246:
 3738              	.L313:
1468:Drivers/STM32F1xx_HAL_Driver/Src/stm32f1xx_hal_tim_ex.c ****       (void)HAL_DMA_Abort_IT(htim->hdma[TIM_DMA_ID_CC2]);
 3739              		.loc 1 1468 7 view .LVU1050
 3740 0074 0268     		ldr	r2, [r0]
 3741 0076 D368     		ldr	r3, [r2, #12]
 3742 0078 23F48063 		bic	r3, r3, #1024
 3743 007c D360     		str	r3, [r2, #12]
1469:Drivers/STM32F1xx_HAL_Driver/Src/stm32f1xx_hal_tim_ex.c ****       break;
 3744              		.loc 1 1469 7 view .LVU1051
1469:Drivers/STM32F1xx_HAL_Driver/Src/stm32f1xx_hal_tim_ex.c ****       break;
 3745              		.loc 1 1469 13 is_stmt 0 view .LVU1052
 3746 007e 806A     		ldr	r0, [r0, #40]
 3747              	.LVL247:
1469:Drivers/STM32F1xx_HAL_Driver/Src/stm32f1xx_hal_tim_ex.c ****       break;
 3748              		.loc 1 1469 13 view .LVU1053
 3749 0080 FFF7FEFF 		bl	HAL_DMA_Abort_IT
 3750              	.LVL248:
1470:Drivers/STM32F1xx_HAL_Driver/Src/stm32f1xx_hal_tim_ex.c ****     }
 3751              		.loc 1 1470 7 is_stmt 1 view .LVU1054
 3752 0084 C4E7     		b	.L315
 3753              	.LVL249:
ARM GAS  C:\Users\Korisnik\AppData\Local\Temp\cckoF0Cb.s 			page 125


 3754              	.L314:
1476:Drivers/STM32F1xx_HAL_Driver/Src/stm32f1xx_hal_tim_ex.c ****       (void)HAL_DMA_Abort_IT(htim->hdma[TIM_DMA_ID_CC3]);
 3755              		.loc 1 1476 7 view .LVU1055
 3756 0086 0268     		ldr	r2, [r0]
 3757 0088 D368     		ldr	r3, [r2, #12]
 3758 008a 23F40063 		bic	r3, r3, #2048
 3759 008e D360     		str	r3, [r2, #12]
1477:Drivers/STM32F1xx_HAL_Driver/Src/stm32f1xx_hal_tim_ex.c ****       break;
 3760              		.loc 1 1477 7 view .LVU1056
1477:Drivers/STM32F1xx_HAL_Driver/Src/stm32f1xx_hal_tim_ex.c ****       break;
 3761              		.loc 1 1477 13 is_stmt 0 view .LVU1057
 3762 0090 C06A     		ldr	r0, [r0, #44]
 3763              	.LVL250:
1477:Drivers/STM32F1xx_HAL_Driver/Src/stm32f1xx_hal_tim_ex.c ****       break;
 3764              		.loc 1 1477 13 view .LVU1058
 3765 0092 FFF7FEFF 		bl	HAL_DMA_Abort_IT
 3766              	.LVL251:
1478:Drivers/STM32F1xx_HAL_Driver/Src/stm32f1xx_hal_tim_ex.c ****     }
 3767              		.loc 1 1478 7 is_stmt 1 view .LVU1059
 3768 0096 BBE7     		b	.L315
 3769              	.L318:
1495:Drivers/STM32F1xx_HAL_Driver/Src/stm32f1xx_hal_tim_ex.c **** 
 3770              		.loc 1 1495 3 is_stmt 0 discriminator 2 view .LVU1060
 3771 0098 042C     		cmp	r4, #4
 3772 009a 05D0     		beq	.L324
1495:Drivers/STM32F1xx_HAL_Driver/Src/stm32f1xx_hal_tim_ex.c **** 
 3773              		.loc 1 1495 3 discriminator 4 view .LVU1061
 3774 009c 082C     		cmp	r4, #8
 3775 009e 07D0     		beq	.L325
1495:Drivers/STM32F1xx_HAL_Driver/Src/stm32f1xx_hal_tim_ex.c **** 
 3776              		.loc 1 1495 3 discriminator 7 view .LVU1062
 3777 00a0 0123     		movs	r3, #1
 3778 00a2 85F84530 		strb	r3, [r5, #69]
 3779 00a6 DAE7     		b	.L319
 3780              	.L324:
1495:Drivers/STM32F1xx_HAL_Driver/Src/stm32f1xx_hal_tim_ex.c **** 
 3781              		.loc 1 1495 3 discriminator 3 view .LVU1063
 3782 00a8 0123     		movs	r3, #1
 3783 00aa 85F84330 		strb	r3, [r5, #67]
 3784 00ae D6E7     		b	.L319
 3785              	.L325:
1495:Drivers/STM32F1xx_HAL_Driver/Src/stm32f1xx_hal_tim_ex.c **** 
 3786              		.loc 1 1495 3 discriminator 6 view .LVU1064
 3787 00b0 0123     		movs	r3, #1
 3788 00b2 85F84430 		strb	r3, [r5, #68]
 3789 00b6 D2E7     		b	.L319
 3790              		.cfi_endproc
 3791              	.LFE86:
 3793              		.section	.text.HAL_TIMEx_OnePulseN_Start,"ax",%progbits
 3794              		.align	1
 3795              		.global	HAL_TIMEx_OnePulseN_Start
 3796              		.syntax unified
 3797              		.thumb
 3798              		.thumb_func
 3799              		.fpu softvfp
 3801              	HAL_TIMEx_OnePulseN_Start:
 3802              	.LVL252:
ARM GAS  C:\Users\Korisnik\AppData\Local\Temp\cckoF0Cb.s 			page 126


 3803              	.LFB87:
1536:Drivers/STM32F1xx_HAL_Driver/Src/stm32f1xx_hal_tim_ex.c ****   uint32_t input_channel = (OutputChannel == TIM_CHANNEL_1) ? TIM_CHANNEL_2 : TIM_CHANNEL_1;
 3804              		.loc 1 1536 1 is_stmt 1 view -0
 3805              		.cfi_startproc
 3806              		@ args = 0, pretend = 0, frame = 0
 3807              		@ frame_needed = 0, uses_anonymous_args = 0
1536:Drivers/STM32F1xx_HAL_Driver/Src/stm32f1xx_hal_tim_ex.c ****   uint32_t input_channel = (OutputChannel == TIM_CHANNEL_1) ? TIM_CHANNEL_2 : TIM_CHANNEL_1;
 3808              		.loc 1 1536 1 is_stmt 0 view .LVU1066
 3809 0000 38B5     		push	{r3, r4, r5, lr}
 3810              	.LCFI26:
 3811              		.cfi_def_cfa_offset 16
 3812              		.cfi_offset 3, -16
 3813              		.cfi_offset 4, -12
 3814              		.cfi_offset 5, -8
 3815              		.cfi_offset 14, -4
 3816 0002 0446     		mov	r4, r0
1537:Drivers/STM32F1xx_HAL_Driver/Src/stm32f1xx_hal_tim_ex.c ****   HAL_TIM_ChannelStateTypeDef channel_1_state = TIM_CHANNEL_STATE_GET(htim, TIM_CHANNEL_1);
 3817              		.loc 1 1537 3 is_stmt 1 view .LVU1067
1537:Drivers/STM32F1xx_HAL_Driver/Src/stm32f1xx_hal_tim_ex.c ****   HAL_TIM_ChannelStateTypeDef channel_1_state = TIM_CHANNEL_STATE_GET(htim, TIM_CHANNEL_1);
 3818              		.loc 1 1537 77 is_stmt 0 view .LVU1068
 3819 0004 8E46     		mov	lr, r1
 3820 0006 C1B9     		cbnz	r1, .L329
 3821 0008 0425     		movs	r5, #4
 3822              	.L327:
 3823              	.LVL253:
1538:Drivers/STM32F1xx_HAL_Driver/Src/stm32f1xx_hal_tim_ex.c ****   HAL_TIM_ChannelStateTypeDef channel_2_state = TIM_CHANNEL_STATE_GET(htim, TIM_CHANNEL_2);
 3824              		.loc 1 1538 3 is_stmt 1 discriminator 4 view .LVU1069
1538:Drivers/STM32F1xx_HAL_Driver/Src/stm32f1xx_hal_tim_ex.c ****   HAL_TIM_ChannelStateTypeDef channel_2_state = TIM_CHANNEL_STATE_GET(htim, TIM_CHANNEL_2);
 3825              		.loc 1 1538 31 is_stmt 0 discriminator 4 view .LVU1070
 3826 000a 94F83E00 		ldrb	r0, [r4, #62]	@ zero_extendqisi2
 3827              	.LVL254:
1538:Drivers/STM32F1xx_HAL_Driver/Src/stm32f1xx_hal_tim_ex.c ****   HAL_TIM_ChannelStateTypeDef channel_2_state = TIM_CHANNEL_STATE_GET(htim, TIM_CHANNEL_2);
 3828              		.loc 1 1538 31 discriminator 4 view .LVU1071
 3829 000e C0B2     		uxtb	r0, r0
 3830              	.LVL255:
1539:Drivers/STM32F1xx_HAL_Driver/Src/stm32f1xx_hal_tim_ex.c ****   HAL_TIM_ChannelStateTypeDef complementary_channel_1_state = TIM_CHANNEL_N_STATE_GET(htim, TIM_CHA
 3831              		.loc 1 1539 3 is_stmt 1 discriminator 4 view .LVU1072
1539:Drivers/STM32F1xx_HAL_Driver/Src/stm32f1xx_hal_tim_ex.c ****   HAL_TIM_ChannelStateTypeDef complementary_channel_1_state = TIM_CHANNEL_N_STATE_GET(htim, TIM_CHA
 3832              		.loc 1 1539 31 is_stmt 0 discriminator 4 view .LVU1073
 3833 0010 94F83F30 		ldrb	r3, [r4, #63]	@ zero_extendqisi2
 3834 0014 DBB2     		uxtb	r3, r3
 3835              	.LVL256:
1540:Drivers/STM32F1xx_HAL_Driver/Src/stm32f1xx_hal_tim_ex.c ****   HAL_TIM_ChannelStateTypeDef complementary_channel_2_state = TIM_CHANNEL_N_STATE_GET(htim, TIM_CHA
 3836              		.loc 1 1540 3 is_stmt 1 discriminator 4 view .LVU1074
1540:Drivers/STM32F1xx_HAL_Driver/Src/stm32f1xx_hal_tim_ex.c ****   HAL_TIM_ChannelStateTypeDef complementary_channel_2_state = TIM_CHANNEL_N_STATE_GET(htim, TIM_CHA
 3837              		.loc 1 1540 31 is_stmt 0 discriminator 4 view .LVU1075
 3838 0016 94F84220 		ldrb	r2, [r4, #66]	@ zero_extendqisi2
 3839 001a D2B2     		uxtb	r2, r2
 3840              	.LVL257:
1541:Drivers/STM32F1xx_HAL_Driver/Src/stm32f1xx_hal_tim_ex.c **** 
 3841              		.loc 1 1541 3 is_stmt 1 discriminator 4 view .LVU1076
1541:Drivers/STM32F1xx_HAL_Driver/Src/stm32f1xx_hal_tim_ex.c **** 
 3842              		.loc 1 1541 31 is_stmt 0 discriminator 4 view .LVU1077
 3843 001c 94F843C0 		ldrb	ip, [r4, #67]	@ zero_extendqisi2
 3844 0020 5FFA8CFC 		uxtb	ip, ip
 3845              	.LVL258:
1544:Drivers/STM32F1xx_HAL_Driver/Src/stm32f1xx_hal_tim_ex.c **** 
ARM GAS  C:\Users\Korisnik\AppData\Local\Temp\cckoF0Cb.s 			page 127


 3846              		.loc 1 1544 3 is_stmt 1 discriminator 4 view .LVU1078
1547:Drivers/STM32F1xx_HAL_Driver/Src/stm32f1xx_hal_tim_ex.c ****       || (channel_2_state != HAL_TIM_CHANNEL_STATE_READY)
 3847              		.loc 1 1547 3 discriminator 4 view .LVU1079
1547:Drivers/STM32F1xx_HAL_Driver/Src/stm32f1xx_hal_tim_ex.c ****       || (channel_2_state != HAL_TIM_CHANNEL_STATE_READY)
 3848              		.loc 1 1547 6 is_stmt 0 discriminator 4 view .LVU1080
 3849 0024 0128     		cmp	r0, #1
 3850 0026 24D1     		bne	.L330
1548:Drivers/STM32F1xx_HAL_Driver/Src/stm32f1xx_hal_tim_ex.c ****       || (complementary_channel_1_state != HAL_TIM_CHANNEL_STATE_READY)
 3851              		.loc 1 1548 7 view .LVU1081
 3852 0028 012B     		cmp	r3, #1
 3853 002a 23D1     		bne	.L328
1549:Drivers/STM32F1xx_HAL_Driver/Src/stm32f1xx_hal_tim_ex.c ****       || (complementary_channel_2_state != HAL_TIM_CHANNEL_STATE_READY))
 3854              		.loc 1 1549 7 view .LVU1082
 3855 002c 012A     		cmp	r2, #1
 3856 002e 22D1     		bne	.L331
1550:Drivers/STM32F1xx_HAL_Driver/Src/stm32f1xx_hal_tim_ex.c ****   {
 3857              		.loc 1 1550 7 view .LVU1083
 3858 0030 BCF1010F 		cmp	ip, #1
 3859 0034 03D0     		beq	.L334
1552:Drivers/STM32F1xx_HAL_Driver/Src/stm32f1xx_hal_tim_ex.c ****   }
 3860              		.loc 1 1552 12 view .LVU1084
 3861 0036 1046     		mov	r0, r2
 3862              	.LVL259:
1552:Drivers/STM32F1xx_HAL_Driver/Src/stm32f1xx_hal_tim_ex.c ****   }
 3863              		.loc 1 1552 12 view .LVU1085
 3864 0038 1CE0     		b	.L328
 3865              	.LVL260:
 3866              	.L329:
1537:Drivers/STM32F1xx_HAL_Driver/Src/stm32f1xx_hal_tim_ex.c ****   HAL_TIM_ChannelStateTypeDef channel_1_state = TIM_CHANNEL_STATE_GET(htim, TIM_CHANNEL_1);
 3867              		.loc 1 1537 77 view .LVU1086
 3868 003a 0025     		movs	r5, #0
 3869 003c E5E7     		b	.L327
 3870              	.LVL261:
 3871              	.L334:
1556:Drivers/STM32F1xx_HAL_Driver/Src/stm32f1xx_hal_tim_ex.c ****   TIM_CHANNEL_STATE_SET(htim, TIM_CHANNEL_2, HAL_TIM_CHANNEL_STATE_BUSY);
 3872              		.loc 1 1556 3 is_stmt 1 view .LVU1087
 3873 003e 0223     		movs	r3, #2
 3874              	.LVL262:
1556:Drivers/STM32F1xx_HAL_Driver/Src/stm32f1xx_hal_tim_ex.c ****   TIM_CHANNEL_STATE_SET(htim, TIM_CHANNEL_2, HAL_TIM_CHANNEL_STATE_BUSY);
 3875              		.loc 1 1556 3 is_stmt 0 view .LVU1088
 3876 0040 84F83E30 		strb	r3, [r4, #62]
1557:Drivers/STM32F1xx_HAL_Driver/Src/stm32f1xx_hal_tim_ex.c ****   TIM_CHANNEL_N_STATE_SET(htim, TIM_CHANNEL_1, HAL_TIM_CHANNEL_STATE_BUSY);
 3877              		.loc 1 1557 3 is_stmt 1 view .LVU1089
 3878 0044 84F83F30 		strb	r3, [r4, #63]
1558:Drivers/STM32F1xx_HAL_Driver/Src/stm32f1xx_hal_tim_ex.c ****   TIM_CHANNEL_N_STATE_SET(htim, TIM_CHANNEL_2, HAL_TIM_CHANNEL_STATE_BUSY);
 3879              		.loc 1 1558 3 view .LVU1090
 3880 0048 84F84230 		strb	r3, [r4, #66]
1559:Drivers/STM32F1xx_HAL_Driver/Src/stm32f1xx_hal_tim_ex.c **** 
 3881              		.loc 1 1559 3 view .LVU1091
 3882 004c 84F84330 		strb	r3, [r4, #67]
1562:Drivers/STM32F1xx_HAL_Driver/Src/stm32f1xx_hal_tim_ex.c ****   TIM_CCxChannelCmd(htim->Instance, input_channel, TIM_CCx_ENABLE);
 3883              		.loc 1 1562 3 view .LVU1092
 3884 0050 0422     		movs	r2, #4
 3885              	.LVL263:
1562:Drivers/STM32F1xx_HAL_Driver/Src/stm32f1xx_hal_tim_ex.c ****   TIM_CCxChannelCmd(htim->Instance, input_channel, TIM_CCx_ENABLE);
 3886              		.loc 1 1562 3 is_stmt 0 view .LVU1093
 3887 0052 7146     		mov	r1, lr
ARM GAS  C:\Users\Korisnik\AppData\Local\Temp\cckoF0Cb.s 			page 128


 3888              	.LVL264:
1562:Drivers/STM32F1xx_HAL_Driver/Src/stm32f1xx_hal_tim_ex.c ****   TIM_CCxChannelCmd(htim->Instance, input_channel, TIM_CCx_ENABLE);
 3889              		.loc 1 1562 3 view .LVU1094
 3890 0054 2068     		ldr	r0, [r4]
 3891              	.LVL265:
1562:Drivers/STM32F1xx_HAL_Driver/Src/stm32f1xx_hal_tim_ex.c ****   TIM_CCxChannelCmd(htim->Instance, input_channel, TIM_CCx_ENABLE);
 3892              		.loc 1 1562 3 view .LVU1095
 3893 0056 FFF7FEFF 		bl	TIM_CCxNChannelCmd
 3894              	.LVL266:
1563:Drivers/STM32F1xx_HAL_Driver/Src/stm32f1xx_hal_tim_ex.c **** 
 3895              		.loc 1 1563 3 is_stmt 1 view .LVU1096
 3896 005a 0122     		movs	r2, #1
 3897 005c 2946     		mov	r1, r5
 3898 005e 2068     		ldr	r0, [r4]
 3899 0060 FFF7FEFF 		bl	TIM_CCxChannelCmd
 3900              	.LVL267:
1566:Drivers/STM32F1xx_HAL_Driver/Src/stm32f1xx_hal_tim_ex.c **** 
 3901              		.loc 1 1566 3 view .LVU1097
 3902 0064 2268     		ldr	r2, [r4]
 3903 0066 536C     		ldr	r3, [r2, #68]
 3904 0068 43F40043 		orr	r3, r3, #32768
 3905 006c 5364     		str	r3, [r2, #68]
1569:Drivers/STM32F1xx_HAL_Driver/Src/stm32f1xx_hal_tim_ex.c **** }
 3906              		.loc 1 1569 3 view .LVU1098
1569:Drivers/STM32F1xx_HAL_Driver/Src/stm32f1xx_hal_tim_ex.c **** }
 3907              		.loc 1 1569 10 is_stmt 0 view .LVU1099
 3908 006e 0020     		movs	r0, #0
 3909 0070 00E0     		b	.L328
 3910              	.LVL268:
 3911              	.L330:
1552:Drivers/STM32F1xx_HAL_Driver/Src/stm32f1xx_hal_tim_ex.c ****   }
 3912              		.loc 1 1552 12 view .LVU1100
 3913 0072 0120     		movs	r0, #1
 3914              	.LVL269:
 3915              	.L328:
1570:Drivers/STM32F1xx_HAL_Driver/Src/stm32f1xx_hal_tim_ex.c **** 
 3916              		.loc 1 1570 1 view .LVU1101
 3917 0074 38BD     		pop	{r3, r4, r5, pc}
 3918              	.LVL270:
 3919              	.L331:
1552:Drivers/STM32F1xx_HAL_Driver/Src/stm32f1xx_hal_tim_ex.c ****   }
 3920              		.loc 1 1552 12 view .LVU1102
 3921 0076 1846     		mov	r0, r3
 3922              	.LVL271:
1552:Drivers/STM32F1xx_HAL_Driver/Src/stm32f1xx_hal_tim_ex.c ****   }
 3923              		.loc 1 1552 12 view .LVU1103
 3924 0078 FCE7     		b	.L328
 3925              		.cfi_endproc
 3926              	.LFE87:
 3928              		.section	.text.HAL_TIMEx_OnePulseN_Stop,"ax",%progbits
 3929              		.align	1
 3930              		.global	HAL_TIMEx_OnePulseN_Stop
 3931              		.syntax unified
 3932              		.thumb
 3933              		.thumb_func
 3934              		.fpu softvfp
 3936              	HAL_TIMEx_OnePulseN_Stop:
ARM GAS  C:\Users\Korisnik\AppData\Local\Temp\cckoF0Cb.s 			page 129


 3937              	.LVL272:
 3938              	.LFB88:
1585:Drivers/STM32F1xx_HAL_Driver/Src/stm32f1xx_hal_tim_ex.c ****   uint32_t input_channel = (OutputChannel == TIM_CHANNEL_1) ? TIM_CHANNEL_2 : TIM_CHANNEL_1;
 3939              		.loc 1 1585 1 is_stmt 1 view -0
 3940              		.cfi_startproc
 3941              		@ args = 0, pretend = 0, frame = 0
 3942              		@ frame_needed = 0, uses_anonymous_args = 0
1585:Drivers/STM32F1xx_HAL_Driver/Src/stm32f1xx_hal_tim_ex.c ****   uint32_t input_channel = (OutputChannel == TIM_CHANNEL_1) ? TIM_CHANNEL_2 : TIM_CHANNEL_1;
 3943              		.loc 1 1585 1 is_stmt 0 view .LVU1105
 3944 0000 38B5     		push	{r3, r4, r5, lr}
 3945              	.LCFI27:
 3946              		.cfi_def_cfa_offset 16
 3947              		.cfi_offset 3, -16
 3948              		.cfi_offset 4, -12
 3949              		.cfi_offset 5, -8
 3950              		.cfi_offset 14, -4
 3951 0002 0446     		mov	r4, r0
1586:Drivers/STM32F1xx_HAL_Driver/Src/stm32f1xx_hal_tim_ex.c **** 
 3952              		.loc 1 1586 3 is_stmt 1 view .LVU1106
1586:Drivers/STM32F1xx_HAL_Driver/Src/stm32f1xx_hal_tim_ex.c **** 
 3953              		.loc 1 1586 77 is_stmt 0 view .LVU1107
 3954 0004 0029     		cmp	r1, #0
 3955 0006 32D1     		bne	.L339
 3956 0008 0425     		movs	r5, #4
 3957              	.L336:
 3958              	.LVL273:
1589:Drivers/STM32F1xx_HAL_Driver/Src/stm32f1xx_hal_tim_ex.c **** 
 3959              		.loc 1 1589 3 is_stmt 1 discriminator 4 view .LVU1108
1592:Drivers/STM32F1xx_HAL_Driver/Src/stm32f1xx_hal_tim_ex.c ****   TIM_CCxChannelCmd(htim->Instance, input_channel, TIM_CCx_DISABLE);
 3960              		.loc 1 1592 3 discriminator 4 view .LVU1109
 3961 000a 0022     		movs	r2, #0
 3962 000c 2068     		ldr	r0, [r4]
 3963              	.LVL274:
1592:Drivers/STM32F1xx_HAL_Driver/Src/stm32f1xx_hal_tim_ex.c ****   TIM_CCxChannelCmd(htim->Instance, input_channel, TIM_CCx_DISABLE);
 3964              		.loc 1 1592 3 is_stmt 0 discriminator 4 view .LVU1110
 3965 000e FFF7FEFF 		bl	TIM_CCxNChannelCmd
 3966              	.LVL275:
1593:Drivers/STM32F1xx_HAL_Driver/Src/stm32f1xx_hal_tim_ex.c **** 
 3967              		.loc 1 1593 3 is_stmt 1 discriminator 4 view .LVU1111
 3968 0012 0022     		movs	r2, #0
 3969 0014 2946     		mov	r1, r5
 3970 0016 2068     		ldr	r0, [r4]
 3971 0018 FFF7FEFF 		bl	TIM_CCxChannelCmd
 3972              	.LVL276:
1596:Drivers/STM32F1xx_HAL_Driver/Src/stm32f1xx_hal_tim_ex.c **** 
 3973              		.loc 1 1596 3 discriminator 4 view .LVU1112
1596:Drivers/STM32F1xx_HAL_Driver/Src/stm32f1xx_hal_tim_ex.c **** 
 3974              		.loc 1 1596 3 discriminator 4 view .LVU1113
 3975 001c 2368     		ldr	r3, [r4]
 3976 001e 196A     		ldr	r1, [r3, #32]
 3977 0020 41F21112 		movw	r2, #4369
 3978 0024 1142     		tst	r1, r2
 3979 0026 08D1     		bne	.L337
1596:Drivers/STM32F1xx_HAL_Driver/Src/stm32f1xx_hal_tim_ex.c **** 
 3980              		.loc 1 1596 3 discriminator 1 view .LVU1114
 3981 0028 196A     		ldr	r1, [r3, #32]
 3982 002a 40F24442 		movw	r2, #1092
ARM GAS  C:\Users\Korisnik\AppData\Local\Temp\cckoF0Cb.s 			page 130


 3983 002e 1142     		tst	r1, r2
 3984 0030 03D1     		bne	.L337
1596:Drivers/STM32F1xx_HAL_Driver/Src/stm32f1xx_hal_tim_ex.c **** 
 3985              		.loc 1 1596 3 discriminator 3 view .LVU1115
 3986 0032 5A6C     		ldr	r2, [r3, #68]
 3987 0034 22F40042 		bic	r2, r2, #32768
 3988 0038 5A64     		str	r2, [r3, #68]
 3989              	.L337:
1596:Drivers/STM32F1xx_HAL_Driver/Src/stm32f1xx_hal_tim_ex.c **** 
 3990              		.loc 1 1596 3 discriminator 5 view .LVU1116
1599:Drivers/STM32F1xx_HAL_Driver/Src/stm32f1xx_hal_tim_ex.c **** 
 3991              		.loc 1 1599 3 discriminator 5 view .LVU1117
1599:Drivers/STM32F1xx_HAL_Driver/Src/stm32f1xx_hal_tim_ex.c **** 
 3992              		.loc 1 1599 3 discriminator 5 view .LVU1118
 3993 003a 2368     		ldr	r3, [r4]
 3994 003c 196A     		ldr	r1, [r3, #32]
 3995 003e 41F21112 		movw	r2, #4369
 3996 0042 1142     		tst	r1, r2
 3997 0044 08D1     		bne	.L338
1599:Drivers/STM32F1xx_HAL_Driver/Src/stm32f1xx_hal_tim_ex.c **** 
 3998              		.loc 1 1599 3 discriminator 1 view .LVU1119
 3999 0046 196A     		ldr	r1, [r3, #32]
 4000 0048 40F24442 		movw	r2, #1092
 4001 004c 1142     		tst	r1, r2
 4002 004e 03D1     		bne	.L338
1599:Drivers/STM32F1xx_HAL_Driver/Src/stm32f1xx_hal_tim_ex.c **** 
 4003              		.loc 1 1599 3 discriminator 3 view .LVU1120
 4004 0050 1A68     		ldr	r2, [r3]
 4005 0052 22F00102 		bic	r2, r2, #1
 4006 0056 1A60     		str	r2, [r3]
 4007              	.L338:
1599:Drivers/STM32F1xx_HAL_Driver/Src/stm32f1xx_hal_tim_ex.c **** 
 4008              		.loc 1 1599 3 discriminator 5 view .LVU1121
1602:Drivers/STM32F1xx_HAL_Driver/Src/stm32f1xx_hal_tim_ex.c ****   TIM_CHANNEL_STATE_SET(htim, TIM_CHANNEL_2, HAL_TIM_CHANNEL_STATE_READY);
 4009              		.loc 1 1602 3 discriminator 5 view .LVU1122
 4010 0058 0123     		movs	r3, #1
 4011 005a 84F83E30 		strb	r3, [r4, #62]
1603:Drivers/STM32F1xx_HAL_Driver/Src/stm32f1xx_hal_tim_ex.c ****   TIM_CHANNEL_N_STATE_SET(htim, TIM_CHANNEL_1, HAL_TIM_CHANNEL_STATE_READY);
 4012              		.loc 1 1603 3 discriminator 5 view .LVU1123
 4013 005e 84F83F30 		strb	r3, [r4, #63]
1604:Drivers/STM32F1xx_HAL_Driver/Src/stm32f1xx_hal_tim_ex.c ****   TIM_CHANNEL_N_STATE_SET(htim, TIM_CHANNEL_2, HAL_TIM_CHANNEL_STATE_READY);
 4014              		.loc 1 1604 3 discriminator 5 view .LVU1124
 4015 0062 84F84230 		strb	r3, [r4, #66]
1605:Drivers/STM32F1xx_HAL_Driver/Src/stm32f1xx_hal_tim_ex.c **** 
 4016              		.loc 1 1605 3 discriminator 5 view .LVU1125
 4017 0066 84F84330 		strb	r3, [r4, #67]
1608:Drivers/STM32F1xx_HAL_Driver/Src/stm32f1xx_hal_tim_ex.c **** }
 4018              		.loc 1 1608 3 discriminator 5 view .LVU1126
1609:Drivers/STM32F1xx_HAL_Driver/Src/stm32f1xx_hal_tim_ex.c **** 
 4019              		.loc 1 1609 1 is_stmt 0 discriminator 5 view .LVU1127
 4020 006a 0020     		movs	r0, #0
 4021 006c 38BD     		pop	{r3, r4, r5, pc}
 4022              	.LVL277:
 4023              	.L339:
1586:Drivers/STM32F1xx_HAL_Driver/Src/stm32f1xx_hal_tim_ex.c **** 
 4024              		.loc 1 1586 77 view .LVU1128
 4025 006e 0025     		movs	r5, #0
ARM GAS  C:\Users\Korisnik\AppData\Local\Temp\cckoF0Cb.s 			page 131


 4026 0070 CBE7     		b	.L336
 4027              		.cfi_endproc
 4028              	.LFE88:
 4030              		.section	.text.HAL_TIMEx_OnePulseN_Start_IT,"ax",%progbits
 4031              		.align	1
 4032              		.global	HAL_TIMEx_OnePulseN_Start_IT
 4033              		.syntax unified
 4034              		.thumb
 4035              		.thumb_func
 4036              		.fpu softvfp
 4038              	HAL_TIMEx_OnePulseN_Start_IT:
 4039              	.LVL278:
 4040              	.LFB89:
1624:Drivers/STM32F1xx_HAL_Driver/Src/stm32f1xx_hal_tim_ex.c ****   uint32_t input_channel = (OutputChannel == TIM_CHANNEL_1) ? TIM_CHANNEL_2 : TIM_CHANNEL_1;
 4041              		.loc 1 1624 1 is_stmt 1 view -0
 4042              		.cfi_startproc
 4043              		@ args = 0, pretend = 0, frame = 0
 4044              		@ frame_needed = 0, uses_anonymous_args = 0
1624:Drivers/STM32F1xx_HAL_Driver/Src/stm32f1xx_hal_tim_ex.c ****   uint32_t input_channel = (OutputChannel == TIM_CHANNEL_1) ? TIM_CHANNEL_2 : TIM_CHANNEL_1;
 4045              		.loc 1 1624 1 is_stmt 0 view .LVU1130
 4046 0000 38B5     		push	{r3, r4, r5, lr}
 4047              	.LCFI28:
 4048              		.cfi_def_cfa_offset 16
 4049              		.cfi_offset 3, -16
 4050              		.cfi_offset 4, -12
 4051              		.cfi_offset 5, -8
 4052              		.cfi_offset 14, -4
 4053 0002 0446     		mov	r4, r0
1625:Drivers/STM32F1xx_HAL_Driver/Src/stm32f1xx_hal_tim_ex.c ****   HAL_TIM_ChannelStateTypeDef channel_1_state = TIM_CHANNEL_STATE_GET(htim, TIM_CHANNEL_1);
 4054              		.loc 1 1625 3 is_stmt 1 view .LVU1131
1625:Drivers/STM32F1xx_HAL_Driver/Src/stm32f1xx_hal_tim_ex.c ****   HAL_TIM_ChannelStateTypeDef channel_1_state = TIM_CHANNEL_STATE_GET(htim, TIM_CHANNEL_1);
 4055              		.loc 1 1625 77 is_stmt 0 view .LVU1132
 4056 0004 8E46     		mov	lr, r1
 4057 0006 C1B9     		cbnz	r1, .L344
 4058 0008 0425     		movs	r5, #4
 4059              	.L342:
 4060              	.LVL279:
1626:Drivers/STM32F1xx_HAL_Driver/Src/stm32f1xx_hal_tim_ex.c ****   HAL_TIM_ChannelStateTypeDef channel_2_state = TIM_CHANNEL_STATE_GET(htim, TIM_CHANNEL_2);
 4061              		.loc 1 1626 3 is_stmt 1 discriminator 4 view .LVU1133
1626:Drivers/STM32F1xx_HAL_Driver/Src/stm32f1xx_hal_tim_ex.c ****   HAL_TIM_ChannelStateTypeDef channel_2_state = TIM_CHANNEL_STATE_GET(htim, TIM_CHANNEL_2);
 4062              		.loc 1 1626 31 is_stmt 0 discriminator 4 view .LVU1134
 4063 000a 94F83E00 		ldrb	r0, [r4, #62]	@ zero_extendqisi2
 4064              	.LVL280:
1626:Drivers/STM32F1xx_HAL_Driver/Src/stm32f1xx_hal_tim_ex.c ****   HAL_TIM_ChannelStateTypeDef channel_2_state = TIM_CHANNEL_STATE_GET(htim, TIM_CHANNEL_2);
 4065              		.loc 1 1626 31 discriminator 4 view .LVU1135
 4066 000e C0B2     		uxtb	r0, r0
 4067              	.LVL281:
1627:Drivers/STM32F1xx_HAL_Driver/Src/stm32f1xx_hal_tim_ex.c ****   HAL_TIM_ChannelStateTypeDef complementary_channel_1_state = TIM_CHANNEL_N_STATE_GET(htim, TIM_CHA
 4068              		.loc 1 1627 3 is_stmt 1 discriminator 4 view .LVU1136
1627:Drivers/STM32F1xx_HAL_Driver/Src/stm32f1xx_hal_tim_ex.c ****   HAL_TIM_ChannelStateTypeDef complementary_channel_1_state = TIM_CHANNEL_N_STATE_GET(htim, TIM_CHA
 4069              		.loc 1 1627 31 is_stmt 0 discriminator 4 view .LVU1137
 4070 0010 94F83F30 		ldrb	r3, [r4, #63]	@ zero_extendqisi2
 4071 0014 DBB2     		uxtb	r3, r3
 4072              	.LVL282:
1628:Drivers/STM32F1xx_HAL_Driver/Src/stm32f1xx_hal_tim_ex.c ****   HAL_TIM_ChannelStateTypeDef complementary_channel_2_state = TIM_CHANNEL_N_STATE_GET(htim, TIM_CHA
 4073              		.loc 1 1628 3 is_stmt 1 discriminator 4 view .LVU1138
1628:Drivers/STM32F1xx_HAL_Driver/Src/stm32f1xx_hal_tim_ex.c ****   HAL_TIM_ChannelStateTypeDef complementary_channel_2_state = TIM_CHANNEL_N_STATE_GET(htim, TIM_CHA
ARM GAS  C:\Users\Korisnik\AppData\Local\Temp\cckoF0Cb.s 			page 132


 4074              		.loc 1 1628 31 is_stmt 0 discriminator 4 view .LVU1139
 4075 0016 94F84220 		ldrb	r2, [r4, #66]	@ zero_extendqisi2
 4076 001a D2B2     		uxtb	r2, r2
 4077              	.LVL283:
1629:Drivers/STM32F1xx_HAL_Driver/Src/stm32f1xx_hal_tim_ex.c **** 
 4078              		.loc 1 1629 3 is_stmt 1 discriminator 4 view .LVU1140
1629:Drivers/STM32F1xx_HAL_Driver/Src/stm32f1xx_hal_tim_ex.c **** 
 4079              		.loc 1 1629 31 is_stmt 0 discriminator 4 view .LVU1141
 4080 001c 94F843C0 		ldrb	ip, [r4, #67]	@ zero_extendqisi2
 4081 0020 5FFA8CFC 		uxtb	ip, ip
 4082              	.LVL284:
1632:Drivers/STM32F1xx_HAL_Driver/Src/stm32f1xx_hal_tim_ex.c **** 
 4083              		.loc 1 1632 3 is_stmt 1 discriminator 4 view .LVU1142
1635:Drivers/STM32F1xx_HAL_Driver/Src/stm32f1xx_hal_tim_ex.c ****       || (channel_2_state != HAL_TIM_CHANNEL_STATE_READY)
 4084              		.loc 1 1635 3 discriminator 4 view .LVU1143
1635:Drivers/STM32F1xx_HAL_Driver/Src/stm32f1xx_hal_tim_ex.c ****       || (channel_2_state != HAL_TIM_CHANNEL_STATE_READY)
 4085              		.loc 1 1635 6 is_stmt 0 discriminator 4 view .LVU1144
 4086 0024 0128     		cmp	r0, #1
 4087 0026 2ED1     		bne	.L345
1636:Drivers/STM32F1xx_HAL_Driver/Src/stm32f1xx_hal_tim_ex.c ****       || (complementary_channel_1_state != HAL_TIM_CHANNEL_STATE_READY)
 4088              		.loc 1 1636 7 view .LVU1145
 4089 0028 012B     		cmp	r3, #1
 4090 002a 2DD1     		bne	.L343
1637:Drivers/STM32F1xx_HAL_Driver/Src/stm32f1xx_hal_tim_ex.c ****       || (complementary_channel_2_state != HAL_TIM_CHANNEL_STATE_READY))
 4091              		.loc 1 1637 7 view .LVU1146
 4092 002c 012A     		cmp	r2, #1
 4093 002e 2CD1     		bne	.L346
1638:Drivers/STM32F1xx_HAL_Driver/Src/stm32f1xx_hal_tim_ex.c ****   {
 4094              		.loc 1 1638 7 view .LVU1147
 4095 0030 BCF1010F 		cmp	ip, #1
 4096 0034 03D0     		beq	.L349
1640:Drivers/STM32F1xx_HAL_Driver/Src/stm32f1xx_hal_tim_ex.c ****   }
 4097              		.loc 1 1640 12 view .LVU1148
 4098 0036 1046     		mov	r0, r2
 4099              	.LVL285:
1640:Drivers/STM32F1xx_HAL_Driver/Src/stm32f1xx_hal_tim_ex.c ****   }
 4100              		.loc 1 1640 12 view .LVU1149
 4101 0038 26E0     		b	.L343
 4102              	.LVL286:
 4103              	.L344:
1625:Drivers/STM32F1xx_HAL_Driver/Src/stm32f1xx_hal_tim_ex.c ****   HAL_TIM_ChannelStateTypeDef channel_1_state = TIM_CHANNEL_STATE_GET(htim, TIM_CHANNEL_1);
 4104              		.loc 1 1625 77 view .LVU1150
 4105 003a 0025     		movs	r5, #0
 4106 003c E5E7     		b	.L342
 4107              	.LVL287:
 4108              	.L349:
1644:Drivers/STM32F1xx_HAL_Driver/Src/stm32f1xx_hal_tim_ex.c ****   TIM_CHANNEL_STATE_SET(htim, TIM_CHANNEL_2, HAL_TIM_CHANNEL_STATE_BUSY);
 4109              		.loc 1 1644 3 is_stmt 1 view .LVU1151
 4110 003e 0223     		movs	r3, #2
 4111              	.LVL288:
1644:Drivers/STM32F1xx_HAL_Driver/Src/stm32f1xx_hal_tim_ex.c ****   TIM_CHANNEL_STATE_SET(htim, TIM_CHANNEL_2, HAL_TIM_CHANNEL_STATE_BUSY);
 4112              		.loc 1 1644 3 is_stmt 0 view .LVU1152
 4113 0040 84F83E30 		strb	r3, [r4, #62]
1645:Drivers/STM32F1xx_HAL_Driver/Src/stm32f1xx_hal_tim_ex.c ****   TIM_CHANNEL_N_STATE_SET(htim, TIM_CHANNEL_1, HAL_TIM_CHANNEL_STATE_BUSY);
 4114              		.loc 1 1645 3 is_stmt 1 view .LVU1153
 4115 0044 84F83F30 		strb	r3, [r4, #63]
1646:Drivers/STM32F1xx_HAL_Driver/Src/stm32f1xx_hal_tim_ex.c ****   TIM_CHANNEL_N_STATE_SET(htim, TIM_CHANNEL_2, HAL_TIM_CHANNEL_STATE_BUSY);
ARM GAS  C:\Users\Korisnik\AppData\Local\Temp\cckoF0Cb.s 			page 133


 4116              		.loc 1 1646 3 view .LVU1154
 4117 0048 84F84230 		strb	r3, [r4, #66]
1647:Drivers/STM32F1xx_HAL_Driver/Src/stm32f1xx_hal_tim_ex.c **** 
 4118              		.loc 1 1647 3 view .LVU1155
 4119 004c 84F84330 		strb	r3, [r4, #67]
1650:Drivers/STM32F1xx_HAL_Driver/Src/stm32f1xx_hal_tim_ex.c **** 
 4120              		.loc 1 1650 3 view .LVU1156
 4121 0050 2268     		ldr	r2, [r4]
 4122              	.LVL289:
1650:Drivers/STM32F1xx_HAL_Driver/Src/stm32f1xx_hal_tim_ex.c **** 
 4123              		.loc 1 1650 3 is_stmt 0 view .LVU1157
 4124 0052 D368     		ldr	r3, [r2, #12]
 4125 0054 43F00203 		orr	r3, r3, #2
 4126 0058 D360     		str	r3, [r2, #12]
1653:Drivers/STM32F1xx_HAL_Driver/Src/stm32f1xx_hal_tim_ex.c **** 
 4127              		.loc 1 1653 3 is_stmt 1 view .LVU1158
 4128 005a 2268     		ldr	r2, [r4]
 4129 005c D368     		ldr	r3, [r2, #12]
 4130 005e 43F00403 		orr	r3, r3, #4
 4131 0062 D360     		str	r3, [r2, #12]
1656:Drivers/STM32F1xx_HAL_Driver/Src/stm32f1xx_hal_tim_ex.c ****   TIM_CCxChannelCmd(htim->Instance, input_channel, TIM_CCx_ENABLE);
 4132              		.loc 1 1656 3 view .LVU1159
 4133 0064 0422     		movs	r2, #4
 4134 0066 7146     		mov	r1, lr
 4135              	.LVL290:
1656:Drivers/STM32F1xx_HAL_Driver/Src/stm32f1xx_hal_tim_ex.c ****   TIM_CCxChannelCmd(htim->Instance, input_channel, TIM_CCx_ENABLE);
 4136              		.loc 1 1656 3 is_stmt 0 view .LVU1160
 4137 0068 2068     		ldr	r0, [r4]
 4138              	.LVL291:
1656:Drivers/STM32F1xx_HAL_Driver/Src/stm32f1xx_hal_tim_ex.c ****   TIM_CCxChannelCmd(htim->Instance, input_channel, TIM_CCx_ENABLE);
 4139              		.loc 1 1656 3 view .LVU1161
 4140 006a FFF7FEFF 		bl	TIM_CCxNChannelCmd
 4141              	.LVL292:
1657:Drivers/STM32F1xx_HAL_Driver/Src/stm32f1xx_hal_tim_ex.c **** 
 4142              		.loc 1 1657 3 is_stmt 1 view .LVU1162
 4143 006e 0122     		movs	r2, #1
 4144 0070 2946     		mov	r1, r5
 4145 0072 2068     		ldr	r0, [r4]
 4146 0074 FFF7FEFF 		bl	TIM_CCxChannelCmd
 4147              	.LVL293:
1660:Drivers/STM32F1xx_HAL_Driver/Src/stm32f1xx_hal_tim_ex.c **** 
 4148              		.loc 1 1660 3 view .LVU1163
 4149 0078 2268     		ldr	r2, [r4]
 4150 007a 536C     		ldr	r3, [r2, #68]
 4151 007c 43F40043 		orr	r3, r3, #32768
 4152 0080 5364     		str	r3, [r2, #68]
1663:Drivers/STM32F1xx_HAL_Driver/Src/stm32f1xx_hal_tim_ex.c **** }
 4153              		.loc 1 1663 3 view .LVU1164
1663:Drivers/STM32F1xx_HAL_Driver/Src/stm32f1xx_hal_tim_ex.c **** }
 4154              		.loc 1 1663 10 is_stmt 0 view .LVU1165
 4155 0082 0020     		movs	r0, #0
 4156 0084 00E0     		b	.L343
 4157              	.LVL294:
 4158              	.L345:
1640:Drivers/STM32F1xx_HAL_Driver/Src/stm32f1xx_hal_tim_ex.c ****   }
 4159              		.loc 1 1640 12 view .LVU1166
 4160 0086 0120     		movs	r0, #1
ARM GAS  C:\Users\Korisnik\AppData\Local\Temp\cckoF0Cb.s 			page 134


 4161              	.LVL295:
 4162              	.L343:
1664:Drivers/STM32F1xx_HAL_Driver/Src/stm32f1xx_hal_tim_ex.c **** 
 4163              		.loc 1 1664 1 view .LVU1167
 4164 0088 38BD     		pop	{r3, r4, r5, pc}
 4165              	.LVL296:
 4166              	.L346:
1640:Drivers/STM32F1xx_HAL_Driver/Src/stm32f1xx_hal_tim_ex.c ****   }
 4167              		.loc 1 1640 12 view .LVU1168
 4168 008a 1846     		mov	r0, r3
 4169              	.LVL297:
1640:Drivers/STM32F1xx_HAL_Driver/Src/stm32f1xx_hal_tim_ex.c ****   }
 4170              		.loc 1 1640 12 view .LVU1169
 4171 008c FCE7     		b	.L343
 4172              		.cfi_endproc
 4173              	.LFE89:
 4175              		.section	.text.HAL_TIMEx_OnePulseN_Stop_IT,"ax",%progbits
 4176              		.align	1
 4177              		.global	HAL_TIMEx_OnePulseN_Stop_IT
 4178              		.syntax unified
 4179              		.thumb
 4180              		.thumb_func
 4181              		.fpu softvfp
 4183              	HAL_TIMEx_OnePulseN_Stop_IT:
 4184              	.LVL298:
 4185              	.LFB90:
1679:Drivers/STM32F1xx_HAL_Driver/Src/stm32f1xx_hal_tim_ex.c ****   uint32_t input_channel = (OutputChannel == TIM_CHANNEL_1) ? TIM_CHANNEL_2 : TIM_CHANNEL_1;
 4186              		.loc 1 1679 1 is_stmt 1 view -0
 4187              		.cfi_startproc
 4188              		@ args = 0, pretend = 0, frame = 0
 4189              		@ frame_needed = 0, uses_anonymous_args = 0
1679:Drivers/STM32F1xx_HAL_Driver/Src/stm32f1xx_hal_tim_ex.c ****   uint32_t input_channel = (OutputChannel == TIM_CHANNEL_1) ? TIM_CHANNEL_2 : TIM_CHANNEL_1;
 4190              		.loc 1 1679 1 is_stmt 0 view .LVU1171
 4191 0000 38B5     		push	{r3, r4, r5, lr}
 4192              	.LCFI29:
 4193              		.cfi_def_cfa_offset 16
 4194              		.cfi_offset 3, -16
 4195              		.cfi_offset 4, -12
 4196              		.cfi_offset 5, -8
 4197              		.cfi_offset 14, -4
 4198 0002 0446     		mov	r4, r0
1680:Drivers/STM32F1xx_HAL_Driver/Src/stm32f1xx_hal_tim_ex.c **** 
 4199              		.loc 1 1680 3 is_stmt 1 view .LVU1172
1680:Drivers/STM32F1xx_HAL_Driver/Src/stm32f1xx_hal_tim_ex.c **** 
 4200              		.loc 1 1680 77 is_stmt 0 view .LVU1173
 4201 0004 0029     		cmp	r1, #0
 4202 0006 3CD1     		bne	.L354
 4203 0008 0425     		movs	r5, #4
 4204              	.L351:
 4205              	.LVL299:
1683:Drivers/STM32F1xx_HAL_Driver/Src/stm32f1xx_hal_tim_ex.c **** 
 4206              		.loc 1 1683 3 is_stmt 1 discriminator 4 view .LVU1174
1686:Drivers/STM32F1xx_HAL_Driver/Src/stm32f1xx_hal_tim_ex.c **** 
 4207              		.loc 1 1686 3 discriminator 4 view .LVU1175
 4208 000a 2268     		ldr	r2, [r4]
 4209 000c D368     		ldr	r3, [r2, #12]
 4210 000e 23F00203 		bic	r3, r3, #2
ARM GAS  C:\Users\Korisnik\AppData\Local\Temp\cckoF0Cb.s 			page 135


 4211 0012 D360     		str	r3, [r2, #12]
1689:Drivers/STM32F1xx_HAL_Driver/Src/stm32f1xx_hal_tim_ex.c **** 
 4212              		.loc 1 1689 3 discriminator 4 view .LVU1176
 4213 0014 2268     		ldr	r2, [r4]
 4214 0016 D368     		ldr	r3, [r2, #12]
 4215 0018 23F00403 		bic	r3, r3, #4
 4216 001c D360     		str	r3, [r2, #12]
1692:Drivers/STM32F1xx_HAL_Driver/Src/stm32f1xx_hal_tim_ex.c ****   TIM_CCxChannelCmd(htim->Instance, input_channel, TIM_CCx_DISABLE);
 4217              		.loc 1 1692 3 discriminator 4 view .LVU1177
 4218 001e 0022     		movs	r2, #0
 4219 0020 2068     		ldr	r0, [r4]
 4220              	.LVL300:
1692:Drivers/STM32F1xx_HAL_Driver/Src/stm32f1xx_hal_tim_ex.c ****   TIM_CCxChannelCmd(htim->Instance, input_channel, TIM_CCx_DISABLE);
 4221              		.loc 1 1692 3 is_stmt 0 discriminator 4 view .LVU1178
 4222 0022 FFF7FEFF 		bl	TIM_CCxNChannelCmd
 4223              	.LVL301:
1693:Drivers/STM32F1xx_HAL_Driver/Src/stm32f1xx_hal_tim_ex.c **** 
 4224              		.loc 1 1693 3 is_stmt 1 discriminator 4 view .LVU1179
 4225 0026 0022     		movs	r2, #0
 4226 0028 2946     		mov	r1, r5
 4227 002a 2068     		ldr	r0, [r4]
 4228 002c FFF7FEFF 		bl	TIM_CCxChannelCmd
 4229              	.LVL302:
1696:Drivers/STM32F1xx_HAL_Driver/Src/stm32f1xx_hal_tim_ex.c **** 
 4230              		.loc 1 1696 3 discriminator 4 view .LVU1180
1696:Drivers/STM32F1xx_HAL_Driver/Src/stm32f1xx_hal_tim_ex.c **** 
 4231              		.loc 1 1696 3 discriminator 4 view .LVU1181
 4232 0030 2368     		ldr	r3, [r4]
 4233 0032 196A     		ldr	r1, [r3, #32]
 4234 0034 41F21112 		movw	r2, #4369
 4235 0038 1142     		tst	r1, r2
 4236 003a 08D1     		bne	.L352
1696:Drivers/STM32F1xx_HAL_Driver/Src/stm32f1xx_hal_tim_ex.c **** 
 4237              		.loc 1 1696 3 discriminator 1 view .LVU1182
 4238 003c 196A     		ldr	r1, [r3, #32]
 4239 003e 40F24442 		movw	r2, #1092
 4240 0042 1142     		tst	r1, r2
 4241 0044 03D1     		bne	.L352
1696:Drivers/STM32F1xx_HAL_Driver/Src/stm32f1xx_hal_tim_ex.c **** 
 4242              		.loc 1 1696 3 discriminator 3 view .LVU1183
 4243 0046 5A6C     		ldr	r2, [r3, #68]
 4244 0048 22F40042 		bic	r2, r2, #32768
 4245 004c 5A64     		str	r2, [r3, #68]
 4246              	.L352:
1696:Drivers/STM32F1xx_HAL_Driver/Src/stm32f1xx_hal_tim_ex.c **** 
 4247              		.loc 1 1696 3 discriminator 5 view .LVU1184
1699:Drivers/STM32F1xx_HAL_Driver/Src/stm32f1xx_hal_tim_ex.c **** 
 4248              		.loc 1 1699 3 discriminator 5 view .LVU1185
1699:Drivers/STM32F1xx_HAL_Driver/Src/stm32f1xx_hal_tim_ex.c **** 
 4249              		.loc 1 1699 3 discriminator 5 view .LVU1186
 4250 004e 2368     		ldr	r3, [r4]
 4251 0050 196A     		ldr	r1, [r3, #32]
 4252 0052 41F21112 		movw	r2, #4369
 4253 0056 1142     		tst	r1, r2
 4254 0058 08D1     		bne	.L353
1699:Drivers/STM32F1xx_HAL_Driver/Src/stm32f1xx_hal_tim_ex.c **** 
 4255              		.loc 1 1699 3 discriminator 1 view .LVU1187
ARM GAS  C:\Users\Korisnik\AppData\Local\Temp\cckoF0Cb.s 			page 136


 4256 005a 196A     		ldr	r1, [r3, #32]
 4257 005c 40F24442 		movw	r2, #1092
 4258 0060 1142     		tst	r1, r2
 4259 0062 03D1     		bne	.L353
1699:Drivers/STM32F1xx_HAL_Driver/Src/stm32f1xx_hal_tim_ex.c **** 
 4260              		.loc 1 1699 3 discriminator 3 view .LVU1188
 4261 0064 1A68     		ldr	r2, [r3]
 4262 0066 22F00102 		bic	r2, r2, #1
 4263 006a 1A60     		str	r2, [r3]
 4264              	.L353:
1699:Drivers/STM32F1xx_HAL_Driver/Src/stm32f1xx_hal_tim_ex.c **** 
 4265              		.loc 1 1699 3 discriminator 5 view .LVU1189
1702:Drivers/STM32F1xx_HAL_Driver/Src/stm32f1xx_hal_tim_ex.c ****   TIM_CHANNEL_STATE_SET(htim, TIM_CHANNEL_2, HAL_TIM_CHANNEL_STATE_READY);
 4266              		.loc 1 1702 3 discriminator 5 view .LVU1190
 4267 006c 0123     		movs	r3, #1
 4268 006e 84F83E30 		strb	r3, [r4, #62]
1703:Drivers/STM32F1xx_HAL_Driver/Src/stm32f1xx_hal_tim_ex.c ****   TIM_CHANNEL_N_STATE_SET(htim, TIM_CHANNEL_1, HAL_TIM_CHANNEL_STATE_READY);
 4269              		.loc 1 1703 3 discriminator 5 view .LVU1191
 4270 0072 84F83F30 		strb	r3, [r4, #63]
1704:Drivers/STM32F1xx_HAL_Driver/Src/stm32f1xx_hal_tim_ex.c ****   TIM_CHANNEL_N_STATE_SET(htim, TIM_CHANNEL_2, HAL_TIM_CHANNEL_STATE_READY);
 4271              		.loc 1 1704 3 discriminator 5 view .LVU1192
 4272 0076 84F84230 		strb	r3, [r4, #66]
1705:Drivers/STM32F1xx_HAL_Driver/Src/stm32f1xx_hal_tim_ex.c **** 
 4273              		.loc 1 1705 3 discriminator 5 view .LVU1193
 4274 007a 84F84330 		strb	r3, [r4, #67]
1708:Drivers/STM32F1xx_HAL_Driver/Src/stm32f1xx_hal_tim_ex.c **** }
 4275              		.loc 1 1708 3 discriminator 5 view .LVU1194
1709:Drivers/STM32F1xx_HAL_Driver/Src/stm32f1xx_hal_tim_ex.c **** 
 4276              		.loc 1 1709 1 is_stmt 0 discriminator 5 view .LVU1195
 4277 007e 0020     		movs	r0, #0
 4278 0080 38BD     		pop	{r3, r4, r5, pc}
 4279              	.LVL303:
 4280              	.L354:
1680:Drivers/STM32F1xx_HAL_Driver/Src/stm32f1xx_hal_tim_ex.c **** 
 4281              		.loc 1 1680 77 view .LVU1196
 4282 0082 0025     		movs	r5, #0
 4283 0084 C1E7     		b	.L351
 4284              		.cfi_endproc
 4285              	.LFE90:
 4287              		.section	.text.HAL_TIMEx_ConfigCommutEvent,"ax",%progbits
 4288              		.align	1
 4289              		.global	HAL_TIMEx_ConfigCommutEvent
 4290              		.syntax unified
 4291              		.thumb
 4292              		.thumb_func
 4293              		.fpu softvfp
 4295              	HAL_TIMEx_ConfigCommutEvent:
 4296              	.LVL304:
 4297              	.LFB91:
1759:Drivers/STM32F1xx_HAL_Driver/Src/stm32f1xx_hal_tim_ex.c ****   /* Check the parameters */
 4298              		.loc 1 1759 1 is_stmt 1 view -0
 4299              		.cfi_startproc
 4300              		@ args = 0, pretend = 0, frame = 0
 4301              		@ frame_needed = 0, uses_anonymous_args = 0
 4302              		@ link register save eliminated.
1761:Drivers/STM32F1xx_HAL_Driver/Src/stm32f1xx_hal_tim_ex.c ****   assert_param(IS_TIM_INTERNAL_TRIGGEREVENT_SELECTION(InputTrigger));
 4303              		.loc 1 1761 3 view .LVU1198
ARM GAS  C:\Users\Korisnik\AppData\Local\Temp\cckoF0Cb.s 			page 137


1762:Drivers/STM32F1xx_HAL_Driver/Src/stm32f1xx_hal_tim_ex.c **** 
 4304              		.loc 1 1762 3 view .LVU1199
1764:Drivers/STM32F1xx_HAL_Driver/Src/stm32f1xx_hal_tim_ex.c **** 
 4305              		.loc 1 1764 3 view .LVU1200
1764:Drivers/STM32F1xx_HAL_Driver/Src/stm32f1xx_hal_tim_ex.c **** 
 4306              		.loc 1 1764 3 view .LVU1201
 4307 0000 90F83C30 		ldrb	r3, [r0, #60]	@ zero_extendqisi2
 4308 0004 012B     		cmp	r3, #1
 4309 0006 31D0     		beq	.L360
1759:Drivers/STM32F1xx_HAL_Driver/Src/stm32f1xx_hal_tim_ex.c ****   /* Check the parameters */
 4310              		.loc 1 1759 1 is_stmt 0 discriminator 2 view .LVU1202
 4311 0008 10B4     		push	{r4}
 4312              	.LCFI30:
 4313              		.cfi_def_cfa_offset 4
 4314              		.cfi_offset 4, -4
1764:Drivers/STM32F1xx_HAL_Driver/Src/stm32f1xx_hal_tim_ex.c **** 
 4315              		.loc 1 1764 3 is_stmt 1 discriminator 2 view .LVU1203
 4316 000a 0123     		movs	r3, #1
 4317 000c 80F83C30 		strb	r3, [r0, #60]
1764:Drivers/STM32F1xx_HAL_Driver/Src/stm32f1xx_hal_tim_ex.c **** 
 4318              		.loc 1 1764 3 discriminator 2 view .LVU1204
1766:Drivers/STM32F1xx_HAL_Driver/Src/stm32f1xx_hal_tim_ex.c ****       (InputTrigger == TIM_TS_ITR2) || (InputTrigger == TIM_TS_ITR3))
 4319              		.loc 1 1766 3 discriminator 2 view .LVU1205
1766:Drivers/STM32F1xx_HAL_Driver/Src/stm32f1xx_hal_tim_ex.c ****       (InputTrigger == TIM_TS_ITR2) || (InputTrigger == TIM_TS_ITR3))
 4320              		.loc 1 1766 6 is_stmt 0 discriminator 2 view .LVU1206
 4321 0010 29B1     		cbz	r1, .L358
1766:Drivers/STM32F1xx_HAL_Driver/Src/stm32f1xx_hal_tim_ex.c ****       (InputTrigger == TIM_TS_ITR2) || (InputTrigger == TIM_TS_ITR3))
 4322              		.loc 1 1766 37 discriminator 1 view .LVU1207
 4323 0012 1029     		cmp	r1, #16
 4324 0014 03D0     		beq	.L358
1766:Drivers/STM32F1xx_HAL_Driver/Src/stm32f1xx_hal_tim_ex.c ****       (InputTrigger == TIM_TS_ITR2) || (InputTrigger == TIM_TS_ITR3))
 4325              		.loc 1 1766 70 discriminator 2 view .LVU1208
 4326 0016 2029     		cmp	r1, #32
 4327 0018 01D0     		beq	.L358
1767:Drivers/STM32F1xx_HAL_Driver/Src/stm32f1xx_hal_tim_ex.c ****   {
 4328              		.loc 1 1767 37 view .LVU1209
 4329 001a 3029     		cmp	r1, #48
 4330 001c 08D1     		bne	.L359
 4331              	.L358:
1770:Drivers/STM32F1xx_HAL_Driver/Src/stm32f1xx_hal_tim_ex.c ****     htim->Instance->SMCR |= InputTrigger;
 4332              		.loc 1 1770 5 is_stmt 1 view .LVU1210
1770:Drivers/STM32F1xx_HAL_Driver/Src/stm32f1xx_hal_tim_ex.c ****     htim->Instance->SMCR |= InputTrigger;
 4333              		.loc 1 1770 9 is_stmt 0 view .LVU1211
 4334 001e 0468     		ldr	r4, [r0]
1770:Drivers/STM32F1xx_HAL_Driver/Src/stm32f1xx_hal_tim_ex.c ****     htim->Instance->SMCR |= InputTrigger;
 4335              		.loc 1 1770 26 view .LVU1212
 4336 0020 A368     		ldr	r3, [r4, #8]
 4337 0022 23F07003 		bic	r3, r3, #112
 4338 0026 A360     		str	r3, [r4, #8]
1771:Drivers/STM32F1xx_HAL_Driver/Src/stm32f1xx_hal_tim_ex.c ****   }
 4339              		.loc 1 1771 5 is_stmt 1 view .LVU1213
1771:Drivers/STM32F1xx_HAL_Driver/Src/stm32f1xx_hal_tim_ex.c ****   }
 4340              		.loc 1 1771 9 is_stmt 0 view .LVU1214
 4341 0028 0468     		ldr	r4, [r0]
1771:Drivers/STM32F1xx_HAL_Driver/Src/stm32f1xx_hal_tim_ex.c ****   }
 4342              		.loc 1 1771 26 view .LVU1215
 4343 002a A368     		ldr	r3, [r4, #8]
ARM GAS  C:\Users\Korisnik\AppData\Local\Temp\cckoF0Cb.s 			page 138


 4344 002c 1943     		orrs	r1, r1, r3
 4345              	.LVL305:
1771:Drivers/STM32F1xx_HAL_Driver/Src/stm32f1xx_hal_tim_ex.c ****   }
 4346              		.loc 1 1771 26 view .LVU1216
 4347 002e A160     		str	r1, [r4, #8]
 4348              	.L359:
1775:Drivers/STM32F1xx_HAL_Driver/Src/stm32f1xx_hal_tim_ex.c ****   /* Select the Commutation event source */
 4349              		.loc 1 1775 3 is_stmt 1 view .LVU1217
1775:Drivers/STM32F1xx_HAL_Driver/Src/stm32f1xx_hal_tim_ex.c ****   /* Select the Commutation event source */
 4350              		.loc 1 1775 7 is_stmt 0 view .LVU1218
 4351 0030 0168     		ldr	r1, [r0]
1775:Drivers/STM32F1xx_HAL_Driver/Src/stm32f1xx_hal_tim_ex.c ****   /* Select the Commutation event source */
 4352              		.loc 1 1775 23 view .LVU1219
 4353 0032 4B68     		ldr	r3, [r1, #4]
 4354 0034 43F00103 		orr	r3, r3, #1
 4355 0038 4B60     		str	r3, [r1, #4]
1777:Drivers/STM32F1xx_HAL_Driver/Src/stm32f1xx_hal_tim_ex.c ****   htim->Instance->CR2 |= CommutationSource;
 4356              		.loc 1 1777 3 is_stmt 1 view .LVU1220
1777:Drivers/STM32F1xx_HAL_Driver/Src/stm32f1xx_hal_tim_ex.c ****   htim->Instance->CR2 |= CommutationSource;
 4357              		.loc 1 1777 7 is_stmt 0 view .LVU1221
 4358 003a 0168     		ldr	r1, [r0]
1777:Drivers/STM32F1xx_HAL_Driver/Src/stm32f1xx_hal_tim_ex.c ****   htim->Instance->CR2 |= CommutationSource;
 4359              		.loc 1 1777 23 view .LVU1222
 4360 003c 4B68     		ldr	r3, [r1, #4]
 4361 003e 23F00403 		bic	r3, r3, #4
 4362 0042 4B60     		str	r3, [r1, #4]
1778:Drivers/STM32F1xx_HAL_Driver/Src/stm32f1xx_hal_tim_ex.c **** 
 4363              		.loc 1 1778 3 is_stmt 1 view .LVU1223
1778:Drivers/STM32F1xx_HAL_Driver/Src/stm32f1xx_hal_tim_ex.c **** 
 4364              		.loc 1 1778 7 is_stmt 0 view .LVU1224
 4365 0044 0168     		ldr	r1, [r0]
1778:Drivers/STM32F1xx_HAL_Driver/Src/stm32f1xx_hal_tim_ex.c **** 
 4366              		.loc 1 1778 23 view .LVU1225
 4367 0046 4B68     		ldr	r3, [r1, #4]
 4368 0048 1A43     		orrs	r2, r2, r3
 4369              	.LVL306:
1778:Drivers/STM32F1xx_HAL_Driver/Src/stm32f1xx_hal_tim_ex.c **** 
 4370              		.loc 1 1778 23 view .LVU1226
 4371 004a 4A60     		str	r2, [r1, #4]
1781:Drivers/STM32F1xx_HAL_Driver/Src/stm32f1xx_hal_tim_ex.c **** 
 4372              		.loc 1 1781 3 is_stmt 1 view .LVU1227
 4373 004c 0268     		ldr	r2, [r0]
 4374 004e D368     		ldr	r3, [r2, #12]
 4375 0050 23F02003 		bic	r3, r3, #32
 4376 0054 D360     		str	r3, [r2, #12]
1784:Drivers/STM32F1xx_HAL_Driver/Src/stm32f1xx_hal_tim_ex.c **** 
 4377              		.loc 1 1784 3 view .LVU1228
 4378 0056 0268     		ldr	r2, [r0]
 4379 0058 D368     		ldr	r3, [r2, #12]
 4380 005a 23F40053 		bic	r3, r3, #8192
 4381 005e D360     		str	r3, [r2, #12]
1786:Drivers/STM32F1xx_HAL_Driver/Src/stm32f1xx_hal_tim_ex.c **** 
 4382              		.loc 1 1786 3 view .LVU1229
1786:Drivers/STM32F1xx_HAL_Driver/Src/stm32f1xx_hal_tim_ex.c **** 
 4383              		.loc 1 1786 3 view .LVU1230
 4384 0060 0023     		movs	r3, #0
 4385 0062 80F83C30 		strb	r3, [r0, #60]
ARM GAS  C:\Users\Korisnik\AppData\Local\Temp\cckoF0Cb.s 			page 139


1786:Drivers/STM32F1xx_HAL_Driver/Src/stm32f1xx_hal_tim_ex.c **** 
 4386              		.loc 1 1786 3 view .LVU1231
1788:Drivers/STM32F1xx_HAL_Driver/Src/stm32f1xx_hal_tim_ex.c **** }
 4387              		.loc 1 1788 3 view .LVU1232
1788:Drivers/STM32F1xx_HAL_Driver/Src/stm32f1xx_hal_tim_ex.c **** }
 4388              		.loc 1 1788 10 is_stmt 0 view .LVU1233
 4389 0066 1846     		mov	r0, r3
 4390              	.LVL307:
1789:Drivers/STM32F1xx_HAL_Driver/Src/stm32f1xx_hal_tim_ex.c **** 
 4391              		.loc 1 1789 1 view .LVU1234
 4392 0068 10BC     		pop	{r4}
 4393              	.LCFI31:
 4394              		.cfi_restore 4
 4395              		.cfi_def_cfa_offset 0
 4396 006a 7047     		bx	lr
 4397              	.LVL308:
 4398              	.L360:
1764:Drivers/STM32F1xx_HAL_Driver/Src/stm32f1xx_hal_tim_ex.c **** 
 4399              		.loc 1 1764 3 view .LVU1235
 4400 006c 0220     		movs	r0, #2
 4401              	.LVL309:
1789:Drivers/STM32F1xx_HAL_Driver/Src/stm32f1xx_hal_tim_ex.c **** 
 4402              		.loc 1 1789 1 view .LVU1236
 4403 006e 7047     		bx	lr
 4404              		.cfi_endproc
 4405              	.LFE91:
 4407              		.section	.text.HAL_TIMEx_ConfigCommutEvent_IT,"ax",%progbits
 4408              		.align	1
 4409              		.global	HAL_TIMEx_ConfigCommutEvent_IT
 4410              		.syntax unified
 4411              		.thumb
 4412              		.thumb_func
 4413              		.fpu softvfp
 4415              	HAL_TIMEx_ConfigCommutEvent_IT:
 4416              	.LVL310:
 4417              	.LFB92:
1815:Drivers/STM32F1xx_HAL_Driver/Src/stm32f1xx_hal_tim_ex.c ****   /* Check the parameters */
 4418              		.loc 1 1815 1 is_stmt 1 view -0
 4419              		.cfi_startproc
 4420              		@ args = 0, pretend = 0, frame = 0
 4421              		@ frame_needed = 0, uses_anonymous_args = 0
 4422              		@ link register save eliminated.
1817:Drivers/STM32F1xx_HAL_Driver/Src/stm32f1xx_hal_tim_ex.c ****   assert_param(IS_TIM_INTERNAL_TRIGGEREVENT_SELECTION(InputTrigger));
 4423              		.loc 1 1817 3 view .LVU1238
1818:Drivers/STM32F1xx_HAL_Driver/Src/stm32f1xx_hal_tim_ex.c **** 
 4424              		.loc 1 1818 3 view .LVU1239
1820:Drivers/STM32F1xx_HAL_Driver/Src/stm32f1xx_hal_tim_ex.c **** 
 4425              		.loc 1 1820 3 view .LVU1240
1820:Drivers/STM32F1xx_HAL_Driver/Src/stm32f1xx_hal_tim_ex.c **** 
 4426              		.loc 1 1820 3 view .LVU1241
 4427 0000 90F83C30 		ldrb	r3, [r0, #60]	@ zero_extendqisi2
 4428 0004 012B     		cmp	r3, #1
 4429 0006 31D0     		beq	.L369
1815:Drivers/STM32F1xx_HAL_Driver/Src/stm32f1xx_hal_tim_ex.c ****   /* Check the parameters */
 4430              		.loc 1 1815 1 is_stmt 0 discriminator 2 view .LVU1242
 4431 0008 10B4     		push	{r4}
 4432              	.LCFI32:
ARM GAS  C:\Users\Korisnik\AppData\Local\Temp\cckoF0Cb.s 			page 140


 4433              		.cfi_def_cfa_offset 4
 4434              		.cfi_offset 4, -4
1820:Drivers/STM32F1xx_HAL_Driver/Src/stm32f1xx_hal_tim_ex.c **** 
 4435              		.loc 1 1820 3 is_stmt 1 discriminator 2 view .LVU1243
 4436 000a 0123     		movs	r3, #1
 4437 000c 80F83C30 		strb	r3, [r0, #60]
1820:Drivers/STM32F1xx_HAL_Driver/Src/stm32f1xx_hal_tim_ex.c **** 
 4438              		.loc 1 1820 3 discriminator 2 view .LVU1244
1822:Drivers/STM32F1xx_HAL_Driver/Src/stm32f1xx_hal_tim_ex.c ****       (InputTrigger == TIM_TS_ITR2) || (InputTrigger == TIM_TS_ITR3))
 4439              		.loc 1 1822 3 discriminator 2 view .LVU1245
1822:Drivers/STM32F1xx_HAL_Driver/Src/stm32f1xx_hal_tim_ex.c ****       (InputTrigger == TIM_TS_ITR2) || (InputTrigger == TIM_TS_ITR3))
 4440              		.loc 1 1822 6 is_stmt 0 discriminator 2 view .LVU1246
 4441 0010 29B1     		cbz	r1, .L367
1822:Drivers/STM32F1xx_HAL_Driver/Src/stm32f1xx_hal_tim_ex.c ****       (InputTrigger == TIM_TS_ITR2) || (InputTrigger == TIM_TS_ITR3))
 4442              		.loc 1 1822 37 discriminator 1 view .LVU1247
 4443 0012 1029     		cmp	r1, #16
 4444 0014 03D0     		beq	.L367
1822:Drivers/STM32F1xx_HAL_Driver/Src/stm32f1xx_hal_tim_ex.c ****       (InputTrigger == TIM_TS_ITR2) || (InputTrigger == TIM_TS_ITR3))
 4445              		.loc 1 1822 70 discriminator 2 view .LVU1248
 4446 0016 2029     		cmp	r1, #32
 4447 0018 01D0     		beq	.L367
1823:Drivers/STM32F1xx_HAL_Driver/Src/stm32f1xx_hal_tim_ex.c ****   {
 4448              		.loc 1 1823 37 view .LVU1249
 4449 001a 3029     		cmp	r1, #48
 4450 001c 08D1     		bne	.L368
 4451              	.L367:
1826:Drivers/STM32F1xx_HAL_Driver/Src/stm32f1xx_hal_tim_ex.c ****     htim->Instance->SMCR |= InputTrigger;
 4452              		.loc 1 1826 5 is_stmt 1 view .LVU1250
1826:Drivers/STM32F1xx_HAL_Driver/Src/stm32f1xx_hal_tim_ex.c ****     htim->Instance->SMCR |= InputTrigger;
 4453              		.loc 1 1826 9 is_stmt 0 view .LVU1251
 4454 001e 0468     		ldr	r4, [r0]
1826:Drivers/STM32F1xx_HAL_Driver/Src/stm32f1xx_hal_tim_ex.c ****     htim->Instance->SMCR |= InputTrigger;
 4455              		.loc 1 1826 26 view .LVU1252
 4456 0020 A368     		ldr	r3, [r4, #8]
 4457 0022 23F07003 		bic	r3, r3, #112
 4458 0026 A360     		str	r3, [r4, #8]
1827:Drivers/STM32F1xx_HAL_Driver/Src/stm32f1xx_hal_tim_ex.c ****   }
 4459              		.loc 1 1827 5 is_stmt 1 view .LVU1253
1827:Drivers/STM32F1xx_HAL_Driver/Src/stm32f1xx_hal_tim_ex.c ****   }
 4460              		.loc 1 1827 9 is_stmt 0 view .LVU1254
 4461 0028 0468     		ldr	r4, [r0]
1827:Drivers/STM32F1xx_HAL_Driver/Src/stm32f1xx_hal_tim_ex.c ****   }
 4462              		.loc 1 1827 26 view .LVU1255
 4463 002a A368     		ldr	r3, [r4, #8]
 4464 002c 1943     		orrs	r1, r1, r3
 4465              	.LVL311:
1827:Drivers/STM32F1xx_HAL_Driver/Src/stm32f1xx_hal_tim_ex.c ****   }
 4466              		.loc 1 1827 26 view .LVU1256
 4467 002e A160     		str	r1, [r4, #8]
 4468              	.L368:
1831:Drivers/STM32F1xx_HAL_Driver/Src/stm32f1xx_hal_tim_ex.c ****   /* Select the Commutation event source */
 4469              		.loc 1 1831 3 is_stmt 1 view .LVU1257
1831:Drivers/STM32F1xx_HAL_Driver/Src/stm32f1xx_hal_tim_ex.c ****   /* Select the Commutation event source */
 4470              		.loc 1 1831 7 is_stmt 0 view .LVU1258
 4471 0030 0168     		ldr	r1, [r0]
1831:Drivers/STM32F1xx_HAL_Driver/Src/stm32f1xx_hal_tim_ex.c ****   /* Select the Commutation event source */
 4472              		.loc 1 1831 23 view .LVU1259
ARM GAS  C:\Users\Korisnik\AppData\Local\Temp\cckoF0Cb.s 			page 141


 4473 0032 4B68     		ldr	r3, [r1, #4]
 4474 0034 43F00103 		orr	r3, r3, #1
 4475 0038 4B60     		str	r3, [r1, #4]
1833:Drivers/STM32F1xx_HAL_Driver/Src/stm32f1xx_hal_tim_ex.c ****   htim->Instance->CR2 |= CommutationSource;
 4476              		.loc 1 1833 3 is_stmt 1 view .LVU1260
1833:Drivers/STM32F1xx_HAL_Driver/Src/stm32f1xx_hal_tim_ex.c ****   htim->Instance->CR2 |= CommutationSource;
 4477              		.loc 1 1833 7 is_stmt 0 view .LVU1261
 4478 003a 0168     		ldr	r1, [r0]
1833:Drivers/STM32F1xx_HAL_Driver/Src/stm32f1xx_hal_tim_ex.c ****   htim->Instance->CR2 |= CommutationSource;
 4479              		.loc 1 1833 23 view .LVU1262
 4480 003c 4B68     		ldr	r3, [r1, #4]
 4481 003e 23F00403 		bic	r3, r3, #4
 4482 0042 4B60     		str	r3, [r1, #4]
1834:Drivers/STM32F1xx_HAL_Driver/Src/stm32f1xx_hal_tim_ex.c **** 
 4483              		.loc 1 1834 3 is_stmt 1 view .LVU1263
1834:Drivers/STM32F1xx_HAL_Driver/Src/stm32f1xx_hal_tim_ex.c **** 
 4484              		.loc 1 1834 7 is_stmt 0 view .LVU1264
 4485 0044 0168     		ldr	r1, [r0]
1834:Drivers/STM32F1xx_HAL_Driver/Src/stm32f1xx_hal_tim_ex.c **** 
 4486              		.loc 1 1834 23 view .LVU1265
 4487 0046 4B68     		ldr	r3, [r1, #4]
 4488 0048 1A43     		orrs	r2, r2, r3
 4489              	.LVL312:
1834:Drivers/STM32F1xx_HAL_Driver/Src/stm32f1xx_hal_tim_ex.c **** 
 4490              		.loc 1 1834 23 view .LVU1266
 4491 004a 4A60     		str	r2, [r1, #4]
1837:Drivers/STM32F1xx_HAL_Driver/Src/stm32f1xx_hal_tim_ex.c **** 
 4492              		.loc 1 1837 3 is_stmt 1 view .LVU1267
 4493 004c 0268     		ldr	r2, [r0]
 4494 004e D368     		ldr	r3, [r2, #12]
 4495 0050 23F40053 		bic	r3, r3, #8192
 4496 0054 D360     		str	r3, [r2, #12]
1840:Drivers/STM32F1xx_HAL_Driver/Src/stm32f1xx_hal_tim_ex.c **** 
 4497              		.loc 1 1840 3 view .LVU1268
 4498 0056 0268     		ldr	r2, [r0]
 4499 0058 D368     		ldr	r3, [r2, #12]
 4500 005a 43F02003 		orr	r3, r3, #32
 4501 005e D360     		str	r3, [r2, #12]
1842:Drivers/STM32F1xx_HAL_Driver/Src/stm32f1xx_hal_tim_ex.c **** 
 4502              		.loc 1 1842 3 view .LVU1269
1842:Drivers/STM32F1xx_HAL_Driver/Src/stm32f1xx_hal_tim_ex.c **** 
 4503              		.loc 1 1842 3 view .LVU1270
 4504 0060 0023     		movs	r3, #0
 4505 0062 80F83C30 		strb	r3, [r0, #60]
1842:Drivers/STM32F1xx_HAL_Driver/Src/stm32f1xx_hal_tim_ex.c **** 
 4506              		.loc 1 1842 3 view .LVU1271
1844:Drivers/STM32F1xx_HAL_Driver/Src/stm32f1xx_hal_tim_ex.c **** }
 4507              		.loc 1 1844 3 view .LVU1272
1844:Drivers/STM32F1xx_HAL_Driver/Src/stm32f1xx_hal_tim_ex.c **** }
 4508              		.loc 1 1844 10 is_stmt 0 view .LVU1273
 4509 0066 1846     		mov	r0, r3
 4510              	.LVL313:
1845:Drivers/STM32F1xx_HAL_Driver/Src/stm32f1xx_hal_tim_ex.c **** 
 4511              		.loc 1 1845 1 view .LVU1274
 4512 0068 10BC     		pop	{r4}
 4513              	.LCFI33:
 4514              		.cfi_restore 4
ARM GAS  C:\Users\Korisnik\AppData\Local\Temp\cckoF0Cb.s 			page 142


 4515              		.cfi_def_cfa_offset 0
 4516 006a 7047     		bx	lr
 4517              	.LVL314:
 4518              	.L369:
1820:Drivers/STM32F1xx_HAL_Driver/Src/stm32f1xx_hal_tim_ex.c **** 
 4519              		.loc 1 1820 3 view .LVU1275
 4520 006c 0220     		movs	r0, #2
 4521              	.LVL315:
1845:Drivers/STM32F1xx_HAL_Driver/Src/stm32f1xx_hal_tim_ex.c **** 
 4522              		.loc 1 1845 1 view .LVU1276
 4523 006e 7047     		bx	lr
 4524              		.cfi_endproc
 4525              	.LFE92:
 4527              		.section	.text.HAL_TIMEx_ConfigCommutEvent_DMA,"ax",%progbits
 4528              		.align	1
 4529              		.global	HAL_TIMEx_ConfigCommutEvent_DMA
 4530              		.syntax unified
 4531              		.thumb
 4532              		.thumb_func
 4533              		.fpu softvfp
 4535              	HAL_TIMEx_ConfigCommutEvent_DMA:
 4536              	.LVL316:
 4537              	.LFB93:
1872:Drivers/STM32F1xx_HAL_Driver/Src/stm32f1xx_hal_tim_ex.c ****   /* Check the parameters */
 4538              		.loc 1 1872 1 is_stmt 1 view -0
 4539              		.cfi_startproc
 4540              		@ args = 0, pretend = 0, frame = 0
 4541              		@ frame_needed = 0, uses_anonymous_args = 0
 4542              		@ link register save eliminated.
1874:Drivers/STM32F1xx_HAL_Driver/Src/stm32f1xx_hal_tim_ex.c ****   assert_param(IS_TIM_INTERNAL_TRIGGEREVENT_SELECTION(InputTrigger));
 4543              		.loc 1 1874 3 view .LVU1278
1875:Drivers/STM32F1xx_HAL_Driver/Src/stm32f1xx_hal_tim_ex.c **** 
 4544              		.loc 1 1875 3 view .LVU1279
1877:Drivers/STM32F1xx_HAL_Driver/Src/stm32f1xx_hal_tim_ex.c **** 
 4545              		.loc 1 1877 3 view .LVU1280
1877:Drivers/STM32F1xx_HAL_Driver/Src/stm32f1xx_hal_tim_ex.c **** 
 4546              		.loc 1 1877 3 view .LVU1281
 4547 0000 90F83C30 		ldrb	r3, [r0, #60]	@ zero_extendqisi2
 4548 0004 012B     		cmp	r3, #1
 4549 0006 3AD0     		beq	.L378
1872:Drivers/STM32F1xx_HAL_Driver/Src/stm32f1xx_hal_tim_ex.c ****   /* Check the parameters */
 4550              		.loc 1 1872 1 is_stmt 0 discriminator 2 view .LVU1282
 4551 0008 10B4     		push	{r4}
 4552              	.LCFI34:
 4553              		.cfi_def_cfa_offset 4
 4554              		.cfi_offset 4, -4
1877:Drivers/STM32F1xx_HAL_Driver/Src/stm32f1xx_hal_tim_ex.c **** 
 4555              		.loc 1 1877 3 is_stmt 1 discriminator 2 view .LVU1283
 4556 000a 0123     		movs	r3, #1
 4557 000c 80F83C30 		strb	r3, [r0, #60]
1877:Drivers/STM32F1xx_HAL_Driver/Src/stm32f1xx_hal_tim_ex.c **** 
 4558              		.loc 1 1877 3 discriminator 2 view .LVU1284
1879:Drivers/STM32F1xx_HAL_Driver/Src/stm32f1xx_hal_tim_ex.c ****       (InputTrigger == TIM_TS_ITR2) || (InputTrigger == TIM_TS_ITR3))
 4559              		.loc 1 1879 3 discriminator 2 view .LVU1285
1879:Drivers/STM32F1xx_HAL_Driver/Src/stm32f1xx_hal_tim_ex.c ****       (InputTrigger == TIM_TS_ITR2) || (InputTrigger == TIM_TS_ITR3))
 4560              		.loc 1 1879 6 is_stmt 0 discriminator 2 view .LVU1286
 4561 0010 29B1     		cbz	r1, .L376
ARM GAS  C:\Users\Korisnik\AppData\Local\Temp\cckoF0Cb.s 			page 143


1879:Drivers/STM32F1xx_HAL_Driver/Src/stm32f1xx_hal_tim_ex.c ****       (InputTrigger == TIM_TS_ITR2) || (InputTrigger == TIM_TS_ITR3))
 4562              		.loc 1 1879 37 discriminator 1 view .LVU1287
 4563 0012 1029     		cmp	r1, #16
 4564 0014 03D0     		beq	.L376
1879:Drivers/STM32F1xx_HAL_Driver/Src/stm32f1xx_hal_tim_ex.c ****       (InputTrigger == TIM_TS_ITR2) || (InputTrigger == TIM_TS_ITR3))
 4565              		.loc 1 1879 70 discriminator 2 view .LVU1288
 4566 0016 2029     		cmp	r1, #32
 4567 0018 01D0     		beq	.L376
1880:Drivers/STM32F1xx_HAL_Driver/Src/stm32f1xx_hal_tim_ex.c ****   {
 4568              		.loc 1 1880 37 view .LVU1289
 4569 001a 3029     		cmp	r1, #48
 4570 001c 08D1     		bne	.L377
 4571              	.L376:
1883:Drivers/STM32F1xx_HAL_Driver/Src/stm32f1xx_hal_tim_ex.c ****     htim->Instance->SMCR |= InputTrigger;
 4572              		.loc 1 1883 5 is_stmt 1 view .LVU1290
1883:Drivers/STM32F1xx_HAL_Driver/Src/stm32f1xx_hal_tim_ex.c ****     htim->Instance->SMCR |= InputTrigger;
 4573              		.loc 1 1883 9 is_stmt 0 view .LVU1291
 4574 001e 0468     		ldr	r4, [r0]
1883:Drivers/STM32F1xx_HAL_Driver/Src/stm32f1xx_hal_tim_ex.c ****     htim->Instance->SMCR |= InputTrigger;
 4575              		.loc 1 1883 26 view .LVU1292
 4576 0020 A368     		ldr	r3, [r4, #8]
 4577 0022 23F07003 		bic	r3, r3, #112
 4578 0026 A360     		str	r3, [r4, #8]
1884:Drivers/STM32F1xx_HAL_Driver/Src/stm32f1xx_hal_tim_ex.c ****   }
 4579              		.loc 1 1884 5 is_stmt 1 view .LVU1293
1884:Drivers/STM32F1xx_HAL_Driver/Src/stm32f1xx_hal_tim_ex.c ****   }
 4580              		.loc 1 1884 9 is_stmt 0 view .LVU1294
 4581 0028 0468     		ldr	r4, [r0]
1884:Drivers/STM32F1xx_HAL_Driver/Src/stm32f1xx_hal_tim_ex.c ****   }
 4582              		.loc 1 1884 26 view .LVU1295
 4583 002a A368     		ldr	r3, [r4, #8]
 4584 002c 1943     		orrs	r1, r1, r3
 4585              	.LVL317:
1884:Drivers/STM32F1xx_HAL_Driver/Src/stm32f1xx_hal_tim_ex.c ****   }
 4586              		.loc 1 1884 26 view .LVU1296
 4587 002e A160     		str	r1, [r4, #8]
 4588              	.L377:
1888:Drivers/STM32F1xx_HAL_Driver/Src/stm32f1xx_hal_tim_ex.c ****   /* Select the Commutation event source */
 4589              		.loc 1 1888 3 is_stmt 1 view .LVU1297
1888:Drivers/STM32F1xx_HAL_Driver/Src/stm32f1xx_hal_tim_ex.c ****   /* Select the Commutation event source */
 4590              		.loc 1 1888 7 is_stmt 0 view .LVU1298
 4591 0030 0168     		ldr	r1, [r0]
1888:Drivers/STM32F1xx_HAL_Driver/Src/stm32f1xx_hal_tim_ex.c ****   /* Select the Commutation event source */
 4592              		.loc 1 1888 23 view .LVU1299
 4593 0032 4B68     		ldr	r3, [r1, #4]
 4594 0034 43F00103 		orr	r3, r3, #1
 4595 0038 4B60     		str	r3, [r1, #4]
1890:Drivers/STM32F1xx_HAL_Driver/Src/stm32f1xx_hal_tim_ex.c ****   htim->Instance->CR2 |= CommutationSource;
 4596              		.loc 1 1890 3 is_stmt 1 view .LVU1300
1890:Drivers/STM32F1xx_HAL_Driver/Src/stm32f1xx_hal_tim_ex.c ****   htim->Instance->CR2 |= CommutationSource;
 4597              		.loc 1 1890 7 is_stmt 0 view .LVU1301
 4598 003a 0168     		ldr	r1, [r0]
1890:Drivers/STM32F1xx_HAL_Driver/Src/stm32f1xx_hal_tim_ex.c ****   htim->Instance->CR2 |= CommutationSource;
 4599              		.loc 1 1890 23 view .LVU1302
 4600 003c 4B68     		ldr	r3, [r1, #4]
 4601 003e 23F00403 		bic	r3, r3, #4
 4602 0042 4B60     		str	r3, [r1, #4]
ARM GAS  C:\Users\Korisnik\AppData\Local\Temp\cckoF0Cb.s 			page 144


1891:Drivers/STM32F1xx_HAL_Driver/Src/stm32f1xx_hal_tim_ex.c **** 
 4603              		.loc 1 1891 3 is_stmt 1 view .LVU1303
1891:Drivers/STM32F1xx_HAL_Driver/Src/stm32f1xx_hal_tim_ex.c **** 
 4604              		.loc 1 1891 7 is_stmt 0 view .LVU1304
 4605 0044 0168     		ldr	r1, [r0]
1891:Drivers/STM32F1xx_HAL_Driver/Src/stm32f1xx_hal_tim_ex.c **** 
 4606              		.loc 1 1891 23 view .LVU1305
 4607 0046 4B68     		ldr	r3, [r1, #4]
 4608 0048 1A43     		orrs	r2, r2, r3
 4609              	.LVL318:
1891:Drivers/STM32F1xx_HAL_Driver/Src/stm32f1xx_hal_tim_ex.c **** 
 4610              		.loc 1 1891 23 view .LVU1306
 4611 004a 4A60     		str	r2, [r1, #4]
1895:Drivers/STM32F1xx_HAL_Driver/Src/stm32f1xx_hal_tim_ex.c ****   htim->hdma[TIM_DMA_ID_COMMUTATION]->XferHalfCpltCallback = TIMEx_DMACommutationHalfCplt;
 4612              		.loc 1 1895 3 is_stmt 1 view .LVU1307
1895:Drivers/STM32F1xx_HAL_Driver/Src/stm32f1xx_hal_tim_ex.c ****   htim->hdma[TIM_DMA_ID_COMMUTATION]->XferHalfCpltCallback = TIMEx_DMACommutationHalfCplt;
 4613              		.loc 1 1895 13 is_stmt 0 view .LVU1308
 4614 004c 436B     		ldr	r3, [r0, #52]
1895:Drivers/STM32F1xx_HAL_Driver/Src/stm32f1xx_hal_tim_ex.c ****   htim->hdma[TIM_DMA_ID_COMMUTATION]->XferHalfCpltCallback = TIMEx_DMACommutationHalfCplt;
 4615              		.loc 1 1895 56 view .LVU1309
 4616 004e 0D4A     		ldr	r2, .L383
 4617 0050 9A62     		str	r2, [r3, #40]
1896:Drivers/STM32F1xx_HAL_Driver/Src/stm32f1xx_hal_tim_ex.c ****   /* Set the DMA error callback */
 4618              		.loc 1 1896 3 is_stmt 1 view .LVU1310
1896:Drivers/STM32F1xx_HAL_Driver/Src/stm32f1xx_hal_tim_ex.c ****   /* Set the DMA error callback */
 4619              		.loc 1 1896 13 is_stmt 0 view .LVU1311
 4620 0052 436B     		ldr	r3, [r0, #52]
1896:Drivers/STM32F1xx_HAL_Driver/Src/stm32f1xx_hal_tim_ex.c ****   /* Set the DMA error callback */
 4621              		.loc 1 1896 60 view .LVU1312
 4622 0054 0C4A     		ldr	r2, .L383+4
 4623 0056 DA62     		str	r2, [r3, #44]
1898:Drivers/STM32F1xx_HAL_Driver/Src/stm32f1xx_hal_tim_ex.c **** 
 4624              		.loc 1 1898 3 is_stmt 1 view .LVU1313
1898:Drivers/STM32F1xx_HAL_Driver/Src/stm32f1xx_hal_tim_ex.c **** 
 4625              		.loc 1 1898 13 is_stmt 0 view .LVU1314
 4626 0058 436B     		ldr	r3, [r0, #52]
1898:Drivers/STM32F1xx_HAL_Driver/Src/stm32f1xx_hal_tim_ex.c **** 
 4627              		.loc 1 1898 57 view .LVU1315
 4628 005a 0C4A     		ldr	r2, .L383+8
 4629 005c 1A63     		str	r2, [r3, #48]
1901:Drivers/STM32F1xx_HAL_Driver/Src/stm32f1xx_hal_tim_ex.c **** 
 4630              		.loc 1 1901 3 is_stmt 1 view .LVU1316
 4631 005e 0268     		ldr	r2, [r0]
 4632 0060 D368     		ldr	r3, [r2, #12]
 4633 0062 23F02003 		bic	r3, r3, #32
 4634 0066 D360     		str	r3, [r2, #12]
1904:Drivers/STM32F1xx_HAL_Driver/Src/stm32f1xx_hal_tim_ex.c **** 
 4635              		.loc 1 1904 3 view .LVU1317
 4636 0068 0268     		ldr	r2, [r0]
 4637 006a D368     		ldr	r3, [r2, #12]
 4638 006c 43F40053 		orr	r3, r3, #8192
 4639 0070 D360     		str	r3, [r2, #12]
1906:Drivers/STM32F1xx_HAL_Driver/Src/stm32f1xx_hal_tim_ex.c **** 
 4640              		.loc 1 1906 3 view .LVU1318
1906:Drivers/STM32F1xx_HAL_Driver/Src/stm32f1xx_hal_tim_ex.c **** 
 4641              		.loc 1 1906 3 view .LVU1319
 4642 0072 0023     		movs	r3, #0
ARM GAS  C:\Users\Korisnik\AppData\Local\Temp\cckoF0Cb.s 			page 145


 4643 0074 80F83C30 		strb	r3, [r0, #60]
1906:Drivers/STM32F1xx_HAL_Driver/Src/stm32f1xx_hal_tim_ex.c **** 
 4644              		.loc 1 1906 3 view .LVU1320
1908:Drivers/STM32F1xx_HAL_Driver/Src/stm32f1xx_hal_tim_ex.c **** }
 4645              		.loc 1 1908 3 view .LVU1321
1908:Drivers/STM32F1xx_HAL_Driver/Src/stm32f1xx_hal_tim_ex.c **** }
 4646              		.loc 1 1908 10 is_stmt 0 view .LVU1322
 4647 0078 1846     		mov	r0, r3
 4648              	.LVL319:
1909:Drivers/STM32F1xx_HAL_Driver/Src/stm32f1xx_hal_tim_ex.c **** 
 4649              		.loc 1 1909 1 view .LVU1323
 4650 007a 10BC     		pop	{r4}
 4651              	.LCFI35:
 4652              		.cfi_restore 4
 4653              		.cfi_def_cfa_offset 0
 4654 007c 7047     		bx	lr
 4655              	.LVL320:
 4656              	.L378:
1877:Drivers/STM32F1xx_HAL_Driver/Src/stm32f1xx_hal_tim_ex.c **** 
 4657              		.loc 1 1877 3 view .LVU1324
 4658 007e 0220     		movs	r0, #2
 4659              	.LVL321:
1909:Drivers/STM32F1xx_HAL_Driver/Src/stm32f1xx_hal_tim_ex.c **** 
 4660              		.loc 1 1909 1 view .LVU1325
 4661 0080 7047     		bx	lr
 4662              	.L384:
 4663 0082 00BF     		.align	2
 4664              	.L383:
 4665 0084 00000000 		.word	TIMEx_DMACommutationCplt
 4666 0088 00000000 		.word	TIMEx_DMACommutationHalfCplt
 4667 008c 00000000 		.word	TIM_DMAError
 4668              		.cfi_endproc
 4669              	.LFE93:
 4671              		.section	.text.HAL_TIMEx_MasterConfigSynchronization,"ax",%progbits
 4672              		.align	1
 4673              		.global	HAL_TIMEx_MasterConfigSynchronization
 4674              		.syntax unified
 4675              		.thumb
 4676              		.thumb_func
 4677              		.fpu softvfp
 4679              	HAL_TIMEx_MasterConfigSynchronization:
 4680              	.LVL322:
 4681              	.LFB94:
1921:Drivers/STM32F1xx_HAL_Driver/Src/stm32f1xx_hal_tim_ex.c ****   uint32_t tmpcr2;
 4682              		.loc 1 1921 1 is_stmt 1 view -0
 4683              		.cfi_startproc
 4684              		@ args = 0, pretend = 0, frame = 0
 4685              		@ frame_needed = 0, uses_anonymous_args = 0
 4686              		@ link register save eliminated.
1922:Drivers/STM32F1xx_HAL_Driver/Src/stm32f1xx_hal_tim_ex.c ****   uint32_t tmpsmcr;
 4687              		.loc 1 1922 3 view .LVU1327
1923:Drivers/STM32F1xx_HAL_Driver/Src/stm32f1xx_hal_tim_ex.c **** 
 4688              		.loc 1 1923 3 view .LVU1328
1926:Drivers/STM32F1xx_HAL_Driver/Src/stm32f1xx_hal_tim_ex.c ****   assert_param(IS_TIM_TRGO_SOURCE(sMasterConfig->MasterOutputTrigger));
 4689              		.loc 1 1926 3 view .LVU1329
1927:Drivers/STM32F1xx_HAL_Driver/Src/stm32f1xx_hal_tim_ex.c ****   assert_param(IS_TIM_MSM_STATE(sMasterConfig->MasterSlaveMode));
 4690              		.loc 1 1927 3 view .LVU1330
ARM GAS  C:\Users\Korisnik\AppData\Local\Temp\cckoF0Cb.s 			page 146


1928:Drivers/STM32F1xx_HAL_Driver/Src/stm32f1xx_hal_tim_ex.c **** 
 4691              		.loc 1 1928 3 view .LVU1331
1931:Drivers/STM32F1xx_HAL_Driver/Src/stm32f1xx_hal_tim_ex.c **** 
 4692              		.loc 1 1931 3 view .LVU1332
1931:Drivers/STM32F1xx_HAL_Driver/Src/stm32f1xx_hal_tim_ex.c **** 
 4693              		.loc 1 1931 3 view .LVU1333
 4694 0000 90F83C30 		ldrb	r3, [r0, #60]	@ zero_extendqisi2
 4695 0004 012B     		cmp	r3, #1
 4696 0006 28D0     		beq	.L389
1921:Drivers/STM32F1xx_HAL_Driver/Src/stm32f1xx_hal_tim_ex.c ****   uint32_t tmpcr2;
 4697              		.loc 1 1921 1 is_stmt 0 discriminator 2 view .LVU1334
 4698 0008 10B4     		push	{r4}
 4699              	.LCFI36:
 4700              		.cfi_def_cfa_offset 4
 4701              		.cfi_offset 4, -4
1931:Drivers/STM32F1xx_HAL_Driver/Src/stm32f1xx_hal_tim_ex.c **** 
 4702              		.loc 1 1931 3 is_stmt 1 discriminator 2 view .LVU1335
 4703 000a 0123     		movs	r3, #1
 4704 000c 80F83C30 		strb	r3, [r0, #60]
1931:Drivers/STM32F1xx_HAL_Driver/Src/stm32f1xx_hal_tim_ex.c **** 
 4705              		.loc 1 1931 3 discriminator 2 view .LVU1336
1934:Drivers/STM32F1xx_HAL_Driver/Src/stm32f1xx_hal_tim_ex.c **** 
 4706              		.loc 1 1934 3 discriminator 2 view .LVU1337
1934:Drivers/STM32F1xx_HAL_Driver/Src/stm32f1xx_hal_tim_ex.c **** 
 4707              		.loc 1 1934 15 is_stmt 0 discriminator 2 view .LVU1338
 4708 0010 0223     		movs	r3, #2
 4709 0012 80F83D30 		strb	r3, [r0, #61]
1937:Drivers/STM32F1xx_HAL_Driver/Src/stm32f1xx_hal_tim_ex.c **** 
 4710              		.loc 1 1937 3 is_stmt 1 discriminator 2 view .LVU1339
1937:Drivers/STM32F1xx_HAL_Driver/Src/stm32f1xx_hal_tim_ex.c **** 
 4711              		.loc 1 1937 16 is_stmt 0 discriminator 2 view .LVU1340
 4712 0016 0368     		ldr	r3, [r0]
1937:Drivers/STM32F1xx_HAL_Driver/Src/stm32f1xx_hal_tim_ex.c **** 
 4713              		.loc 1 1937 10 discriminator 2 view .LVU1341
 4714 0018 5A68     		ldr	r2, [r3, #4]
 4715              	.LVL323:
1940:Drivers/STM32F1xx_HAL_Driver/Src/stm32f1xx_hal_tim_ex.c **** 
 4716              		.loc 1 1940 3 is_stmt 1 discriminator 2 view .LVU1342
1940:Drivers/STM32F1xx_HAL_Driver/Src/stm32f1xx_hal_tim_ex.c **** 
 4717              		.loc 1 1940 11 is_stmt 0 discriminator 2 view .LVU1343
 4718 001a 9C68     		ldr	r4, [r3, #8]
 4719              	.LVL324:
1943:Drivers/STM32F1xx_HAL_Driver/Src/stm32f1xx_hal_tim_ex.c ****   /* Select the TRGO source */
 4720              		.loc 1 1943 3 is_stmt 1 discriminator 2 view .LVU1344
1943:Drivers/STM32F1xx_HAL_Driver/Src/stm32f1xx_hal_tim_ex.c ****   /* Select the TRGO source */
 4721              		.loc 1 1943 10 is_stmt 0 discriminator 2 view .LVU1345
 4722 001c 22F0700C 		bic	ip, r2, #112
 4723              	.LVL325:
1945:Drivers/STM32F1xx_HAL_Driver/Src/stm32f1xx_hal_tim_ex.c **** 
 4724              		.loc 1 1945 3 is_stmt 1 discriminator 2 view .LVU1346
1945:Drivers/STM32F1xx_HAL_Driver/Src/stm32f1xx_hal_tim_ex.c **** 
 4725              		.loc 1 1945 27 is_stmt 0 discriminator 2 view .LVU1347
 4726 0020 0A68     		ldr	r2, [r1]
1945:Drivers/STM32F1xx_HAL_Driver/Src/stm32f1xx_hal_tim_ex.c **** 
 4727              		.loc 1 1945 10 discriminator 2 view .LVU1348
 4728 0022 42EA0C02 		orr	r2, r2, ip
 4729              	.LVL326:
ARM GAS  C:\Users\Korisnik\AppData\Local\Temp\cckoF0Cb.s 			page 147


1948:Drivers/STM32F1xx_HAL_Driver/Src/stm32f1xx_hal_tim_ex.c **** 
 4730              		.loc 1 1948 3 is_stmt 1 discriminator 2 view .LVU1349
1948:Drivers/STM32F1xx_HAL_Driver/Src/stm32f1xx_hal_tim_ex.c **** 
 4731              		.loc 1 1948 23 is_stmt 0 discriminator 2 view .LVU1350
 4732 0026 5A60     		str	r2, [r3, #4]
1950:Drivers/STM32F1xx_HAL_Driver/Src/stm32f1xx_hal_tim_ex.c ****   {
 4733              		.loc 1 1950 3 is_stmt 1 discriminator 2 view .LVU1351
1950:Drivers/STM32F1xx_HAL_Driver/Src/stm32f1xx_hal_tim_ex.c ****   {
 4734              		.loc 1 1950 7 is_stmt 0 discriminator 2 view .LVU1352
 4735 0028 0368     		ldr	r3, [r0]
1950:Drivers/STM32F1xx_HAL_Driver/Src/stm32f1xx_hal_tim_ex.c ****   {
 4736              		.loc 1 1950 6 discriminator 2 view .LVU1353
 4737 002a 0D4A     		ldr	r2, .L394
 4738              	.LVL327:
1950:Drivers/STM32F1xx_HAL_Driver/Src/stm32f1xx_hal_tim_ex.c ****   {
 4739              		.loc 1 1950 6 discriminator 2 view .LVU1354
 4740 002c 9342     		cmp	r3, r2
 4741 002e 06D0     		beq	.L387
1950:Drivers/STM32F1xx_HAL_Driver/Src/stm32f1xx_hal_tim_ex.c ****   {
 4742              		.loc 1 1950 7 discriminator 1 view .LVU1355
 4743 0030 B3F1804F 		cmp	r3, #1073741824
 4744 0034 03D0     		beq	.L387
1950:Drivers/STM32F1xx_HAL_Driver/Src/stm32f1xx_hal_tim_ex.c ****   {
 4745              		.loc 1 1950 7 discriminator 2 view .LVU1356
 4746 0036 A2F59432 		sub	r2, r2, #75776
 4747 003a 9342     		cmp	r3, r2
 4748 003c 04D1     		bne	.L388
 4749              	.L387:
1953:Drivers/STM32F1xx_HAL_Driver/Src/stm32f1xx_hal_tim_ex.c ****     /* Set master mode */
 4750              		.loc 1 1953 5 is_stmt 1 view .LVU1357
1953:Drivers/STM32F1xx_HAL_Driver/Src/stm32f1xx_hal_tim_ex.c ****     /* Set master mode */
 4751              		.loc 1 1953 13 is_stmt 0 view .LVU1358
 4752 003e 24F08004 		bic	r4, r4, #128
 4753              	.LVL328:
1955:Drivers/STM32F1xx_HAL_Driver/Src/stm32f1xx_hal_tim_ex.c **** 
 4754              		.loc 1 1955 5 is_stmt 1 view .LVU1359
1955:Drivers/STM32F1xx_HAL_Driver/Src/stm32f1xx_hal_tim_ex.c **** 
 4755              		.loc 1 1955 29 is_stmt 0 view .LVU1360
 4756 0042 4A68     		ldr	r2, [r1, #4]
1955:Drivers/STM32F1xx_HAL_Driver/Src/stm32f1xx_hal_tim_ex.c **** 
 4757              		.loc 1 1955 13 view .LVU1361
 4758 0044 1443     		orrs	r4, r4, r2
 4759              	.LVL329:
1958:Drivers/STM32F1xx_HAL_Driver/Src/stm32f1xx_hal_tim_ex.c ****   }
 4760              		.loc 1 1958 5 is_stmt 1 view .LVU1362
1958:Drivers/STM32F1xx_HAL_Driver/Src/stm32f1xx_hal_tim_ex.c ****   }
 4761              		.loc 1 1958 26 is_stmt 0 view .LVU1363
 4762 0046 9C60     		str	r4, [r3, #8]
 4763              	.L388:
1962:Drivers/STM32F1xx_HAL_Driver/Src/stm32f1xx_hal_tim_ex.c **** 
 4764              		.loc 1 1962 3 is_stmt 1 view .LVU1364
1962:Drivers/STM32F1xx_HAL_Driver/Src/stm32f1xx_hal_tim_ex.c **** 
 4765              		.loc 1 1962 15 is_stmt 0 view .LVU1365
 4766 0048 0123     		movs	r3, #1
 4767 004a 80F83D30 		strb	r3, [r0, #61]
1964:Drivers/STM32F1xx_HAL_Driver/Src/stm32f1xx_hal_tim_ex.c **** 
 4768              		.loc 1 1964 3 is_stmt 1 view .LVU1366
ARM GAS  C:\Users\Korisnik\AppData\Local\Temp\cckoF0Cb.s 			page 148


1964:Drivers/STM32F1xx_HAL_Driver/Src/stm32f1xx_hal_tim_ex.c **** 
 4769              		.loc 1 1964 3 view .LVU1367
 4770 004e 0023     		movs	r3, #0
 4771 0050 80F83C30 		strb	r3, [r0, #60]
1964:Drivers/STM32F1xx_HAL_Driver/Src/stm32f1xx_hal_tim_ex.c **** 
 4772              		.loc 1 1964 3 view .LVU1368
1966:Drivers/STM32F1xx_HAL_Driver/Src/stm32f1xx_hal_tim_ex.c **** }
 4773              		.loc 1 1966 3 view .LVU1369
1966:Drivers/STM32F1xx_HAL_Driver/Src/stm32f1xx_hal_tim_ex.c **** }
 4774              		.loc 1 1966 10 is_stmt 0 view .LVU1370
 4775 0054 1846     		mov	r0, r3
 4776              	.LVL330:
1967:Drivers/STM32F1xx_HAL_Driver/Src/stm32f1xx_hal_tim_ex.c **** 
 4777              		.loc 1 1967 1 view .LVU1371
 4778 0056 10BC     		pop	{r4}
 4779              	.LCFI37:
 4780              		.cfi_restore 4
 4781              		.cfi_def_cfa_offset 0
 4782              	.LVL331:
1967:Drivers/STM32F1xx_HAL_Driver/Src/stm32f1xx_hal_tim_ex.c **** 
 4783              		.loc 1 1967 1 view .LVU1372
 4784 0058 7047     		bx	lr
 4785              	.LVL332:
 4786              	.L389:
1931:Drivers/STM32F1xx_HAL_Driver/Src/stm32f1xx_hal_tim_ex.c **** 
 4787              		.loc 1 1931 3 view .LVU1373
 4788 005a 0220     		movs	r0, #2
 4789              	.LVL333:
1967:Drivers/STM32F1xx_HAL_Driver/Src/stm32f1xx_hal_tim_ex.c **** 
 4790              		.loc 1 1967 1 view .LVU1374
 4791 005c 7047     		bx	lr
 4792              	.L395:
 4793 005e 00BF     		.align	2
 4794              	.L394:
 4795 0060 002C0140 		.word	1073818624
 4796              		.cfi_endproc
 4797              	.LFE94:
 4799              		.section	.text.HAL_TIMEx_ConfigBreakDeadTime,"ax",%progbits
 4800              		.align	1
 4801              		.global	HAL_TIMEx_ConfigBreakDeadTime
 4802              		.syntax unified
 4803              		.thumb
 4804              		.thumb_func
 4805              		.fpu softvfp
 4807              	HAL_TIMEx_ConfigBreakDeadTime:
 4808              	.LVL334:
 4809              	.LFB95:
1982:Drivers/STM32F1xx_HAL_Driver/Src/stm32f1xx_hal_tim_ex.c ****   /* Keep this variable initialized to 0 as it is used to configure BDTR register */
 4810              		.loc 1 1982 1 is_stmt 1 view -0
 4811              		.cfi_startproc
 4812              		@ args = 0, pretend = 0, frame = 0
 4813              		@ frame_needed = 0, uses_anonymous_args = 0
 4814              		@ link register save eliminated.
1984:Drivers/STM32F1xx_HAL_Driver/Src/stm32f1xx_hal_tim_ex.c **** 
 4815              		.loc 1 1984 3 view .LVU1376
1987:Drivers/STM32F1xx_HAL_Driver/Src/stm32f1xx_hal_tim_ex.c ****   assert_param(IS_TIM_OSSR_STATE(sBreakDeadTimeConfig->OffStateRunMode));
 4816              		.loc 1 1987 3 view .LVU1377
ARM GAS  C:\Users\Korisnik\AppData\Local\Temp\cckoF0Cb.s 			page 149


1988:Drivers/STM32F1xx_HAL_Driver/Src/stm32f1xx_hal_tim_ex.c ****   assert_param(IS_TIM_OSSI_STATE(sBreakDeadTimeConfig->OffStateIDLEMode));
 4817              		.loc 1 1988 3 view .LVU1378
1989:Drivers/STM32F1xx_HAL_Driver/Src/stm32f1xx_hal_tim_ex.c ****   assert_param(IS_TIM_LOCK_LEVEL(sBreakDeadTimeConfig->LockLevel));
 4818              		.loc 1 1989 3 view .LVU1379
1990:Drivers/STM32F1xx_HAL_Driver/Src/stm32f1xx_hal_tim_ex.c ****   assert_param(IS_TIM_DEADTIME(sBreakDeadTimeConfig->DeadTime));
 4819              		.loc 1 1990 3 view .LVU1380
1991:Drivers/STM32F1xx_HAL_Driver/Src/stm32f1xx_hal_tim_ex.c ****   assert_param(IS_TIM_BREAK_STATE(sBreakDeadTimeConfig->BreakState));
 4820              		.loc 1 1991 3 view .LVU1381
1992:Drivers/STM32F1xx_HAL_Driver/Src/stm32f1xx_hal_tim_ex.c ****   assert_param(IS_TIM_BREAK_POLARITY(sBreakDeadTimeConfig->BreakPolarity));
 4821              		.loc 1 1992 3 view .LVU1382
1993:Drivers/STM32F1xx_HAL_Driver/Src/stm32f1xx_hal_tim_ex.c ****   assert_param(IS_TIM_AUTOMATIC_OUTPUT_STATE(sBreakDeadTimeConfig->AutomaticOutput));
 4822              		.loc 1 1993 3 view .LVU1383
1994:Drivers/STM32F1xx_HAL_Driver/Src/stm32f1xx_hal_tim_ex.c **** 
 4823              		.loc 1 1994 3 view .LVU1384
1997:Drivers/STM32F1xx_HAL_Driver/Src/stm32f1xx_hal_tim_ex.c **** 
 4824              		.loc 1 1997 3 view .LVU1385
1997:Drivers/STM32F1xx_HAL_Driver/Src/stm32f1xx_hal_tim_ex.c **** 
 4825              		.loc 1 1997 3 view .LVU1386
 4826 0000 90F83C30 		ldrb	r3, [r0, #60]	@ zero_extendqisi2
 4827 0004 012B     		cmp	r3, #1
 4828 0006 22D0     		beq	.L398
1997:Drivers/STM32F1xx_HAL_Driver/Src/stm32f1xx_hal_tim_ex.c **** 
 4829              		.loc 1 1997 3 discriminator 2 view .LVU1387
 4830 0008 0123     		movs	r3, #1
 4831 000a 80F83C30 		strb	r3, [r0, #60]
1997:Drivers/STM32F1xx_HAL_Driver/Src/stm32f1xx_hal_tim_ex.c **** 
 4832              		.loc 1 1997 3 discriminator 2 view .LVU1388
2003:Drivers/STM32F1xx_HAL_Driver/Src/stm32f1xx_hal_tim_ex.c ****   MODIFY_REG(tmpbdtr, TIM_BDTR_LOCK, sBreakDeadTimeConfig->LockLevel);
 4833              		.loc 1 2003 3 discriminator 2 view .LVU1389
 4834 000e CB68     		ldr	r3, [r1, #12]
 4835              	.LVL335:
2004:Drivers/STM32F1xx_HAL_Driver/Src/stm32f1xx_hal_tim_ex.c ****   MODIFY_REG(tmpbdtr, TIM_BDTR_OSSI, sBreakDeadTimeConfig->OffStateIDLEMode);
 4836              		.loc 1 2004 3 discriminator 2 view .LVU1390
 4837 0010 23F44073 		bic	r3, r3, #768
 4838              	.LVL336:
2004:Drivers/STM32F1xx_HAL_Driver/Src/stm32f1xx_hal_tim_ex.c ****   MODIFY_REG(tmpbdtr, TIM_BDTR_OSSI, sBreakDeadTimeConfig->OffStateIDLEMode);
 4839              		.loc 1 2004 3 is_stmt 0 discriminator 2 view .LVU1391
 4840 0014 8A68     		ldr	r2, [r1, #8]
 4841 0016 1343     		orrs	r3, r3, r2
 4842              	.LVL337:
2005:Drivers/STM32F1xx_HAL_Driver/Src/stm32f1xx_hal_tim_ex.c ****   MODIFY_REG(tmpbdtr, TIM_BDTR_OSSR, sBreakDeadTimeConfig->OffStateRunMode);
 4843              		.loc 1 2005 3 is_stmt 1 discriminator 2 view .LVU1392
 4844 0018 23F48063 		bic	r3, r3, #1024
 4845              	.LVL338:
2005:Drivers/STM32F1xx_HAL_Driver/Src/stm32f1xx_hal_tim_ex.c ****   MODIFY_REG(tmpbdtr, TIM_BDTR_OSSR, sBreakDeadTimeConfig->OffStateRunMode);
 4846              		.loc 1 2005 3 is_stmt 0 discriminator 2 view .LVU1393
 4847 001c 4A68     		ldr	r2, [r1, #4]
 4848              	.LVL339:
2005:Drivers/STM32F1xx_HAL_Driver/Src/stm32f1xx_hal_tim_ex.c ****   MODIFY_REG(tmpbdtr, TIM_BDTR_OSSR, sBreakDeadTimeConfig->OffStateRunMode);
 4849              		.loc 1 2005 3 discriminator 2 view .LVU1394
 4850 001e 1343     		orrs	r3, r3, r2
 4851              	.LVL340:
2006:Drivers/STM32F1xx_HAL_Driver/Src/stm32f1xx_hal_tim_ex.c ****   MODIFY_REG(tmpbdtr, TIM_BDTR_BKE, sBreakDeadTimeConfig->BreakState);
 4852              		.loc 1 2006 3 is_stmt 1 discriminator 2 view .LVU1395
 4853 0020 23F40063 		bic	r3, r3, #2048
 4854              	.LVL341:
2006:Drivers/STM32F1xx_HAL_Driver/Src/stm32f1xx_hal_tim_ex.c ****   MODIFY_REG(tmpbdtr, TIM_BDTR_BKE, sBreakDeadTimeConfig->BreakState);
ARM GAS  C:\Users\Korisnik\AppData\Local\Temp\cckoF0Cb.s 			page 150


 4855              		.loc 1 2006 3 is_stmt 0 discriminator 2 view .LVU1396
 4856 0024 0A68     		ldr	r2, [r1]
 4857              	.LVL342:
2006:Drivers/STM32F1xx_HAL_Driver/Src/stm32f1xx_hal_tim_ex.c ****   MODIFY_REG(tmpbdtr, TIM_BDTR_BKE, sBreakDeadTimeConfig->BreakState);
 4858              		.loc 1 2006 3 discriminator 2 view .LVU1397
 4859 0026 1343     		orrs	r3, r3, r2
 4860              	.LVL343:
2007:Drivers/STM32F1xx_HAL_Driver/Src/stm32f1xx_hal_tim_ex.c ****   MODIFY_REG(tmpbdtr, TIM_BDTR_BKP, sBreakDeadTimeConfig->BreakPolarity);
 4861              		.loc 1 2007 3 is_stmt 1 discriminator 2 view .LVU1398
 4862 0028 23F48053 		bic	r3, r3, #4096
 4863              	.LVL344:
2007:Drivers/STM32F1xx_HAL_Driver/Src/stm32f1xx_hal_tim_ex.c ****   MODIFY_REG(tmpbdtr, TIM_BDTR_BKP, sBreakDeadTimeConfig->BreakPolarity);
 4864              		.loc 1 2007 3 is_stmt 0 discriminator 2 view .LVU1399
 4865 002c 0A69     		ldr	r2, [r1, #16]
 4866              	.LVL345:
2007:Drivers/STM32F1xx_HAL_Driver/Src/stm32f1xx_hal_tim_ex.c ****   MODIFY_REG(tmpbdtr, TIM_BDTR_BKP, sBreakDeadTimeConfig->BreakPolarity);
 4867              		.loc 1 2007 3 discriminator 2 view .LVU1400
 4868 002e 1343     		orrs	r3, r3, r2
 4869              	.LVL346:
2008:Drivers/STM32F1xx_HAL_Driver/Src/stm32f1xx_hal_tim_ex.c ****   MODIFY_REG(tmpbdtr, TIM_BDTR_AOE, sBreakDeadTimeConfig->AutomaticOutput);
 4870              		.loc 1 2008 3 is_stmt 1 discriminator 2 view .LVU1401
 4871 0030 23F40053 		bic	r3, r3, #8192
 4872              	.LVL347:
2008:Drivers/STM32F1xx_HAL_Driver/Src/stm32f1xx_hal_tim_ex.c ****   MODIFY_REG(tmpbdtr, TIM_BDTR_AOE, sBreakDeadTimeConfig->AutomaticOutput);
 4873              		.loc 1 2008 3 is_stmt 0 discriminator 2 view .LVU1402
 4874 0034 4A69     		ldr	r2, [r1, #20]
 4875              	.LVL348:
2008:Drivers/STM32F1xx_HAL_Driver/Src/stm32f1xx_hal_tim_ex.c ****   MODIFY_REG(tmpbdtr, TIM_BDTR_AOE, sBreakDeadTimeConfig->AutomaticOutput);
 4876              		.loc 1 2008 3 discriminator 2 view .LVU1403
 4877 0036 1343     		orrs	r3, r3, r2
 4878              	.LVL349:
2009:Drivers/STM32F1xx_HAL_Driver/Src/stm32f1xx_hal_tim_ex.c **** 
 4879              		.loc 1 2009 3 is_stmt 1 discriminator 2 view .LVU1404
 4880 0038 23F48043 		bic	r3, r3, #16384
 4881              	.LVL350:
2009:Drivers/STM32F1xx_HAL_Driver/Src/stm32f1xx_hal_tim_ex.c **** 
 4882              		.loc 1 2009 3 is_stmt 0 discriminator 2 view .LVU1405
 4883 003c CA69     		ldr	r2, [r1, #28]
 4884              	.LVL351:
2009:Drivers/STM32F1xx_HAL_Driver/Src/stm32f1xx_hal_tim_ex.c **** 
 4885              		.loc 1 2009 3 discriminator 2 view .LVU1406
 4886 003e 1343     		orrs	r3, r3, r2
 4887              	.LVL352:
2013:Drivers/STM32F1xx_HAL_Driver/Src/stm32f1xx_hal_tim_ex.c **** 
 4888              		.loc 1 2013 3 is_stmt 1 discriminator 2 view .LVU1407
2013:Drivers/STM32F1xx_HAL_Driver/Src/stm32f1xx_hal_tim_ex.c **** 
 4889              		.loc 1 2013 7 is_stmt 0 discriminator 2 view .LVU1408
 4890 0040 0268     		ldr	r2, [r0]
2013:Drivers/STM32F1xx_HAL_Driver/Src/stm32f1xx_hal_tim_ex.c **** 
 4891              		.loc 1 2013 24 discriminator 2 view .LVU1409
 4892 0042 5364     		str	r3, [r2, #68]
2015:Drivers/STM32F1xx_HAL_Driver/Src/stm32f1xx_hal_tim_ex.c **** 
 4893              		.loc 1 2015 3 is_stmt 1 discriminator 2 view .LVU1410
2015:Drivers/STM32F1xx_HAL_Driver/Src/stm32f1xx_hal_tim_ex.c **** 
 4894              		.loc 1 2015 3 discriminator 2 view .LVU1411
 4895 0044 0023     		movs	r3, #0
 4896              	.LVL353:
ARM GAS  C:\Users\Korisnik\AppData\Local\Temp\cckoF0Cb.s 			page 151


2015:Drivers/STM32F1xx_HAL_Driver/Src/stm32f1xx_hal_tim_ex.c **** 
 4897              		.loc 1 2015 3 is_stmt 0 discriminator 2 view .LVU1412
 4898 0046 80F83C30 		strb	r3, [r0, #60]
 4899              	.LVL354:
2015:Drivers/STM32F1xx_HAL_Driver/Src/stm32f1xx_hal_tim_ex.c **** 
 4900              		.loc 1 2015 3 is_stmt 1 discriminator 2 view .LVU1413
2017:Drivers/STM32F1xx_HAL_Driver/Src/stm32f1xx_hal_tim_ex.c **** }
 4901              		.loc 1 2017 3 discriminator 2 view .LVU1414
2017:Drivers/STM32F1xx_HAL_Driver/Src/stm32f1xx_hal_tim_ex.c **** }
 4902              		.loc 1 2017 10 is_stmt 0 discriminator 2 view .LVU1415
 4903 004a 1846     		mov	r0, r3
 4904              	.LVL355:
2017:Drivers/STM32F1xx_HAL_Driver/Src/stm32f1xx_hal_tim_ex.c **** }
 4905              		.loc 1 2017 10 discriminator 2 view .LVU1416
 4906 004c 7047     		bx	lr
 4907              	.LVL356:
 4908              	.L398:
1997:Drivers/STM32F1xx_HAL_Driver/Src/stm32f1xx_hal_tim_ex.c **** 
 4909              		.loc 1 1997 3 view .LVU1417
 4910 004e 0220     		movs	r0, #2
 4911              	.LVL357:
2018:Drivers/STM32F1xx_HAL_Driver/Src/stm32f1xx_hal_tim_ex.c **** 
 4912              		.loc 1 2018 1 view .LVU1418
 4913 0050 7047     		bx	lr
 4914              		.cfi_endproc
 4915              	.LFE95:
 4917              		.section	.text.HAL_TIMEx_RemapConfig,"ax",%progbits
 4918              		.align	1
 4919              		.global	HAL_TIMEx_RemapConfig
 4920              		.syntax unified
 4921              		.thumb
 4922              		.thumb_func
 4923              		.fpu softvfp
 4925              	HAL_TIMEx_RemapConfig:
 4926              	.LVL358:
 4927              	.LFB96:
2028:Drivers/STM32F1xx_HAL_Driver/Src/stm32f1xx_hal_tim_ex.c ****   /* Prevent unused argument(s) compilation warning */
 4928              		.loc 1 2028 1 is_stmt 1 view -0
 4929              		.cfi_startproc
 4930              		@ args = 0, pretend = 0, frame = 0
 4931              		@ frame_needed = 0, uses_anonymous_args = 0
 4932              		@ link register save eliminated.
2030:Drivers/STM32F1xx_HAL_Driver/Src/stm32f1xx_hal_tim_ex.c ****   UNUSED(Remap);
 4933              		.loc 1 2030 3 view .LVU1420
2031:Drivers/STM32F1xx_HAL_Driver/Src/stm32f1xx_hal_tim_ex.c **** 
 4934              		.loc 1 2031 3 view .LVU1421
2033:Drivers/STM32F1xx_HAL_Driver/Src/stm32f1xx_hal_tim_ex.c **** }
 4935              		.loc 1 2033 3 view .LVU1422
2034:Drivers/STM32F1xx_HAL_Driver/Src/stm32f1xx_hal_tim_ex.c **** 
 4936              		.loc 1 2034 1 is_stmt 0 view .LVU1423
 4937 0000 0020     		movs	r0, #0
 4938              	.LVL359:
2034:Drivers/STM32F1xx_HAL_Driver/Src/stm32f1xx_hal_tim_ex.c **** 
 4939              		.loc 1 2034 1 view .LVU1424
 4940 0002 7047     		bx	lr
 4941              		.cfi_endproc
 4942              	.LFE96:
ARM GAS  C:\Users\Korisnik\AppData\Local\Temp\cckoF0Cb.s 			page 152


 4944              		.section	.text.HAL_TIMEx_CommutCallback,"ax",%progbits
 4945              		.align	1
 4946              		.weak	HAL_TIMEx_CommutCallback
 4947              		.syntax unified
 4948              		.thumb
 4949              		.thumb_func
 4950              		.fpu softvfp
 4952              	HAL_TIMEx_CommutCallback:
 4953              	.LVL360:
 4954              	.LFB97:
2062:Drivers/STM32F1xx_HAL_Driver/Src/stm32f1xx_hal_tim_ex.c ****   /* Prevent unused argument(s) compilation warning */
 4955              		.loc 1 2062 1 is_stmt 1 view -0
 4956              		.cfi_startproc
 4957              		@ args = 0, pretend = 0, frame = 0
 4958              		@ frame_needed = 0, uses_anonymous_args = 0
 4959              		@ link register save eliminated.
2064:Drivers/STM32F1xx_HAL_Driver/Src/stm32f1xx_hal_tim_ex.c **** 
 4960              		.loc 1 2064 3 view .LVU1426
2069:Drivers/STM32F1xx_HAL_Driver/Src/stm32f1xx_hal_tim_ex.c **** /**
 4961              		.loc 1 2069 1 is_stmt 0 view .LVU1427
 4962 0000 7047     		bx	lr
 4963              		.cfi_endproc
 4964              	.LFE97:
 4966              		.section	.text.TIMEx_DMACommutationCplt,"ax",%progbits
 4967              		.align	1
 4968              		.global	TIMEx_DMACommutationCplt
 4969              		.syntax unified
 4970              		.thumb
 4971              		.thumb_func
 4972              		.fpu softvfp
 4974              	TIMEx_DMACommutationCplt:
 4975              	.LVL361:
 4976              	.LFB102:
2168:Drivers/STM32F1xx_HAL_Driver/Src/stm32f1xx_hal_tim_ex.c ****   TIM_HandleTypeDef *htim = (TIM_HandleTypeDef *)((DMA_HandleTypeDef *)hdma)->Parent;
 4977              		.loc 1 2168 1 is_stmt 1 view -0
 4978              		.cfi_startproc
 4979              		@ args = 0, pretend = 0, frame = 0
 4980              		@ frame_needed = 0, uses_anonymous_args = 0
2168:Drivers/STM32F1xx_HAL_Driver/Src/stm32f1xx_hal_tim_ex.c ****   TIM_HandleTypeDef *htim = (TIM_HandleTypeDef *)((DMA_HandleTypeDef *)hdma)->Parent;
 4981              		.loc 1 2168 1 is_stmt 0 view .LVU1429
 4982 0000 08B5     		push	{r3, lr}
 4983              	.LCFI38:
 4984              		.cfi_def_cfa_offset 8
 4985              		.cfi_offset 3, -8
 4986              		.cfi_offset 14, -4
2169:Drivers/STM32F1xx_HAL_Driver/Src/stm32f1xx_hal_tim_ex.c **** 
 4987              		.loc 1 2169 3 is_stmt 1 view .LVU1430
2169:Drivers/STM32F1xx_HAL_Driver/Src/stm32f1xx_hal_tim_ex.c **** 
 4988              		.loc 1 2169 22 is_stmt 0 view .LVU1431
 4989 0002 406A     		ldr	r0, [r0, #36]
 4990              	.LVL362:
2172:Drivers/STM32F1xx_HAL_Driver/Src/stm32f1xx_hal_tim_ex.c **** 
 4991              		.loc 1 2172 3 is_stmt 1 view .LVU1432
2172:Drivers/STM32F1xx_HAL_Driver/Src/stm32f1xx_hal_tim_ex.c **** 
 4992              		.loc 1 2172 15 is_stmt 0 view .LVU1433
 4993 0004 0123     		movs	r3, #1
 4994 0006 80F83D30 		strb	r3, [r0, #61]
ARM GAS  C:\Users\Korisnik\AppData\Local\Temp\cckoF0Cb.s 			page 153


2177:Drivers/STM32F1xx_HAL_Driver/Src/stm32f1xx_hal_tim_ex.c **** #endif /* USE_HAL_TIM_REGISTER_CALLBACKS */
 4995              		.loc 1 2177 3 is_stmt 1 view .LVU1434
 4996 000a FFF7FEFF 		bl	HAL_TIMEx_CommutCallback
 4997              	.LVL363:
2179:Drivers/STM32F1xx_HAL_Driver/Src/stm32f1xx_hal_tim_ex.c **** 
 4998              		.loc 1 2179 1 is_stmt 0 view .LVU1435
 4999 000e 08BD     		pop	{r3, pc}
 5000              		.cfi_endproc
 5001              	.LFE102:
 5003              		.section	.text.HAL_TIMEx_CommutHalfCpltCallback,"ax",%progbits
 5004              		.align	1
 5005              		.weak	HAL_TIMEx_CommutHalfCpltCallback
 5006              		.syntax unified
 5007              		.thumb
 5008              		.thumb_func
 5009              		.fpu softvfp
 5011              	HAL_TIMEx_CommutHalfCpltCallback:
 5012              	.LVL364:
 5013              	.LFB98:
2076:Drivers/STM32F1xx_HAL_Driver/Src/stm32f1xx_hal_tim_ex.c ****   /* Prevent unused argument(s) compilation warning */
 5014              		.loc 1 2076 1 is_stmt 1 view -0
 5015              		.cfi_startproc
 5016              		@ args = 0, pretend = 0, frame = 0
 5017              		@ frame_needed = 0, uses_anonymous_args = 0
 5018              		@ link register save eliminated.
2078:Drivers/STM32F1xx_HAL_Driver/Src/stm32f1xx_hal_tim_ex.c **** 
 5019              		.loc 1 2078 3 view .LVU1437
2083:Drivers/STM32F1xx_HAL_Driver/Src/stm32f1xx_hal_tim_ex.c **** 
 5020              		.loc 1 2083 1 is_stmt 0 view .LVU1438
 5021 0000 7047     		bx	lr
 5022              		.cfi_endproc
 5023              	.LFE98:
 5025              		.section	.text.TIMEx_DMACommutationHalfCplt,"ax",%progbits
 5026              		.align	1
 5027              		.global	TIMEx_DMACommutationHalfCplt
 5028              		.syntax unified
 5029              		.thumb
 5030              		.thumb_func
 5031              		.fpu softvfp
 5033              	TIMEx_DMACommutationHalfCplt:
 5034              	.LVL365:
 5035              	.LFB103:
2187:Drivers/STM32F1xx_HAL_Driver/Src/stm32f1xx_hal_tim_ex.c ****   TIM_HandleTypeDef *htim = (TIM_HandleTypeDef *)((DMA_HandleTypeDef *)hdma)->Parent;
 5036              		.loc 1 2187 1 is_stmt 1 view -0
 5037              		.cfi_startproc
 5038              		@ args = 0, pretend = 0, frame = 0
 5039              		@ frame_needed = 0, uses_anonymous_args = 0
2187:Drivers/STM32F1xx_HAL_Driver/Src/stm32f1xx_hal_tim_ex.c ****   TIM_HandleTypeDef *htim = (TIM_HandleTypeDef *)((DMA_HandleTypeDef *)hdma)->Parent;
 5040              		.loc 1 2187 1 is_stmt 0 view .LVU1440
 5041 0000 08B5     		push	{r3, lr}
 5042              	.LCFI39:
 5043              		.cfi_def_cfa_offset 8
 5044              		.cfi_offset 3, -8
 5045              		.cfi_offset 14, -4
2188:Drivers/STM32F1xx_HAL_Driver/Src/stm32f1xx_hal_tim_ex.c **** 
 5046              		.loc 1 2188 3 is_stmt 1 view .LVU1441
2188:Drivers/STM32F1xx_HAL_Driver/Src/stm32f1xx_hal_tim_ex.c **** 
ARM GAS  C:\Users\Korisnik\AppData\Local\Temp\cckoF0Cb.s 			page 154


 5047              		.loc 1 2188 22 is_stmt 0 view .LVU1442
 5048 0002 406A     		ldr	r0, [r0, #36]
 5049              	.LVL366:
2191:Drivers/STM32F1xx_HAL_Driver/Src/stm32f1xx_hal_tim_ex.c **** 
 5050              		.loc 1 2191 3 is_stmt 1 view .LVU1443
2191:Drivers/STM32F1xx_HAL_Driver/Src/stm32f1xx_hal_tim_ex.c **** 
 5051              		.loc 1 2191 15 is_stmt 0 view .LVU1444
 5052 0004 0123     		movs	r3, #1
 5053 0006 80F83D30 		strb	r3, [r0, #61]
2196:Drivers/STM32F1xx_HAL_Driver/Src/stm32f1xx_hal_tim_ex.c **** #endif /* USE_HAL_TIM_REGISTER_CALLBACKS */
 5054              		.loc 1 2196 3 is_stmt 1 view .LVU1445
 5055 000a FFF7FEFF 		bl	HAL_TIMEx_CommutHalfCpltCallback
 5056              	.LVL367:
2198:Drivers/STM32F1xx_HAL_Driver/Src/stm32f1xx_hal_tim_ex.c **** 
 5057              		.loc 1 2198 1 is_stmt 0 view .LVU1446
 5058 000e 08BD     		pop	{r3, pc}
 5059              		.cfi_endproc
 5060              	.LFE103:
 5062              		.section	.text.HAL_TIMEx_BreakCallback,"ax",%progbits
 5063              		.align	1
 5064              		.weak	HAL_TIMEx_BreakCallback
 5065              		.syntax unified
 5066              		.thumb
 5067              		.thumb_func
 5068              		.fpu softvfp
 5070              	HAL_TIMEx_BreakCallback:
 5071              	.LVL368:
 5072              	.LFB99:
2091:Drivers/STM32F1xx_HAL_Driver/Src/stm32f1xx_hal_tim_ex.c ****   /* Prevent unused argument(s) compilation warning */
 5073              		.loc 1 2091 1 is_stmt 1 view -0
 5074              		.cfi_startproc
 5075              		@ args = 0, pretend = 0, frame = 0
 5076              		@ frame_needed = 0, uses_anonymous_args = 0
 5077              		@ link register save eliminated.
2093:Drivers/STM32F1xx_HAL_Driver/Src/stm32f1xx_hal_tim_ex.c **** 
 5078              		.loc 1 2093 3 view .LVU1448
2098:Drivers/STM32F1xx_HAL_Driver/Src/stm32f1xx_hal_tim_ex.c **** /**
 5079              		.loc 1 2098 1 is_stmt 0 view .LVU1449
 5080 0000 7047     		bx	lr
 5081              		.cfi_endproc
 5082              	.LFE99:
 5084              		.section	.text.HAL_TIMEx_HallSensor_GetState,"ax",%progbits
 5085              		.align	1
 5086              		.global	HAL_TIMEx_HallSensor_GetState
 5087              		.syntax unified
 5088              		.thumb
 5089              		.thumb_func
 5090              		.fpu softvfp
 5092              	HAL_TIMEx_HallSensor_GetState:
 5093              	.LVL369:
 5094              	.LFB100:
2124:Drivers/STM32F1xx_HAL_Driver/Src/stm32f1xx_hal_tim_ex.c ****   return htim->State;
 5095              		.loc 1 2124 1 is_stmt 1 view -0
 5096              		.cfi_startproc
 5097              		@ args = 0, pretend = 0, frame = 0
 5098              		@ frame_needed = 0, uses_anonymous_args = 0
 5099              		@ link register save eliminated.
ARM GAS  C:\Users\Korisnik\AppData\Local\Temp\cckoF0Cb.s 			page 155


2125:Drivers/STM32F1xx_HAL_Driver/Src/stm32f1xx_hal_tim_ex.c **** }
 5100              		.loc 1 2125 3 view .LVU1451
2125:Drivers/STM32F1xx_HAL_Driver/Src/stm32f1xx_hal_tim_ex.c **** }
 5101              		.loc 1 2125 14 is_stmt 0 view .LVU1452
 5102 0000 90F83D00 		ldrb	r0, [r0, #61]	@ zero_extendqisi2
 5103              	.LVL370:
2126:Drivers/STM32F1xx_HAL_Driver/Src/stm32f1xx_hal_tim_ex.c **** 
 5104              		.loc 1 2126 1 view .LVU1453
 5105 0004 7047     		bx	lr
 5106              		.cfi_endproc
 5107              	.LFE100:
 5109              		.section	.text.HAL_TIMEx_GetChannelNState,"ax",%progbits
 5110              		.align	1
 5111              		.global	HAL_TIMEx_GetChannelNState
 5112              		.syntax unified
 5113              		.thumb
 5114              		.thumb_func
 5115              		.fpu softvfp
 5117              	HAL_TIMEx_GetChannelNState:
 5118              	.LVL371:
 5119              	.LFB101:
2139:Drivers/STM32F1xx_HAL_Driver/Src/stm32f1xx_hal_tim_ex.c ****   HAL_TIM_ChannelStateTypeDef channel_state;
 5120              		.loc 1 2139 1 is_stmt 1 view -0
 5121              		.cfi_startproc
 5122              		@ args = 0, pretend = 0, frame = 0
 5123              		@ frame_needed = 0, uses_anonymous_args = 0
 5124              		@ link register save eliminated.
2140:Drivers/STM32F1xx_HAL_Driver/Src/stm32f1xx_hal_tim_ex.c **** 
 5125              		.loc 1 2140 3 view .LVU1455
2143:Drivers/STM32F1xx_HAL_Driver/Src/stm32f1xx_hal_tim_ex.c **** 
 5126              		.loc 1 2143 3 view .LVU1456
2145:Drivers/STM32F1xx_HAL_Driver/Src/stm32f1xx_hal_tim_ex.c **** 
 5127              		.loc 1 2145 3 view .LVU1457
2145:Drivers/STM32F1xx_HAL_Driver/Src/stm32f1xx_hal_tim_ex.c **** 
 5128              		.loc 1 2145 19 is_stmt 0 view .LVU1458
 5129 0000 19B9     		cbnz	r1, .L409
2145:Drivers/STM32F1xx_HAL_Driver/Src/stm32f1xx_hal_tim_ex.c **** 
 5130              		.loc 1 2145 19 discriminator 1 view .LVU1459
 5131 0002 90F84200 		ldrb	r0, [r0, #66]	@ zero_extendqisi2
 5132              	.LVL372:
2145:Drivers/STM32F1xx_HAL_Driver/Src/stm32f1xx_hal_tim_ex.c **** 
 5133              		.loc 1 2145 19 discriminator 1 view .LVU1460
 5134 0006 C0B2     		uxtb	r0, r0
 5135 0008 7047     		bx	lr
 5136              	.LVL373:
 5137              	.L409:
2145:Drivers/STM32F1xx_HAL_Driver/Src/stm32f1xx_hal_tim_ex.c **** 
 5138              		.loc 1 2145 19 discriminator 2 view .LVU1461
 5139 000a 0429     		cmp	r1, #4
 5140 000c 05D0     		beq	.L413
2145:Drivers/STM32F1xx_HAL_Driver/Src/stm32f1xx_hal_tim_ex.c **** 
 5141              		.loc 1 2145 19 discriminator 5 view .LVU1462
 5142 000e 0829     		cmp	r1, #8
 5143 0010 07D0     		beq	.L414
2145:Drivers/STM32F1xx_HAL_Driver/Src/stm32f1xx_hal_tim_ex.c **** 
 5144              		.loc 1 2145 19 discriminator 8 view .LVU1463
 5145 0012 90F84500 		ldrb	r0, [r0, #69]	@ zero_extendqisi2
ARM GAS  C:\Users\Korisnik\AppData\Local\Temp\cckoF0Cb.s 			page 156


 5146              	.LVL374:
2145:Drivers/STM32F1xx_HAL_Driver/Src/stm32f1xx_hal_tim_ex.c **** 
 5147              		.loc 1 2145 19 discriminator 8 view .LVU1464
 5148 0016 C0B2     		uxtb	r0, r0
 5149              	.LVL375:
2147:Drivers/STM32F1xx_HAL_Driver/Src/stm32f1xx_hal_tim_ex.c **** }
 5150              		.loc 1 2147 3 is_stmt 1 discriminator 8 view .LVU1465
2148:Drivers/STM32F1xx_HAL_Driver/Src/stm32f1xx_hal_tim_ex.c **** /**
 5151              		.loc 1 2148 1 is_stmt 0 discriminator 8 view .LVU1466
 5152 0018 7047     		bx	lr
 5153              	.LVL376:
 5154              	.L413:
2145:Drivers/STM32F1xx_HAL_Driver/Src/stm32f1xx_hal_tim_ex.c **** 
 5155              		.loc 1 2145 19 discriminator 4 view .LVU1467
 5156 001a 90F84300 		ldrb	r0, [r0, #67]	@ zero_extendqisi2
 5157              	.LVL377:
2145:Drivers/STM32F1xx_HAL_Driver/Src/stm32f1xx_hal_tim_ex.c **** 
 5158              		.loc 1 2145 19 discriminator 4 view .LVU1468
 5159 001e C0B2     		uxtb	r0, r0
 5160 0020 7047     		bx	lr
 5161              	.LVL378:
 5162              	.L414:
2145:Drivers/STM32F1xx_HAL_Driver/Src/stm32f1xx_hal_tim_ex.c **** 
 5163              		.loc 1 2145 19 discriminator 7 view .LVU1469
 5164 0022 90F84400 		ldrb	r0, [r0, #68]	@ zero_extendqisi2
 5165              	.LVL379:
2145:Drivers/STM32F1xx_HAL_Driver/Src/stm32f1xx_hal_tim_ex.c **** 
 5166              		.loc 1 2145 19 discriminator 7 view .LVU1470
 5167 0026 C0B2     		uxtb	r0, r0
 5168 0028 7047     		bx	lr
 5169              		.cfi_endproc
 5170              	.LFE101:
 5172              		.text
 5173              	.Letext0:
 5174              		.file 2 "c:\\users\\korisnik\\desktop\\etf\\4. godina\\mips\\gnu mcu\\arm-none-eabi-gcc-10.2.1-1.1
 5175              		.file 3 "c:\\users\\korisnik\\desktop\\etf\\4. godina\\mips\\gnu mcu\\arm-none-eabi-gcc-10.2.1-1.1
 5176              		.file 4 "Drivers/CMSIS/Device/ST/STM32F1xx/Include/stm32f103x6.h"
 5177              		.file 5 "Drivers/CMSIS/Device/ST/STM32F1xx/Include/stm32f1xx.h"
 5178              		.file 6 "Drivers/STM32F1xx_HAL_Driver/Inc/stm32f1xx_hal_def.h"
 5179              		.file 7 "Drivers/STM32F1xx_HAL_Driver/Inc/stm32f1xx_hal_dma.h"
 5180              		.file 8 "Drivers/STM32F1xx_HAL_Driver/Inc/stm32f1xx_hal_tim.h"
 5181              		.file 9 "Drivers/STM32F1xx_HAL_Driver/Inc/stm32f1xx_hal_tim_ex.h"
ARM GAS  C:\Users\Korisnik\AppData\Local\Temp\cckoF0Cb.s 			page 157


DEFINED SYMBOLS
                            *ABS*:0000000000000000 stm32f1xx_hal_tim_ex.c
C:\Users\Korisnik\AppData\Local\Temp\cckoF0Cb.s:16     .text.TIM_CCxNChannelCmd:0000000000000000 $t
C:\Users\Korisnik\AppData\Local\Temp\cckoF0Cb.s:23     .text.TIM_CCxNChannelCmd:0000000000000000 TIM_CCxNChannelCmd
C:\Users\Korisnik\AppData\Local\Temp\cckoF0Cb.s:60     .text.TIM_DMAErrorCCxN:0000000000000000 $t
C:\Users\Korisnik\AppData\Local\Temp\cckoF0Cb.s:66     .text.TIM_DMAErrorCCxN:0000000000000000 TIM_DMAErrorCCxN
C:\Users\Korisnik\AppData\Local\Temp\cckoF0Cb.s:146    .text.TIM_DMADelayPulseNCplt:0000000000000000 $t
C:\Users\Korisnik\AppData\Local\Temp\cckoF0Cb.s:152    .text.TIM_DMADelayPulseNCplt:0000000000000000 TIM_DMADelayPulseNCplt
C:\Users\Korisnik\AppData\Local\Temp\cckoF0Cb.s:272    .text.HAL_TIMEx_HallSensor_MspInit:0000000000000000 $t
C:\Users\Korisnik\AppData\Local\Temp\cckoF0Cb.s:279    .text.HAL_TIMEx_HallSensor_MspInit:0000000000000000 HAL_TIMEx_HallSensor_MspInit
C:\Users\Korisnik\AppData\Local\Temp\cckoF0Cb.s:294    .text.HAL_TIMEx_HallSensor_Init:0000000000000000 $t
C:\Users\Korisnik\AppData\Local\Temp\cckoF0Cb.s:301    .text.HAL_TIMEx_HallSensor_Init:0000000000000000 HAL_TIMEx_HallSensor_Init
C:\Users\Korisnik\AppData\Local\Temp\cckoF0Cb.s:507    .text.HAL_TIMEx_HallSensor_MspDeInit:0000000000000000 $t
C:\Users\Korisnik\AppData\Local\Temp\cckoF0Cb.s:514    .text.HAL_TIMEx_HallSensor_MspDeInit:0000000000000000 HAL_TIMEx_HallSensor_MspDeInit
C:\Users\Korisnik\AppData\Local\Temp\cckoF0Cb.s:529    .text.HAL_TIMEx_HallSensor_DeInit:0000000000000000 $t
C:\Users\Korisnik\AppData\Local\Temp\cckoF0Cb.s:536    .text.HAL_TIMEx_HallSensor_DeInit:0000000000000000 HAL_TIMEx_HallSensor_DeInit
C:\Users\Korisnik\AppData\Local\Temp\cckoF0Cb.s:606    .text.HAL_TIMEx_HallSensor_Start:0000000000000000 $t
C:\Users\Korisnik\AppData\Local\Temp\cckoF0Cb.s:613    .text.HAL_TIMEx_HallSensor_Start:0000000000000000 HAL_TIMEx_HallSensor_Start
C:\Users\Korisnik\AppData\Local\Temp\cckoF0Cb.s:757    .text.HAL_TIMEx_HallSensor_Start:0000000000000090 $d
C:\Users\Korisnik\AppData\Local\Temp\cckoF0Cb.s:762    .text.HAL_TIMEx_HallSensor_Stop:0000000000000000 $t
C:\Users\Korisnik\AppData\Local\Temp\cckoF0Cb.s:769    .text.HAL_TIMEx_HallSensor_Stop:0000000000000000 HAL_TIMEx_HallSensor_Stop
C:\Users\Korisnik\AppData\Local\Temp\cckoF0Cb.s:828    .text.HAL_TIMEx_HallSensor_Start_IT:0000000000000000 $t
C:\Users\Korisnik\AppData\Local\Temp\cckoF0Cb.s:835    .text.HAL_TIMEx_HallSensor_Start_IT:0000000000000000 HAL_TIMEx_HallSensor_Start_IT
C:\Users\Korisnik\AppData\Local\Temp\cckoF0Cb.s:987    .text.HAL_TIMEx_HallSensor_Start_IT:000000000000009c $d
C:\Users\Korisnik\AppData\Local\Temp\cckoF0Cb.s:992    .text.HAL_TIMEx_HallSensor_Stop_IT:0000000000000000 $t
C:\Users\Korisnik\AppData\Local\Temp\cckoF0Cb.s:999    .text.HAL_TIMEx_HallSensor_Stop_IT:0000000000000000 HAL_TIMEx_HallSensor_Stop_IT
C:\Users\Korisnik\AppData\Local\Temp\cckoF0Cb.s:1063   .text.HAL_TIMEx_HallSensor_Start_DMA:0000000000000000 $t
C:\Users\Korisnik\AppData\Local\Temp\cckoF0Cb.s:1070   .text.HAL_TIMEx_HallSensor_Start_DMA:0000000000000000 HAL_TIMEx_HallSensor_Start_DMA
C:\Users\Korisnik\AppData\Local\Temp\cckoF0Cb.s:1244   .text.HAL_TIMEx_HallSensor_Start_DMA:00000000000000b4 $d
C:\Users\Korisnik\AppData\Local\Temp\cckoF0Cb.s:1252   .text.HAL_TIMEx_HallSensor_Stop_DMA:0000000000000000 $t
C:\Users\Korisnik\AppData\Local\Temp\cckoF0Cb.s:1259   .text.HAL_TIMEx_HallSensor_Stop_DMA:0000000000000000 HAL_TIMEx_HallSensor_Stop_DMA
C:\Users\Korisnik\AppData\Local\Temp\cckoF0Cb.s:1324   .text.HAL_TIMEx_OCN_Start:0000000000000000 $t
C:\Users\Korisnik\AppData\Local\Temp\cckoF0Cb.s:1331   .text.HAL_TIMEx_OCN_Start:0000000000000000 HAL_TIMEx_OCN_Start
C:\Users\Korisnik\AppData\Local\Temp\cckoF0Cb.s:1499   .text.HAL_TIMEx_OCN_Start:00000000000000c8 $d
C:\Users\Korisnik\AppData\Local\Temp\cckoF0Cb.s:1504   .text.HAL_TIMEx_OCN_Stop:0000000000000000 $t
C:\Users\Korisnik\AppData\Local\Temp\cckoF0Cb.s:1511   .text.HAL_TIMEx_OCN_Stop:0000000000000000 HAL_TIMEx_OCN_Stop
C:\Users\Korisnik\AppData\Local\Temp\cckoF0Cb.s:1608   .text.HAL_TIMEx_OCN_Start_IT:0000000000000000 $t
C:\Users\Korisnik\AppData\Local\Temp\cckoF0Cb.s:1615   .text.HAL_TIMEx_OCN_Start_IT:0000000000000000 HAL_TIMEx_OCN_Start_IT
C:\Users\Korisnik\AppData\Local\Temp\cckoF0Cb.s:1821   .text.HAL_TIMEx_OCN_Start_IT:0000000000000104 $d
C:\Users\Korisnik\AppData\Local\Temp\cckoF0Cb.s:1826   .text.HAL_TIMEx_OCN_Stop_IT:0000000000000000 $t
C:\Users\Korisnik\AppData\Local\Temp\cckoF0Cb.s:1833   .text.HAL_TIMEx_OCN_Stop_IT:0000000000000000 HAL_TIMEx_OCN_Stop_IT
C:\Users\Korisnik\AppData\Local\Temp\cckoF0Cb.s:1985   .text.HAL_TIMEx_OCN_Start_DMA:0000000000000000 $t
C:\Users\Korisnik\AppData\Local\Temp\cckoF0Cb.s:1992   .text.HAL_TIMEx_OCN_Start_DMA:0000000000000000 HAL_TIMEx_OCN_Start_DMA
C:\Users\Korisnik\AppData\Local\Temp\cckoF0Cb.s:2393   .text.HAL_TIMEx_OCN_Start_DMA:00000000000001e0 $d
C:\Users\Korisnik\AppData\Local\Temp\cckoF0Cb.s:2401   .text.HAL_TIMEx_OCN_Stop_DMA:0000000000000000 $t
C:\Users\Korisnik\AppData\Local\Temp\cckoF0Cb.s:2408   .text.HAL_TIMEx_OCN_Stop_DMA:0000000000000000 HAL_TIMEx_OCN_Stop_DMA
C:\Users\Korisnik\AppData\Local\Temp\cckoF0Cb.s:2559   .text.HAL_TIMEx_PWMN_Start:0000000000000000 $t
C:\Users\Korisnik\AppData\Local\Temp\cckoF0Cb.s:2566   .text.HAL_TIMEx_PWMN_Start:0000000000000000 HAL_TIMEx_PWMN_Start
C:\Users\Korisnik\AppData\Local\Temp\cckoF0Cb.s:2734   .text.HAL_TIMEx_PWMN_Start:00000000000000c8 $d
C:\Users\Korisnik\AppData\Local\Temp\cckoF0Cb.s:2739   .text.HAL_TIMEx_PWMN_Stop:0000000000000000 $t
C:\Users\Korisnik\AppData\Local\Temp\cckoF0Cb.s:2746   .text.HAL_TIMEx_PWMN_Stop:0000000000000000 HAL_TIMEx_PWMN_Stop
C:\Users\Korisnik\AppData\Local\Temp\cckoF0Cb.s:2843   .text.HAL_TIMEx_PWMN_Start_IT:0000000000000000 $t
C:\Users\Korisnik\AppData\Local\Temp\cckoF0Cb.s:2850   .text.HAL_TIMEx_PWMN_Start_IT:0000000000000000 HAL_TIMEx_PWMN_Start_IT
C:\Users\Korisnik\AppData\Local\Temp\cckoF0Cb.s:3056   .text.HAL_TIMEx_PWMN_Start_IT:0000000000000104 $d
C:\Users\Korisnik\AppData\Local\Temp\cckoF0Cb.s:3061   .text.HAL_TIMEx_PWMN_Stop_IT:0000000000000000 $t
C:\Users\Korisnik\AppData\Local\Temp\cckoF0Cb.s:3068   .text.HAL_TIMEx_PWMN_Stop_IT:0000000000000000 HAL_TIMEx_PWMN_Stop_IT
C:\Users\Korisnik\AppData\Local\Temp\cckoF0Cb.s:3220   .text.HAL_TIMEx_PWMN_Start_DMA:0000000000000000 $t
ARM GAS  C:\Users\Korisnik\AppData\Local\Temp\cckoF0Cb.s 			page 158


C:\Users\Korisnik\AppData\Local\Temp\cckoF0Cb.s:3227   .text.HAL_TIMEx_PWMN_Start_DMA:0000000000000000 HAL_TIMEx_PWMN_Start_DMA
C:\Users\Korisnik\AppData\Local\Temp\cckoF0Cb.s:3628   .text.HAL_TIMEx_PWMN_Start_DMA:00000000000001e0 $d
C:\Users\Korisnik\AppData\Local\Temp\cckoF0Cb.s:3636   .text.HAL_TIMEx_PWMN_Stop_DMA:0000000000000000 $t
C:\Users\Korisnik\AppData\Local\Temp\cckoF0Cb.s:3643   .text.HAL_TIMEx_PWMN_Stop_DMA:0000000000000000 HAL_TIMEx_PWMN_Stop_DMA
C:\Users\Korisnik\AppData\Local\Temp\cckoF0Cb.s:3794   .text.HAL_TIMEx_OnePulseN_Start:0000000000000000 $t
C:\Users\Korisnik\AppData\Local\Temp\cckoF0Cb.s:3801   .text.HAL_TIMEx_OnePulseN_Start:0000000000000000 HAL_TIMEx_OnePulseN_Start
C:\Users\Korisnik\AppData\Local\Temp\cckoF0Cb.s:3929   .text.HAL_TIMEx_OnePulseN_Stop:0000000000000000 $t
C:\Users\Korisnik\AppData\Local\Temp\cckoF0Cb.s:3936   .text.HAL_TIMEx_OnePulseN_Stop:0000000000000000 HAL_TIMEx_OnePulseN_Stop
C:\Users\Korisnik\AppData\Local\Temp\cckoF0Cb.s:4031   .text.HAL_TIMEx_OnePulseN_Start_IT:0000000000000000 $t
C:\Users\Korisnik\AppData\Local\Temp\cckoF0Cb.s:4038   .text.HAL_TIMEx_OnePulseN_Start_IT:0000000000000000 HAL_TIMEx_OnePulseN_Start_IT
C:\Users\Korisnik\AppData\Local\Temp\cckoF0Cb.s:4176   .text.HAL_TIMEx_OnePulseN_Stop_IT:0000000000000000 $t
C:\Users\Korisnik\AppData\Local\Temp\cckoF0Cb.s:4183   .text.HAL_TIMEx_OnePulseN_Stop_IT:0000000000000000 HAL_TIMEx_OnePulseN_Stop_IT
C:\Users\Korisnik\AppData\Local\Temp\cckoF0Cb.s:4288   .text.HAL_TIMEx_ConfigCommutEvent:0000000000000000 $t
C:\Users\Korisnik\AppData\Local\Temp\cckoF0Cb.s:4295   .text.HAL_TIMEx_ConfigCommutEvent:0000000000000000 HAL_TIMEx_ConfigCommutEvent
C:\Users\Korisnik\AppData\Local\Temp\cckoF0Cb.s:4408   .text.HAL_TIMEx_ConfigCommutEvent_IT:0000000000000000 $t
C:\Users\Korisnik\AppData\Local\Temp\cckoF0Cb.s:4415   .text.HAL_TIMEx_ConfigCommutEvent_IT:0000000000000000 HAL_TIMEx_ConfigCommutEvent_IT
C:\Users\Korisnik\AppData\Local\Temp\cckoF0Cb.s:4528   .text.HAL_TIMEx_ConfigCommutEvent_DMA:0000000000000000 $t
C:\Users\Korisnik\AppData\Local\Temp\cckoF0Cb.s:4535   .text.HAL_TIMEx_ConfigCommutEvent_DMA:0000000000000000 HAL_TIMEx_ConfigCommutEvent_DMA
C:\Users\Korisnik\AppData\Local\Temp\cckoF0Cb.s:4665   .text.HAL_TIMEx_ConfigCommutEvent_DMA:0000000000000084 $d
C:\Users\Korisnik\AppData\Local\Temp\cckoF0Cb.s:4974   .text.TIMEx_DMACommutationCplt:0000000000000000 TIMEx_DMACommutationCplt
C:\Users\Korisnik\AppData\Local\Temp\cckoF0Cb.s:5033   .text.TIMEx_DMACommutationHalfCplt:0000000000000000 TIMEx_DMACommutationHalfCplt
C:\Users\Korisnik\AppData\Local\Temp\cckoF0Cb.s:4672   .text.HAL_TIMEx_MasterConfigSynchronization:0000000000000000 $t
C:\Users\Korisnik\AppData\Local\Temp\cckoF0Cb.s:4679   .text.HAL_TIMEx_MasterConfigSynchronization:0000000000000000 HAL_TIMEx_MasterConfigSynchronization
C:\Users\Korisnik\AppData\Local\Temp\cckoF0Cb.s:4795   .text.HAL_TIMEx_MasterConfigSynchronization:0000000000000060 $d
C:\Users\Korisnik\AppData\Local\Temp\cckoF0Cb.s:4800   .text.HAL_TIMEx_ConfigBreakDeadTime:0000000000000000 $t
C:\Users\Korisnik\AppData\Local\Temp\cckoF0Cb.s:4807   .text.HAL_TIMEx_ConfigBreakDeadTime:0000000000000000 HAL_TIMEx_ConfigBreakDeadTime
C:\Users\Korisnik\AppData\Local\Temp\cckoF0Cb.s:4918   .text.HAL_TIMEx_RemapConfig:0000000000000000 $t
C:\Users\Korisnik\AppData\Local\Temp\cckoF0Cb.s:4925   .text.HAL_TIMEx_RemapConfig:0000000000000000 HAL_TIMEx_RemapConfig
C:\Users\Korisnik\AppData\Local\Temp\cckoF0Cb.s:4945   .text.HAL_TIMEx_CommutCallback:0000000000000000 $t
C:\Users\Korisnik\AppData\Local\Temp\cckoF0Cb.s:4952   .text.HAL_TIMEx_CommutCallback:0000000000000000 HAL_TIMEx_CommutCallback
C:\Users\Korisnik\AppData\Local\Temp\cckoF0Cb.s:4967   .text.TIMEx_DMACommutationCplt:0000000000000000 $t
C:\Users\Korisnik\AppData\Local\Temp\cckoF0Cb.s:5004   .text.HAL_TIMEx_CommutHalfCpltCallback:0000000000000000 $t
C:\Users\Korisnik\AppData\Local\Temp\cckoF0Cb.s:5011   .text.HAL_TIMEx_CommutHalfCpltCallback:0000000000000000 HAL_TIMEx_CommutHalfCpltCallback
C:\Users\Korisnik\AppData\Local\Temp\cckoF0Cb.s:5026   .text.TIMEx_DMACommutationHalfCplt:0000000000000000 $t
C:\Users\Korisnik\AppData\Local\Temp\cckoF0Cb.s:5063   .text.HAL_TIMEx_BreakCallback:0000000000000000 $t
C:\Users\Korisnik\AppData\Local\Temp\cckoF0Cb.s:5070   .text.HAL_TIMEx_BreakCallback:0000000000000000 HAL_TIMEx_BreakCallback
C:\Users\Korisnik\AppData\Local\Temp\cckoF0Cb.s:5085   .text.HAL_TIMEx_HallSensor_GetState:0000000000000000 $t
C:\Users\Korisnik\AppData\Local\Temp\cckoF0Cb.s:5092   .text.HAL_TIMEx_HallSensor_GetState:0000000000000000 HAL_TIMEx_HallSensor_GetState
C:\Users\Korisnik\AppData\Local\Temp\cckoF0Cb.s:5110   .text.HAL_TIMEx_GetChannelNState:0000000000000000 $t
C:\Users\Korisnik\AppData\Local\Temp\cckoF0Cb.s:5117   .text.HAL_TIMEx_GetChannelNState:0000000000000000 HAL_TIMEx_GetChannelNState

UNDEFINED SYMBOLS
HAL_TIM_ErrorCallback
HAL_TIM_PWM_PulseFinishedCallback
TIM_Base_SetConfig
TIM_TI1_SetConfig
TIM_OC2_SetConfig
TIM_CCxChannelCmd
HAL_DMA_Start_IT
TIM_DMACaptureCplt
TIM_DMACaptureHalfCplt
TIM_DMAError
HAL_DMA_Abort_IT
TIM_DMADelayPulseHalfCplt
