ARM GAS  C:\Users\Korisnik\AppData\Local\Temp\ccwpqvhT.s 			page 1


   1              		.cpu cortex-m3
   2              		.eabi_attribute 20, 1
   3              		.eabi_attribute 21, 1
   4              		.eabi_attribute 23, 3
   5              		.eabi_attribute 24, 1
   6              		.eabi_attribute 25, 1
   7              		.eabi_attribute 26, 1
   8              		.eabi_attribute 30, 1
   9              		.eabi_attribute 34, 1
  10              		.eabi_attribute 18, 4
  11              		.file	"stm32f1xx_hal_flash_ex.c"
  12              		.text
  13              	.Ltext0:
  14              		.cfi_sections	.debug_frame
  15              		.section	.text.FLASH_MassErase,"ax",%progbits
  16              		.align	1
  17              		.arch armv7-m
  18              		.syntax unified
  19              		.thumb
  20              		.thumb_func
  21              		.fpu softvfp
  23              	FLASH_MassErase:
  24              	.LVL0:
  25              	.LFB71:
  26              		.file 1 "Drivers/STM32F1xx_HAL_Driver/Src/stm32f1xx_hal_flash_ex.c"
   1:Drivers/STM32F1xx_HAL_Driver/Src/stm32f1xx_hal_flash_ex.c **** /**
   2:Drivers/STM32F1xx_HAL_Driver/Src/stm32f1xx_hal_flash_ex.c ****   ******************************************************************************
   3:Drivers/STM32F1xx_HAL_Driver/Src/stm32f1xx_hal_flash_ex.c ****   * @file    stm32f1xx_hal_flash_ex.c
   4:Drivers/STM32F1xx_HAL_Driver/Src/stm32f1xx_hal_flash_ex.c ****   * @author  MCD Application Team
   5:Drivers/STM32F1xx_HAL_Driver/Src/stm32f1xx_hal_flash_ex.c ****   * @brief   Extended FLASH HAL module driver.
   6:Drivers/STM32F1xx_HAL_Driver/Src/stm32f1xx_hal_flash_ex.c ****   *    
   7:Drivers/STM32F1xx_HAL_Driver/Src/stm32f1xx_hal_flash_ex.c ****   *          This file provides firmware functions to manage the following 
   8:Drivers/STM32F1xx_HAL_Driver/Src/stm32f1xx_hal_flash_ex.c ****   *          functionalities of the FLASH peripheral:
   9:Drivers/STM32F1xx_HAL_Driver/Src/stm32f1xx_hal_flash_ex.c ****   *           + Extended Initialization/de-initialization functions
  10:Drivers/STM32F1xx_HAL_Driver/Src/stm32f1xx_hal_flash_ex.c ****   *           + Extended I/O operation functions
  11:Drivers/STM32F1xx_HAL_Driver/Src/stm32f1xx_hal_flash_ex.c ****   *           + Extended Peripheral Control functions 
  12:Drivers/STM32F1xx_HAL_Driver/Src/stm32f1xx_hal_flash_ex.c ****   *         
  13:Drivers/STM32F1xx_HAL_Driver/Src/stm32f1xx_hal_flash_ex.c ****   @verbatim
  14:Drivers/STM32F1xx_HAL_Driver/Src/stm32f1xx_hal_flash_ex.c ****   ==============================================================================
  15:Drivers/STM32F1xx_HAL_Driver/Src/stm32f1xx_hal_flash_ex.c ****                ##### Flash peripheral extended features  #####
  16:Drivers/STM32F1xx_HAL_Driver/Src/stm32f1xx_hal_flash_ex.c ****   ==============================================================================
  17:Drivers/STM32F1xx_HAL_Driver/Src/stm32f1xx_hal_flash_ex.c ****            
  18:Drivers/STM32F1xx_HAL_Driver/Src/stm32f1xx_hal_flash_ex.c ****                       ##### How to use this driver #####
  19:Drivers/STM32F1xx_HAL_Driver/Src/stm32f1xx_hal_flash_ex.c ****   ==============================================================================
  20:Drivers/STM32F1xx_HAL_Driver/Src/stm32f1xx_hal_flash_ex.c ****   [..] This driver provides functions to configure and program the FLASH memory 
  21:Drivers/STM32F1xx_HAL_Driver/Src/stm32f1xx_hal_flash_ex.c ****        of all STM32F1xxx devices. It includes
  22:Drivers/STM32F1xx_HAL_Driver/Src/stm32f1xx_hal_flash_ex.c ****        
  23:Drivers/STM32F1xx_HAL_Driver/Src/stm32f1xx_hal_flash_ex.c ****         (++) Set/Reset the write protection
  24:Drivers/STM32F1xx_HAL_Driver/Src/stm32f1xx_hal_flash_ex.c ****         (++) Program the user Option Bytes
  25:Drivers/STM32F1xx_HAL_Driver/Src/stm32f1xx_hal_flash_ex.c ****         (++) Get the Read protection Level
  26:Drivers/STM32F1xx_HAL_Driver/Src/stm32f1xx_hal_flash_ex.c ****   
  27:Drivers/STM32F1xx_HAL_Driver/Src/stm32f1xx_hal_flash_ex.c ****   @endverbatim
  28:Drivers/STM32F1xx_HAL_Driver/Src/stm32f1xx_hal_flash_ex.c ****   ******************************************************************************
  29:Drivers/STM32F1xx_HAL_Driver/Src/stm32f1xx_hal_flash_ex.c ****   * @attention
  30:Drivers/STM32F1xx_HAL_Driver/Src/stm32f1xx_hal_flash_ex.c ****   *
  31:Drivers/STM32F1xx_HAL_Driver/Src/stm32f1xx_hal_flash_ex.c ****   * <h2><center>&copy; Copyright (c) 2016 STMicroelectronics.
  32:Drivers/STM32F1xx_HAL_Driver/Src/stm32f1xx_hal_flash_ex.c ****   * All rights reserved.</center></h2>
ARM GAS  C:\Users\Korisnik\AppData\Local\Temp\ccwpqvhT.s 			page 2


  33:Drivers/STM32F1xx_HAL_Driver/Src/stm32f1xx_hal_flash_ex.c ****   *
  34:Drivers/STM32F1xx_HAL_Driver/Src/stm32f1xx_hal_flash_ex.c ****   * This software component is licensed by ST under BSD 3-Clause license,
  35:Drivers/STM32F1xx_HAL_Driver/Src/stm32f1xx_hal_flash_ex.c ****   * the "License"; You may not use this file except in compliance with the
  36:Drivers/STM32F1xx_HAL_Driver/Src/stm32f1xx_hal_flash_ex.c ****   * License. You may obtain a copy of the License at:
  37:Drivers/STM32F1xx_HAL_Driver/Src/stm32f1xx_hal_flash_ex.c ****   *                        opensource.org/licenses/BSD-3-Clause
  38:Drivers/STM32F1xx_HAL_Driver/Src/stm32f1xx_hal_flash_ex.c ****   *
  39:Drivers/STM32F1xx_HAL_Driver/Src/stm32f1xx_hal_flash_ex.c ****   ******************************************************************************
  40:Drivers/STM32F1xx_HAL_Driver/Src/stm32f1xx_hal_flash_ex.c ****   */
  41:Drivers/STM32F1xx_HAL_Driver/Src/stm32f1xx_hal_flash_ex.c **** 
  42:Drivers/STM32F1xx_HAL_Driver/Src/stm32f1xx_hal_flash_ex.c **** /* Includes ------------------------------------------------------------------*/
  43:Drivers/STM32F1xx_HAL_Driver/Src/stm32f1xx_hal_flash_ex.c **** #include "stm32f1xx_hal.h"
  44:Drivers/STM32F1xx_HAL_Driver/Src/stm32f1xx_hal_flash_ex.c **** 
  45:Drivers/STM32F1xx_HAL_Driver/Src/stm32f1xx_hal_flash_ex.c **** /** @addtogroup STM32F1xx_HAL_Driver
  46:Drivers/STM32F1xx_HAL_Driver/Src/stm32f1xx_hal_flash_ex.c ****   * @{
  47:Drivers/STM32F1xx_HAL_Driver/Src/stm32f1xx_hal_flash_ex.c ****   */
  48:Drivers/STM32F1xx_HAL_Driver/Src/stm32f1xx_hal_flash_ex.c **** #ifdef HAL_FLASH_MODULE_ENABLED
  49:Drivers/STM32F1xx_HAL_Driver/Src/stm32f1xx_hal_flash_ex.c **** 
  50:Drivers/STM32F1xx_HAL_Driver/Src/stm32f1xx_hal_flash_ex.c **** /** @addtogroup FLASH
  51:Drivers/STM32F1xx_HAL_Driver/Src/stm32f1xx_hal_flash_ex.c ****   * @{
  52:Drivers/STM32F1xx_HAL_Driver/Src/stm32f1xx_hal_flash_ex.c ****   */
  53:Drivers/STM32F1xx_HAL_Driver/Src/stm32f1xx_hal_flash_ex.c **** /** @addtogroup FLASH_Private_Variables
  54:Drivers/STM32F1xx_HAL_Driver/Src/stm32f1xx_hal_flash_ex.c ****  * @{
  55:Drivers/STM32F1xx_HAL_Driver/Src/stm32f1xx_hal_flash_ex.c ****  */
  56:Drivers/STM32F1xx_HAL_Driver/Src/stm32f1xx_hal_flash_ex.c **** /* Variables used for Erase pages under interruption*/
  57:Drivers/STM32F1xx_HAL_Driver/Src/stm32f1xx_hal_flash_ex.c **** extern FLASH_ProcessTypeDef pFlash;
  58:Drivers/STM32F1xx_HAL_Driver/Src/stm32f1xx_hal_flash_ex.c **** /**
  59:Drivers/STM32F1xx_HAL_Driver/Src/stm32f1xx_hal_flash_ex.c ****   * @}
  60:Drivers/STM32F1xx_HAL_Driver/Src/stm32f1xx_hal_flash_ex.c ****   */
  61:Drivers/STM32F1xx_HAL_Driver/Src/stm32f1xx_hal_flash_ex.c **** 
  62:Drivers/STM32F1xx_HAL_Driver/Src/stm32f1xx_hal_flash_ex.c **** /**
  63:Drivers/STM32F1xx_HAL_Driver/Src/stm32f1xx_hal_flash_ex.c ****   * @}
  64:Drivers/STM32F1xx_HAL_Driver/Src/stm32f1xx_hal_flash_ex.c ****   */
  65:Drivers/STM32F1xx_HAL_Driver/Src/stm32f1xx_hal_flash_ex.c ****   
  66:Drivers/STM32F1xx_HAL_Driver/Src/stm32f1xx_hal_flash_ex.c **** /** @defgroup FLASHEx FLASHEx
  67:Drivers/STM32F1xx_HAL_Driver/Src/stm32f1xx_hal_flash_ex.c ****   * @brief FLASH HAL Extension module driver
  68:Drivers/STM32F1xx_HAL_Driver/Src/stm32f1xx_hal_flash_ex.c ****   * @{
  69:Drivers/STM32F1xx_HAL_Driver/Src/stm32f1xx_hal_flash_ex.c ****   */
  70:Drivers/STM32F1xx_HAL_Driver/Src/stm32f1xx_hal_flash_ex.c **** 
  71:Drivers/STM32F1xx_HAL_Driver/Src/stm32f1xx_hal_flash_ex.c **** /* Private typedef -----------------------------------------------------------*/
  72:Drivers/STM32F1xx_HAL_Driver/Src/stm32f1xx_hal_flash_ex.c **** /* Private define ------------------------------------------------------------*/
  73:Drivers/STM32F1xx_HAL_Driver/Src/stm32f1xx_hal_flash_ex.c **** /** @defgroup FLASHEx_Private_Constants FLASHEx Private Constants
  74:Drivers/STM32F1xx_HAL_Driver/Src/stm32f1xx_hal_flash_ex.c ****  * @{
  75:Drivers/STM32F1xx_HAL_Driver/Src/stm32f1xx_hal_flash_ex.c ****  */
  76:Drivers/STM32F1xx_HAL_Driver/Src/stm32f1xx_hal_flash_ex.c **** #define FLASH_POSITION_IWDGSW_BIT        FLASH_OBR_IWDG_SW_Pos
  77:Drivers/STM32F1xx_HAL_Driver/Src/stm32f1xx_hal_flash_ex.c **** #define FLASH_POSITION_OB_USERDATA0_BIT  FLASH_OBR_DATA0_Pos
  78:Drivers/STM32F1xx_HAL_Driver/Src/stm32f1xx_hal_flash_ex.c **** #define FLASH_POSITION_OB_USERDATA1_BIT  FLASH_OBR_DATA1_Pos
  79:Drivers/STM32F1xx_HAL_Driver/Src/stm32f1xx_hal_flash_ex.c **** /**
  80:Drivers/STM32F1xx_HAL_Driver/Src/stm32f1xx_hal_flash_ex.c ****   * @}
  81:Drivers/STM32F1xx_HAL_Driver/Src/stm32f1xx_hal_flash_ex.c ****   */
  82:Drivers/STM32F1xx_HAL_Driver/Src/stm32f1xx_hal_flash_ex.c **** 
  83:Drivers/STM32F1xx_HAL_Driver/Src/stm32f1xx_hal_flash_ex.c **** /* Private macro -------------------------------------------------------------*/
  84:Drivers/STM32F1xx_HAL_Driver/Src/stm32f1xx_hal_flash_ex.c **** /** @defgroup FLASHEx_Private_Macros FLASHEx Private Macros
  85:Drivers/STM32F1xx_HAL_Driver/Src/stm32f1xx_hal_flash_ex.c ****   * @{
  86:Drivers/STM32F1xx_HAL_Driver/Src/stm32f1xx_hal_flash_ex.c ****   */
  87:Drivers/STM32F1xx_HAL_Driver/Src/stm32f1xx_hal_flash_ex.c **** /**
  88:Drivers/STM32F1xx_HAL_Driver/Src/stm32f1xx_hal_flash_ex.c ****   * @}
  89:Drivers/STM32F1xx_HAL_Driver/Src/stm32f1xx_hal_flash_ex.c ****   */ 
ARM GAS  C:\Users\Korisnik\AppData\Local\Temp\ccwpqvhT.s 			page 3


  90:Drivers/STM32F1xx_HAL_Driver/Src/stm32f1xx_hal_flash_ex.c **** 
  91:Drivers/STM32F1xx_HAL_Driver/Src/stm32f1xx_hal_flash_ex.c **** /* Private variables ---------------------------------------------------------*/
  92:Drivers/STM32F1xx_HAL_Driver/Src/stm32f1xx_hal_flash_ex.c **** /* Private function prototypes -----------------------------------------------*/
  93:Drivers/STM32F1xx_HAL_Driver/Src/stm32f1xx_hal_flash_ex.c **** /** @defgroup FLASHEx_Private_Functions FLASHEx Private Functions
  94:Drivers/STM32F1xx_HAL_Driver/Src/stm32f1xx_hal_flash_ex.c ****  * @{
  95:Drivers/STM32F1xx_HAL_Driver/Src/stm32f1xx_hal_flash_ex.c ****  */
  96:Drivers/STM32F1xx_HAL_Driver/Src/stm32f1xx_hal_flash_ex.c **** /* Erase operations */
  97:Drivers/STM32F1xx_HAL_Driver/Src/stm32f1xx_hal_flash_ex.c **** static void              FLASH_MassErase(uint32_t Banks);
  98:Drivers/STM32F1xx_HAL_Driver/Src/stm32f1xx_hal_flash_ex.c **** void    FLASH_PageErase(uint32_t PageAddress);
  99:Drivers/STM32F1xx_HAL_Driver/Src/stm32f1xx_hal_flash_ex.c **** 
 100:Drivers/STM32F1xx_HAL_Driver/Src/stm32f1xx_hal_flash_ex.c **** /* Option bytes control */
 101:Drivers/STM32F1xx_HAL_Driver/Src/stm32f1xx_hal_flash_ex.c **** static HAL_StatusTypeDef FLASH_OB_EnableWRP(uint32_t WriteProtectPage);
 102:Drivers/STM32F1xx_HAL_Driver/Src/stm32f1xx_hal_flash_ex.c **** static HAL_StatusTypeDef FLASH_OB_DisableWRP(uint32_t WriteProtectPage);
 103:Drivers/STM32F1xx_HAL_Driver/Src/stm32f1xx_hal_flash_ex.c **** static HAL_StatusTypeDef FLASH_OB_RDP_LevelConfig(uint8_t ReadProtectLevel);
 104:Drivers/STM32F1xx_HAL_Driver/Src/stm32f1xx_hal_flash_ex.c **** static HAL_StatusTypeDef FLASH_OB_UserConfig(uint8_t UserConfig);
 105:Drivers/STM32F1xx_HAL_Driver/Src/stm32f1xx_hal_flash_ex.c **** static HAL_StatusTypeDef FLASH_OB_ProgramData(uint32_t Address, uint8_t Data);
 106:Drivers/STM32F1xx_HAL_Driver/Src/stm32f1xx_hal_flash_ex.c **** static uint32_t          FLASH_OB_GetWRP(void);
 107:Drivers/STM32F1xx_HAL_Driver/Src/stm32f1xx_hal_flash_ex.c **** static uint32_t          FLASH_OB_GetRDP(void);
 108:Drivers/STM32F1xx_HAL_Driver/Src/stm32f1xx_hal_flash_ex.c **** static uint8_t           FLASH_OB_GetUser(void);
 109:Drivers/STM32F1xx_HAL_Driver/Src/stm32f1xx_hal_flash_ex.c **** 
 110:Drivers/STM32F1xx_HAL_Driver/Src/stm32f1xx_hal_flash_ex.c **** /**
 111:Drivers/STM32F1xx_HAL_Driver/Src/stm32f1xx_hal_flash_ex.c ****   * @}
 112:Drivers/STM32F1xx_HAL_Driver/Src/stm32f1xx_hal_flash_ex.c ****   */
 113:Drivers/STM32F1xx_HAL_Driver/Src/stm32f1xx_hal_flash_ex.c **** 
 114:Drivers/STM32F1xx_HAL_Driver/Src/stm32f1xx_hal_flash_ex.c **** /* Exported functions ---------------------------------------------------------*/
 115:Drivers/STM32F1xx_HAL_Driver/Src/stm32f1xx_hal_flash_ex.c **** /** @defgroup FLASHEx_Exported_Functions FLASHEx Exported Functions
 116:Drivers/STM32F1xx_HAL_Driver/Src/stm32f1xx_hal_flash_ex.c ****   * @{
 117:Drivers/STM32F1xx_HAL_Driver/Src/stm32f1xx_hal_flash_ex.c ****   */
 118:Drivers/STM32F1xx_HAL_Driver/Src/stm32f1xx_hal_flash_ex.c ****   
 119:Drivers/STM32F1xx_HAL_Driver/Src/stm32f1xx_hal_flash_ex.c **** /** @defgroup FLASHEx_Exported_Functions_Group1 FLASHEx Memory Erasing functions
 120:Drivers/STM32F1xx_HAL_Driver/Src/stm32f1xx_hal_flash_ex.c ****  *  @brief   FLASH Memory Erasing functions
 121:Drivers/STM32F1xx_HAL_Driver/Src/stm32f1xx_hal_flash_ex.c ****   *
 122:Drivers/STM32F1xx_HAL_Driver/Src/stm32f1xx_hal_flash_ex.c **** @verbatim   
 123:Drivers/STM32F1xx_HAL_Driver/Src/stm32f1xx_hal_flash_ex.c ****   ==============================================================================
 124:Drivers/STM32F1xx_HAL_Driver/Src/stm32f1xx_hal_flash_ex.c ****                 ##### FLASH Erasing Programming functions ##### 
 125:Drivers/STM32F1xx_HAL_Driver/Src/stm32f1xx_hal_flash_ex.c ****   ==============================================================================
 126:Drivers/STM32F1xx_HAL_Driver/Src/stm32f1xx_hal_flash_ex.c **** 
 127:Drivers/STM32F1xx_HAL_Driver/Src/stm32f1xx_hal_flash_ex.c ****     [..] The FLASH Memory Erasing functions, includes the following functions:
 128:Drivers/STM32F1xx_HAL_Driver/Src/stm32f1xx_hal_flash_ex.c ****     (+) @ref HAL_FLASHEx_Erase: return only when erase has been done
 129:Drivers/STM32F1xx_HAL_Driver/Src/stm32f1xx_hal_flash_ex.c ****     (+) @ref HAL_FLASHEx_Erase_IT: end of erase is done when @ref HAL_FLASH_EndOfOperationCallback 
 130:Drivers/STM32F1xx_HAL_Driver/Src/stm32f1xx_hal_flash_ex.c ****         is called with parameter 0xFFFFFFFF
 131:Drivers/STM32F1xx_HAL_Driver/Src/stm32f1xx_hal_flash_ex.c **** 
 132:Drivers/STM32F1xx_HAL_Driver/Src/stm32f1xx_hal_flash_ex.c ****     [..] Any operation of erase should follow these steps:
 133:Drivers/STM32F1xx_HAL_Driver/Src/stm32f1xx_hal_flash_ex.c ****     (#) Call the @ref HAL_FLASH_Unlock() function to enable the flash control register and 
 134:Drivers/STM32F1xx_HAL_Driver/Src/stm32f1xx_hal_flash_ex.c ****         program memory access.
 135:Drivers/STM32F1xx_HAL_Driver/Src/stm32f1xx_hal_flash_ex.c ****     (#) Call the desired function to erase page.
 136:Drivers/STM32F1xx_HAL_Driver/Src/stm32f1xx_hal_flash_ex.c ****     (#) Call the @ref HAL_FLASH_Lock() to disable the flash program memory access 
 137:Drivers/STM32F1xx_HAL_Driver/Src/stm32f1xx_hal_flash_ex.c ****        (recommended to protect the FLASH memory against possible unwanted operation).
 138:Drivers/STM32F1xx_HAL_Driver/Src/stm32f1xx_hal_flash_ex.c **** 
 139:Drivers/STM32F1xx_HAL_Driver/Src/stm32f1xx_hal_flash_ex.c **** @endverbatim
 140:Drivers/STM32F1xx_HAL_Driver/Src/stm32f1xx_hal_flash_ex.c ****   * @{
 141:Drivers/STM32F1xx_HAL_Driver/Src/stm32f1xx_hal_flash_ex.c ****   */
 142:Drivers/STM32F1xx_HAL_Driver/Src/stm32f1xx_hal_flash_ex.c ****   
 143:Drivers/STM32F1xx_HAL_Driver/Src/stm32f1xx_hal_flash_ex.c **** 
 144:Drivers/STM32F1xx_HAL_Driver/Src/stm32f1xx_hal_flash_ex.c **** /**
 145:Drivers/STM32F1xx_HAL_Driver/Src/stm32f1xx_hal_flash_ex.c ****   * @brief  Perform a mass erase or erase the specified FLASH memory pages
 146:Drivers/STM32F1xx_HAL_Driver/Src/stm32f1xx_hal_flash_ex.c ****   * @note   To correctly run this function, the @ref HAL_FLASH_Unlock() function
ARM GAS  C:\Users\Korisnik\AppData\Local\Temp\ccwpqvhT.s 			page 4


 147:Drivers/STM32F1xx_HAL_Driver/Src/stm32f1xx_hal_flash_ex.c ****   *         must be called before.
 148:Drivers/STM32F1xx_HAL_Driver/Src/stm32f1xx_hal_flash_ex.c ****   *         Call the @ref HAL_FLASH_Lock() to disable the flash memory access 
 149:Drivers/STM32F1xx_HAL_Driver/Src/stm32f1xx_hal_flash_ex.c ****   *         (recommended to protect the FLASH memory against possible unwanted operation)
 150:Drivers/STM32F1xx_HAL_Driver/Src/stm32f1xx_hal_flash_ex.c ****   * @param[in]  pEraseInit pointer to an FLASH_EraseInitTypeDef structure that
 151:Drivers/STM32F1xx_HAL_Driver/Src/stm32f1xx_hal_flash_ex.c ****   *         contains the configuration information for the erasing.
 152:Drivers/STM32F1xx_HAL_Driver/Src/stm32f1xx_hal_flash_ex.c ****   *
 153:Drivers/STM32F1xx_HAL_Driver/Src/stm32f1xx_hal_flash_ex.c ****   * @param[out]  PageError pointer to variable  that
 154:Drivers/STM32F1xx_HAL_Driver/Src/stm32f1xx_hal_flash_ex.c ****   *         contains the configuration information on faulty page in case of error
 155:Drivers/STM32F1xx_HAL_Driver/Src/stm32f1xx_hal_flash_ex.c ****   *         (0xFFFFFFFF means that all the pages have been correctly erased)
 156:Drivers/STM32F1xx_HAL_Driver/Src/stm32f1xx_hal_flash_ex.c ****   *
 157:Drivers/STM32F1xx_HAL_Driver/Src/stm32f1xx_hal_flash_ex.c ****   * @retval HAL_StatusTypeDef HAL Status
 158:Drivers/STM32F1xx_HAL_Driver/Src/stm32f1xx_hal_flash_ex.c ****   */
 159:Drivers/STM32F1xx_HAL_Driver/Src/stm32f1xx_hal_flash_ex.c **** HAL_StatusTypeDef HAL_FLASHEx_Erase(FLASH_EraseInitTypeDef *pEraseInit, uint32_t *PageError)
 160:Drivers/STM32F1xx_HAL_Driver/Src/stm32f1xx_hal_flash_ex.c **** {
 161:Drivers/STM32F1xx_HAL_Driver/Src/stm32f1xx_hal_flash_ex.c ****   HAL_StatusTypeDef status = HAL_ERROR;
 162:Drivers/STM32F1xx_HAL_Driver/Src/stm32f1xx_hal_flash_ex.c ****   uint32_t address = 0U;
 163:Drivers/STM32F1xx_HAL_Driver/Src/stm32f1xx_hal_flash_ex.c **** 
 164:Drivers/STM32F1xx_HAL_Driver/Src/stm32f1xx_hal_flash_ex.c ****   /* Process Locked */
 165:Drivers/STM32F1xx_HAL_Driver/Src/stm32f1xx_hal_flash_ex.c ****   __HAL_LOCK(&pFlash);
 166:Drivers/STM32F1xx_HAL_Driver/Src/stm32f1xx_hal_flash_ex.c **** 
 167:Drivers/STM32F1xx_HAL_Driver/Src/stm32f1xx_hal_flash_ex.c ****   /* Check the parameters */
 168:Drivers/STM32F1xx_HAL_Driver/Src/stm32f1xx_hal_flash_ex.c ****   assert_param(IS_FLASH_TYPEERASE(pEraseInit->TypeErase));
 169:Drivers/STM32F1xx_HAL_Driver/Src/stm32f1xx_hal_flash_ex.c **** 
 170:Drivers/STM32F1xx_HAL_Driver/Src/stm32f1xx_hal_flash_ex.c ****   if (pEraseInit->TypeErase == FLASH_TYPEERASE_MASSERASE)
 171:Drivers/STM32F1xx_HAL_Driver/Src/stm32f1xx_hal_flash_ex.c ****   {
 172:Drivers/STM32F1xx_HAL_Driver/Src/stm32f1xx_hal_flash_ex.c **** #if defined(FLASH_BANK2_END)
 173:Drivers/STM32F1xx_HAL_Driver/Src/stm32f1xx_hal_flash_ex.c ****     if (pEraseInit->Banks == FLASH_BANK_BOTH)
 174:Drivers/STM32F1xx_HAL_Driver/Src/stm32f1xx_hal_flash_ex.c ****     {
 175:Drivers/STM32F1xx_HAL_Driver/Src/stm32f1xx_hal_flash_ex.c ****       /* Mass Erase requested for Bank1 and Bank2 */
 176:Drivers/STM32F1xx_HAL_Driver/Src/stm32f1xx_hal_flash_ex.c ****       /* Wait for last operation to be completed */
 177:Drivers/STM32F1xx_HAL_Driver/Src/stm32f1xx_hal_flash_ex.c ****       if ((FLASH_WaitForLastOperation((uint32_t)FLASH_TIMEOUT_VALUE) == HAL_OK) && \
 178:Drivers/STM32F1xx_HAL_Driver/Src/stm32f1xx_hal_flash_ex.c ****           (FLASH_WaitForLastOperationBank2((uint32_t)FLASH_TIMEOUT_VALUE) == HAL_OK))
 179:Drivers/STM32F1xx_HAL_Driver/Src/stm32f1xx_hal_flash_ex.c ****       {
 180:Drivers/STM32F1xx_HAL_Driver/Src/stm32f1xx_hal_flash_ex.c ****         /*Mass erase to be done*/
 181:Drivers/STM32F1xx_HAL_Driver/Src/stm32f1xx_hal_flash_ex.c ****         FLASH_MassErase(FLASH_BANK_BOTH);
 182:Drivers/STM32F1xx_HAL_Driver/Src/stm32f1xx_hal_flash_ex.c ****         
 183:Drivers/STM32F1xx_HAL_Driver/Src/stm32f1xx_hal_flash_ex.c ****         /* Wait for last operation to be completed */
 184:Drivers/STM32F1xx_HAL_Driver/Src/stm32f1xx_hal_flash_ex.c ****         if ((FLASH_WaitForLastOperation((uint32_t)FLASH_TIMEOUT_VALUE) == HAL_OK) && \
 185:Drivers/STM32F1xx_HAL_Driver/Src/stm32f1xx_hal_flash_ex.c ****             (FLASH_WaitForLastOperationBank2((uint32_t)FLASH_TIMEOUT_VALUE) == HAL_OK))
 186:Drivers/STM32F1xx_HAL_Driver/Src/stm32f1xx_hal_flash_ex.c ****         {
 187:Drivers/STM32F1xx_HAL_Driver/Src/stm32f1xx_hal_flash_ex.c ****           status = HAL_OK;
 188:Drivers/STM32F1xx_HAL_Driver/Src/stm32f1xx_hal_flash_ex.c ****         }
 189:Drivers/STM32F1xx_HAL_Driver/Src/stm32f1xx_hal_flash_ex.c ****         
 190:Drivers/STM32F1xx_HAL_Driver/Src/stm32f1xx_hal_flash_ex.c ****         /* If the erase operation is completed, disable the MER Bit */
 191:Drivers/STM32F1xx_HAL_Driver/Src/stm32f1xx_hal_flash_ex.c ****         CLEAR_BIT(FLASH->CR, FLASH_CR_MER);
 192:Drivers/STM32F1xx_HAL_Driver/Src/stm32f1xx_hal_flash_ex.c ****         CLEAR_BIT(FLASH->CR2, FLASH_CR2_MER);
 193:Drivers/STM32F1xx_HAL_Driver/Src/stm32f1xx_hal_flash_ex.c ****       }
 194:Drivers/STM32F1xx_HAL_Driver/Src/stm32f1xx_hal_flash_ex.c ****     }
 195:Drivers/STM32F1xx_HAL_Driver/Src/stm32f1xx_hal_flash_ex.c ****     else if (pEraseInit->Banks == FLASH_BANK_2)
 196:Drivers/STM32F1xx_HAL_Driver/Src/stm32f1xx_hal_flash_ex.c ****     {
 197:Drivers/STM32F1xx_HAL_Driver/Src/stm32f1xx_hal_flash_ex.c ****       /* Mass Erase requested for Bank2 */
 198:Drivers/STM32F1xx_HAL_Driver/Src/stm32f1xx_hal_flash_ex.c ****       /* Wait for last operation to be completed */
 199:Drivers/STM32F1xx_HAL_Driver/Src/stm32f1xx_hal_flash_ex.c ****       if (FLASH_WaitForLastOperationBank2((uint32_t)FLASH_TIMEOUT_VALUE) == HAL_OK)
 200:Drivers/STM32F1xx_HAL_Driver/Src/stm32f1xx_hal_flash_ex.c ****       {
 201:Drivers/STM32F1xx_HAL_Driver/Src/stm32f1xx_hal_flash_ex.c ****         /*Mass erase to be done*/
 202:Drivers/STM32F1xx_HAL_Driver/Src/stm32f1xx_hal_flash_ex.c ****         FLASH_MassErase(FLASH_BANK_2);
 203:Drivers/STM32F1xx_HAL_Driver/Src/stm32f1xx_hal_flash_ex.c ****         
ARM GAS  C:\Users\Korisnik\AppData\Local\Temp\ccwpqvhT.s 			page 5


 204:Drivers/STM32F1xx_HAL_Driver/Src/stm32f1xx_hal_flash_ex.c ****         /* Wait for last operation to be completed */
 205:Drivers/STM32F1xx_HAL_Driver/Src/stm32f1xx_hal_flash_ex.c ****         status = FLASH_WaitForLastOperationBank2((uint32_t)FLASH_TIMEOUT_VALUE);
 206:Drivers/STM32F1xx_HAL_Driver/Src/stm32f1xx_hal_flash_ex.c ****         
 207:Drivers/STM32F1xx_HAL_Driver/Src/stm32f1xx_hal_flash_ex.c ****         /* If the erase operation is completed, disable the MER Bit */
 208:Drivers/STM32F1xx_HAL_Driver/Src/stm32f1xx_hal_flash_ex.c ****         CLEAR_BIT(FLASH->CR2, FLASH_CR2_MER);
 209:Drivers/STM32F1xx_HAL_Driver/Src/stm32f1xx_hal_flash_ex.c ****       }
 210:Drivers/STM32F1xx_HAL_Driver/Src/stm32f1xx_hal_flash_ex.c ****     }
 211:Drivers/STM32F1xx_HAL_Driver/Src/stm32f1xx_hal_flash_ex.c ****     else 
 212:Drivers/STM32F1xx_HAL_Driver/Src/stm32f1xx_hal_flash_ex.c **** #endif /* FLASH_BANK2_END */
 213:Drivers/STM32F1xx_HAL_Driver/Src/stm32f1xx_hal_flash_ex.c ****     {
 214:Drivers/STM32F1xx_HAL_Driver/Src/stm32f1xx_hal_flash_ex.c ****       /* Mass Erase requested for Bank1 */
 215:Drivers/STM32F1xx_HAL_Driver/Src/stm32f1xx_hal_flash_ex.c ****       /* Wait for last operation to be completed */
 216:Drivers/STM32F1xx_HAL_Driver/Src/stm32f1xx_hal_flash_ex.c ****       if (FLASH_WaitForLastOperation((uint32_t)FLASH_TIMEOUT_VALUE) == HAL_OK)
 217:Drivers/STM32F1xx_HAL_Driver/Src/stm32f1xx_hal_flash_ex.c ****       {
 218:Drivers/STM32F1xx_HAL_Driver/Src/stm32f1xx_hal_flash_ex.c ****         /*Mass erase to be done*/
 219:Drivers/STM32F1xx_HAL_Driver/Src/stm32f1xx_hal_flash_ex.c ****         FLASH_MassErase(FLASH_BANK_1);
 220:Drivers/STM32F1xx_HAL_Driver/Src/stm32f1xx_hal_flash_ex.c ****         
 221:Drivers/STM32F1xx_HAL_Driver/Src/stm32f1xx_hal_flash_ex.c ****         /* Wait for last operation to be completed */
 222:Drivers/STM32F1xx_HAL_Driver/Src/stm32f1xx_hal_flash_ex.c ****         status = FLASH_WaitForLastOperation((uint32_t)FLASH_TIMEOUT_VALUE);
 223:Drivers/STM32F1xx_HAL_Driver/Src/stm32f1xx_hal_flash_ex.c ****         
 224:Drivers/STM32F1xx_HAL_Driver/Src/stm32f1xx_hal_flash_ex.c ****         /* If the erase operation is completed, disable the MER Bit */
 225:Drivers/STM32F1xx_HAL_Driver/Src/stm32f1xx_hal_flash_ex.c ****         CLEAR_BIT(FLASH->CR, FLASH_CR_MER);
 226:Drivers/STM32F1xx_HAL_Driver/Src/stm32f1xx_hal_flash_ex.c ****       }
 227:Drivers/STM32F1xx_HAL_Driver/Src/stm32f1xx_hal_flash_ex.c ****     }
 228:Drivers/STM32F1xx_HAL_Driver/Src/stm32f1xx_hal_flash_ex.c ****   }
 229:Drivers/STM32F1xx_HAL_Driver/Src/stm32f1xx_hal_flash_ex.c ****   else
 230:Drivers/STM32F1xx_HAL_Driver/Src/stm32f1xx_hal_flash_ex.c ****   {
 231:Drivers/STM32F1xx_HAL_Driver/Src/stm32f1xx_hal_flash_ex.c ****     /* Page Erase is requested */
 232:Drivers/STM32F1xx_HAL_Driver/Src/stm32f1xx_hal_flash_ex.c ****     /* Check the parameters */
 233:Drivers/STM32F1xx_HAL_Driver/Src/stm32f1xx_hal_flash_ex.c ****     assert_param(IS_FLASH_PROGRAM_ADDRESS(pEraseInit->PageAddress));
 234:Drivers/STM32F1xx_HAL_Driver/Src/stm32f1xx_hal_flash_ex.c ****     assert_param(IS_FLASH_NB_PAGES(pEraseInit->PageAddress, pEraseInit->NbPages));
 235:Drivers/STM32F1xx_HAL_Driver/Src/stm32f1xx_hal_flash_ex.c ****     
 236:Drivers/STM32F1xx_HAL_Driver/Src/stm32f1xx_hal_flash_ex.c **** #if defined(FLASH_BANK2_END)
 237:Drivers/STM32F1xx_HAL_Driver/Src/stm32f1xx_hal_flash_ex.c ****     /* Page Erase requested on address located on bank2 */
 238:Drivers/STM32F1xx_HAL_Driver/Src/stm32f1xx_hal_flash_ex.c ****     if(pEraseInit->PageAddress > FLASH_BANK1_END)
 239:Drivers/STM32F1xx_HAL_Driver/Src/stm32f1xx_hal_flash_ex.c ****     {   
 240:Drivers/STM32F1xx_HAL_Driver/Src/stm32f1xx_hal_flash_ex.c ****       /* Wait for last operation to be completed */
 241:Drivers/STM32F1xx_HAL_Driver/Src/stm32f1xx_hal_flash_ex.c ****       if (FLASH_WaitForLastOperationBank2((uint32_t)FLASH_TIMEOUT_VALUE) == HAL_OK)
 242:Drivers/STM32F1xx_HAL_Driver/Src/stm32f1xx_hal_flash_ex.c ****       {
 243:Drivers/STM32F1xx_HAL_Driver/Src/stm32f1xx_hal_flash_ex.c ****         /*Initialization of PageError variable*/
 244:Drivers/STM32F1xx_HAL_Driver/Src/stm32f1xx_hal_flash_ex.c ****         *PageError = 0xFFFFFFFFU;
 245:Drivers/STM32F1xx_HAL_Driver/Src/stm32f1xx_hal_flash_ex.c ****         
 246:Drivers/STM32F1xx_HAL_Driver/Src/stm32f1xx_hal_flash_ex.c ****         /* Erase by page by page to be done*/
 247:Drivers/STM32F1xx_HAL_Driver/Src/stm32f1xx_hal_flash_ex.c ****         for(address = pEraseInit->PageAddress;
 248:Drivers/STM32F1xx_HAL_Driver/Src/stm32f1xx_hal_flash_ex.c ****             address < (pEraseInit->PageAddress + (pEraseInit->NbPages)*FLASH_PAGE_SIZE);
 249:Drivers/STM32F1xx_HAL_Driver/Src/stm32f1xx_hal_flash_ex.c ****             address += FLASH_PAGE_SIZE)
 250:Drivers/STM32F1xx_HAL_Driver/Src/stm32f1xx_hal_flash_ex.c ****         {
 251:Drivers/STM32F1xx_HAL_Driver/Src/stm32f1xx_hal_flash_ex.c ****           FLASH_PageErase(address);
 252:Drivers/STM32F1xx_HAL_Driver/Src/stm32f1xx_hal_flash_ex.c ****           
 253:Drivers/STM32F1xx_HAL_Driver/Src/stm32f1xx_hal_flash_ex.c ****           /* Wait for last operation to be completed */
 254:Drivers/STM32F1xx_HAL_Driver/Src/stm32f1xx_hal_flash_ex.c ****           status = FLASH_WaitForLastOperationBank2((uint32_t)FLASH_TIMEOUT_VALUE);
 255:Drivers/STM32F1xx_HAL_Driver/Src/stm32f1xx_hal_flash_ex.c ****           
 256:Drivers/STM32F1xx_HAL_Driver/Src/stm32f1xx_hal_flash_ex.c ****           /* If the erase operation is completed, disable the PER Bit */
 257:Drivers/STM32F1xx_HAL_Driver/Src/stm32f1xx_hal_flash_ex.c ****           CLEAR_BIT(FLASH->CR2, FLASH_CR2_PER);
 258:Drivers/STM32F1xx_HAL_Driver/Src/stm32f1xx_hal_flash_ex.c ****           
 259:Drivers/STM32F1xx_HAL_Driver/Src/stm32f1xx_hal_flash_ex.c ****           if (status != HAL_OK)
 260:Drivers/STM32F1xx_HAL_Driver/Src/stm32f1xx_hal_flash_ex.c ****           {
ARM GAS  C:\Users\Korisnik\AppData\Local\Temp\ccwpqvhT.s 			page 6


 261:Drivers/STM32F1xx_HAL_Driver/Src/stm32f1xx_hal_flash_ex.c ****             /* In case of error, stop erase procedure and return the faulty address */
 262:Drivers/STM32F1xx_HAL_Driver/Src/stm32f1xx_hal_flash_ex.c ****             *PageError = address;
 263:Drivers/STM32F1xx_HAL_Driver/Src/stm32f1xx_hal_flash_ex.c ****             break;
 264:Drivers/STM32F1xx_HAL_Driver/Src/stm32f1xx_hal_flash_ex.c ****           }
 265:Drivers/STM32F1xx_HAL_Driver/Src/stm32f1xx_hal_flash_ex.c ****         }
 266:Drivers/STM32F1xx_HAL_Driver/Src/stm32f1xx_hal_flash_ex.c ****       }
 267:Drivers/STM32F1xx_HAL_Driver/Src/stm32f1xx_hal_flash_ex.c ****     }
 268:Drivers/STM32F1xx_HAL_Driver/Src/stm32f1xx_hal_flash_ex.c ****     else
 269:Drivers/STM32F1xx_HAL_Driver/Src/stm32f1xx_hal_flash_ex.c **** #endif /* FLASH_BANK2_END */
 270:Drivers/STM32F1xx_HAL_Driver/Src/stm32f1xx_hal_flash_ex.c ****    {
 271:Drivers/STM32F1xx_HAL_Driver/Src/stm32f1xx_hal_flash_ex.c ****       /* Page Erase requested on address located on bank1 */
 272:Drivers/STM32F1xx_HAL_Driver/Src/stm32f1xx_hal_flash_ex.c ****       /* Wait for last operation to be completed */
 273:Drivers/STM32F1xx_HAL_Driver/Src/stm32f1xx_hal_flash_ex.c ****       if (FLASH_WaitForLastOperation((uint32_t)FLASH_TIMEOUT_VALUE) == HAL_OK)
 274:Drivers/STM32F1xx_HAL_Driver/Src/stm32f1xx_hal_flash_ex.c ****       {
 275:Drivers/STM32F1xx_HAL_Driver/Src/stm32f1xx_hal_flash_ex.c ****         /*Initialization of PageError variable*/
 276:Drivers/STM32F1xx_HAL_Driver/Src/stm32f1xx_hal_flash_ex.c ****         *PageError = 0xFFFFFFFFU;
 277:Drivers/STM32F1xx_HAL_Driver/Src/stm32f1xx_hal_flash_ex.c ****         
 278:Drivers/STM32F1xx_HAL_Driver/Src/stm32f1xx_hal_flash_ex.c ****         /* Erase page by page to be done*/
 279:Drivers/STM32F1xx_HAL_Driver/Src/stm32f1xx_hal_flash_ex.c ****         for(address = pEraseInit->PageAddress;
 280:Drivers/STM32F1xx_HAL_Driver/Src/stm32f1xx_hal_flash_ex.c ****             address < ((pEraseInit->NbPages * FLASH_PAGE_SIZE) + pEraseInit->PageAddress);
 281:Drivers/STM32F1xx_HAL_Driver/Src/stm32f1xx_hal_flash_ex.c ****             address += FLASH_PAGE_SIZE)
 282:Drivers/STM32F1xx_HAL_Driver/Src/stm32f1xx_hal_flash_ex.c ****         {
 283:Drivers/STM32F1xx_HAL_Driver/Src/stm32f1xx_hal_flash_ex.c ****           FLASH_PageErase(address);
 284:Drivers/STM32F1xx_HAL_Driver/Src/stm32f1xx_hal_flash_ex.c ****           
 285:Drivers/STM32F1xx_HAL_Driver/Src/stm32f1xx_hal_flash_ex.c ****           /* Wait for last operation to be completed */
 286:Drivers/STM32F1xx_HAL_Driver/Src/stm32f1xx_hal_flash_ex.c ****           status = FLASH_WaitForLastOperation((uint32_t)FLASH_TIMEOUT_VALUE);
 287:Drivers/STM32F1xx_HAL_Driver/Src/stm32f1xx_hal_flash_ex.c ****           
 288:Drivers/STM32F1xx_HAL_Driver/Src/stm32f1xx_hal_flash_ex.c ****           /* If the erase operation is completed, disable the PER Bit */
 289:Drivers/STM32F1xx_HAL_Driver/Src/stm32f1xx_hal_flash_ex.c ****           CLEAR_BIT(FLASH->CR, FLASH_CR_PER);
 290:Drivers/STM32F1xx_HAL_Driver/Src/stm32f1xx_hal_flash_ex.c ****           
 291:Drivers/STM32F1xx_HAL_Driver/Src/stm32f1xx_hal_flash_ex.c ****           if (status != HAL_OK)
 292:Drivers/STM32F1xx_HAL_Driver/Src/stm32f1xx_hal_flash_ex.c ****           {
 293:Drivers/STM32F1xx_HAL_Driver/Src/stm32f1xx_hal_flash_ex.c ****             /* In case of error, stop erase procedure and return the faulty address */
 294:Drivers/STM32F1xx_HAL_Driver/Src/stm32f1xx_hal_flash_ex.c ****             *PageError = address;
 295:Drivers/STM32F1xx_HAL_Driver/Src/stm32f1xx_hal_flash_ex.c ****             break;
 296:Drivers/STM32F1xx_HAL_Driver/Src/stm32f1xx_hal_flash_ex.c ****           }
 297:Drivers/STM32F1xx_HAL_Driver/Src/stm32f1xx_hal_flash_ex.c ****         }
 298:Drivers/STM32F1xx_HAL_Driver/Src/stm32f1xx_hal_flash_ex.c ****       }
 299:Drivers/STM32F1xx_HAL_Driver/Src/stm32f1xx_hal_flash_ex.c ****     }
 300:Drivers/STM32F1xx_HAL_Driver/Src/stm32f1xx_hal_flash_ex.c ****   }
 301:Drivers/STM32F1xx_HAL_Driver/Src/stm32f1xx_hal_flash_ex.c **** 
 302:Drivers/STM32F1xx_HAL_Driver/Src/stm32f1xx_hal_flash_ex.c ****   /* Process Unlocked */
 303:Drivers/STM32F1xx_HAL_Driver/Src/stm32f1xx_hal_flash_ex.c ****   __HAL_UNLOCK(&pFlash);
 304:Drivers/STM32F1xx_HAL_Driver/Src/stm32f1xx_hal_flash_ex.c **** 
 305:Drivers/STM32F1xx_HAL_Driver/Src/stm32f1xx_hal_flash_ex.c ****   return status;
 306:Drivers/STM32F1xx_HAL_Driver/Src/stm32f1xx_hal_flash_ex.c **** }
 307:Drivers/STM32F1xx_HAL_Driver/Src/stm32f1xx_hal_flash_ex.c **** 
 308:Drivers/STM32F1xx_HAL_Driver/Src/stm32f1xx_hal_flash_ex.c **** /**
 309:Drivers/STM32F1xx_HAL_Driver/Src/stm32f1xx_hal_flash_ex.c ****   * @brief  Perform a mass erase or erase the specified FLASH memory pages with interrupt enabled
 310:Drivers/STM32F1xx_HAL_Driver/Src/stm32f1xx_hal_flash_ex.c ****   * @note   To correctly run this function, the @ref HAL_FLASH_Unlock() function
 311:Drivers/STM32F1xx_HAL_Driver/Src/stm32f1xx_hal_flash_ex.c ****   *         must be called before.
 312:Drivers/STM32F1xx_HAL_Driver/Src/stm32f1xx_hal_flash_ex.c ****   *         Call the @ref HAL_FLASH_Lock() to disable the flash memory access 
 313:Drivers/STM32F1xx_HAL_Driver/Src/stm32f1xx_hal_flash_ex.c ****   *         (recommended to protect the FLASH memory against possible unwanted operation)
 314:Drivers/STM32F1xx_HAL_Driver/Src/stm32f1xx_hal_flash_ex.c ****   * @param  pEraseInit pointer to an FLASH_EraseInitTypeDef structure that
 315:Drivers/STM32F1xx_HAL_Driver/Src/stm32f1xx_hal_flash_ex.c ****   *         contains the configuration information for the erasing.
 316:Drivers/STM32F1xx_HAL_Driver/Src/stm32f1xx_hal_flash_ex.c ****   *
 317:Drivers/STM32F1xx_HAL_Driver/Src/stm32f1xx_hal_flash_ex.c ****   * @retval HAL_StatusTypeDef HAL Status
ARM GAS  C:\Users\Korisnik\AppData\Local\Temp\ccwpqvhT.s 			page 7


 318:Drivers/STM32F1xx_HAL_Driver/Src/stm32f1xx_hal_flash_ex.c ****   */
 319:Drivers/STM32F1xx_HAL_Driver/Src/stm32f1xx_hal_flash_ex.c **** HAL_StatusTypeDef HAL_FLASHEx_Erase_IT(FLASH_EraseInitTypeDef *pEraseInit)
 320:Drivers/STM32F1xx_HAL_Driver/Src/stm32f1xx_hal_flash_ex.c **** {
 321:Drivers/STM32F1xx_HAL_Driver/Src/stm32f1xx_hal_flash_ex.c ****   HAL_StatusTypeDef status = HAL_OK;
 322:Drivers/STM32F1xx_HAL_Driver/Src/stm32f1xx_hal_flash_ex.c **** 
 323:Drivers/STM32F1xx_HAL_Driver/Src/stm32f1xx_hal_flash_ex.c ****   /* Process Locked */
 324:Drivers/STM32F1xx_HAL_Driver/Src/stm32f1xx_hal_flash_ex.c ****   __HAL_LOCK(&pFlash);
 325:Drivers/STM32F1xx_HAL_Driver/Src/stm32f1xx_hal_flash_ex.c **** 
 326:Drivers/STM32F1xx_HAL_Driver/Src/stm32f1xx_hal_flash_ex.c ****   /* If procedure already ongoing, reject the next one */
 327:Drivers/STM32F1xx_HAL_Driver/Src/stm32f1xx_hal_flash_ex.c ****   if (pFlash.ProcedureOnGoing != FLASH_PROC_NONE)
 328:Drivers/STM32F1xx_HAL_Driver/Src/stm32f1xx_hal_flash_ex.c ****   {
 329:Drivers/STM32F1xx_HAL_Driver/Src/stm32f1xx_hal_flash_ex.c ****     return HAL_ERROR;
 330:Drivers/STM32F1xx_HAL_Driver/Src/stm32f1xx_hal_flash_ex.c ****   }
 331:Drivers/STM32F1xx_HAL_Driver/Src/stm32f1xx_hal_flash_ex.c ****   
 332:Drivers/STM32F1xx_HAL_Driver/Src/stm32f1xx_hal_flash_ex.c ****   /* Check the parameters */
 333:Drivers/STM32F1xx_HAL_Driver/Src/stm32f1xx_hal_flash_ex.c ****   assert_param(IS_FLASH_TYPEERASE(pEraseInit->TypeErase));
 334:Drivers/STM32F1xx_HAL_Driver/Src/stm32f1xx_hal_flash_ex.c **** 
 335:Drivers/STM32F1xx_HAL_Driver/Src/stm32f1xx_hal_flash_ex.c ****   /* Enable End of FLASH Operation and Error source interrupts */
 336:Drivers/STM32F1xx_HAL_Driver/Src/stm32f1xx_hal_flash_ex.c ****   __HAL_FLASH_ENABLE_IT(FLASH_IT_EOP | FLASH_IT_ERR);
 337:Drivers/STM32F1xx_HAL_Driver/Src/stm32f1xx_hal_flash_ex.c **** 
 338:Drivers/STM32F1xx_HAL_Driver/Src/stm32f1xx_hal_flash_ex.c **** #if defined(FLASH_BANK2_END)
 339:Drivers/STM32F1xx_HAL_Driver/Src/stm32f1xx_hal_flash_ex.c ****   /* Enable End of FLASH Operation and Error source interrupts */
 340:Drivers/STM32F1xx_HAL_Driver/Src/stm32f1xx_hal_flash_ex.c ****   __HAL_FLASH_ENABLE_IT(FLASH_IT_EOP_BANK2 | FLASH_IT_ERR_BANK2);
 341:Drivers/STM32F1xx_HAL_Driver/Src/stm32f1xx_hal_flash_ex.c ****   
 342:Drivers/STM32F1xx_HAL_Driver/Src/stm32f1xx_hal_flash_ex.c **** #endif
 343:Drivers/STM32F1xx_HAL_Driver/Src/stm32f1xx_hal_flash_ex.c ****   if (pEraseInit->TypeErase == FLASH_TYPEERASE_MASSERASE)
 344:Drivers/STM32F1xx_HAL_Driver/Src/stm32f1xx_hal_flash_ex.c ****   {
 345:Drivers/STM32F1xx_HAL_Driver/Src/stm32f1xx_hal_flash_ex.c ****     /*Mass erase to be done*/
 346:Drivers/STM32F1xx_HAL_Driver/Src/stm32f1xx_hal_flash_ex.c ****     pFlash.ProcedureOnGoing = FLASH_PROC_MASSERASE;
 347:Drivers/STM32F1xx_HAL_Driver/Src/stm32f1xx_hal_flash_ex.c ****         FLASH_MassErase(pEraseInit->Banks);
 348:Drivers/STM32F1xx_HAL_Driver/Src/stm32f1xx_hal_flash_ex.c ****   }
 349:Drivers/STM32F1xx_HAL_Driver/Src/stm32f1xx_hal_flash_ex.c ****   else
 350:Drivers/STM32F1xx_HAL_Driver/Src/stm32f1xx_hal_flash_ex.c ****   {
 351:Drivers/STM32F1xx_HAL_Driver/Src/stm32f1xx_hal_flash_ex.c ****     /* Erase by page to be done*/
 352:Drivers/STM32F1xx_HAL_Driver/Src/stm32f1xx_hal_flash_ex.c **** 
 353:Drivers/STM32F1xx_HAL_Driver/Src/stm32f1xx_hal_flash_ex.c ****     /* Check the parameters */
 354:Drivers/STM32F1xx_HAL_Driver/Src/stm32f1xx_hal_flash_ex.c ****     assert_param(IS_FLASH_PROGRAM_ADDRESS(pEraseInit->PageAddress));
 355:Drivers/STM32F1xx_HAL_Driver/Src/stm32f1xx_hal_flash_ex.c ****     assert_param(IS_FLASH_NB_PAGES(pEraseInit->PageAddress, pEraseInit->NbPages));
 356:Drivers/STM32F1xx_HAL_Driver/Src/stm32f1xx_hal_flash_ex.c **** 
 357:Drivers/STM32F1xx_HAL_Driver/Src/stm32f1xx_hal_flash_ex.c ****     pFlash.ProcedureOnGoing = FLASH_PROC_PAGEERASE;
 358:Drivers/STM32F1xx_HAL_Driver/Src/stm32f1xx_hal_flash_ex.c ****     pFlash.DataRemaining = pEraseInit->NbPages;
 359:Drivers/STM32F1xx_HAL_Driver/Src/stm32f1xx_hal_flash_ex.c ****     pFlash.Address = pEraseInit->PageAddress;
 360:Drivers/STM32F1xx_HAL_Driver/Src/stm32f1xx_hal_flash_ex.c **** 
 361:Drivers/STM32F1xx_HAL_Driver/Src/stm32f1xx_hal_flash_ex.c ****     /*Erase 1st page and wait for IT*/
 362:Drivers/STM32F1xx_HAL_Driver/Src/stm32f1xx_hal_flash_ex.c ****     FLASH_PageErase(pEraseInit->PageAddress);
 363:Drivers/STM32F1xx_HAL_Driver/Src/stm32f1xx_hal_flash_ex.c ****   }
 364:Drivers/STM32F1xx_HAL_Driver/Src/stm32f1xx_hal_flash_ex.c **** 
 365:Drivers/STM32F1xx_HAL_Driver/Src/stm32f1xx_hal_flash_ex.c ****   return status;
 366:Drivers/STM32F1xx_HAL_Driver/Src/stm32f1xx_hal_flash_ex.c **** }
 367:Drivers/STM32F1xx_HAL_Driver/Src/stm32f1xx_hal_flash_ex.c **** 
 368:Drivers/STM32F1xx_HAL_Driver/Src/stm32f1xx_hal_flash_ex.c **** /**
 369:Drivers/STM32F1xx_HAL_Driver/Src/stm32f1xx_hal_flash_ex.c ****   * @}
 370:Drivers/STM32F1xx_HAL_Driver/Src/stm32f1xx_hal_flash_ex.c ****   */
 371:Drivers/STM32F1xx_HAL_Driver/Src/stm32f1xx_hal_flash_ex.c **** 
 372:Drivers/STM32F1xx_HAL_Driver/Src/stm32f1xx_hal_flash_ex.c **** /** @defgroup FLASHEx_Exported_Functions_Group2 Option Bytes Programming functions
 373:Drivers/STM32F1xx_HAL_Driver/Src/stm32f1xx_hal_flash_ex.c ****  *  @brief   Option Bytes Programming functions
 374:Drivers/STM32F1xx_HAL_Driver/Src/stm32f1xx_hal_flash_ex.c ****   *
ARM GAS  C:\Users\Korisnik\AppData\Local\Temp\ccwpqvhT.s 			page 8


 375:Drivers/STM32F1xx_HAL_Driver/Src/stm32f1xx_hal_flash_ex.c **** @verbatim   
 376:Drivers/STM32F1xx_HAL_Driver/Src/stm32f1xx_hal_flash_ex.c ****   ==============================================================================
 377:Drivers/STM32F1xx_HAL_Driver/Src/stm32f1xx_hal_flash_ex.c ****                 ##### Option Bytes Programming functions ##### 
 378:Drivers/STM32F1xx_HAL_Driver/Src/stm32f1xx_hal_flash_ex.c ****   ==============================================================================  
 379:Drivers/STM32F1xx_HAL_Driver/Src/stm32f1xx_hal_flash_ex.c ****     [..]
 380:Drivers/STM32F1xx_HAL_Driver/Src/stm32f1xx_hal_flash_ex.c ****     This subsection provides a set of functions allowing to control the FLASH 
 381:Drivers/STM32F1xx_HAL_Driver/Src/stm32f1xx_hal_flash_ex.c ****     option bytes operations.
 382:Drivers/STM32F1xx_HAL_Driver/Src/stm32f1xx_hal_flash_ex.c **** 
 383:Drivers/STM32F1xx_HAL_Driver/Src/stm32f1xx_hal_flash_ex.c **** @endverbatim
 384:Drivers/STM32F1xx_HAL_Driver/Src/stm32f1xx_hal_flash_ex.c ****   * @{
 385:Drivers/STM32F1xx_HAL_Driver/Src/stm32f1xx_hal_flash_ex.c ****   */
 386:Drivers/STM32F1xx_HAL_Driver/Src/stm32f1xx_hal_flash_ex.c **** 
 387:Drivers/STM32F1xx_HAL_Driver/Src/stm32f1xx_hal_flash_ex.c **** /**
 388:Drivers/STM32F1xx_HAL_Driver/Src/stm32f1xx_hal_flash_ex.c ****   * @brief  Erases the FLASH option bytes.
 389:Drivers/STM32F1xx_HAL_Driver/Src/stm32f1xx_hal_flash_ex.c ****   * @note   This functions erases all option bytes except the Read protection (RDP).
 390:Drivers/STM32F1xx_HAL_Driver/Src/stm32f1xx_hal_flash_ex.c ****   *         The function @ref HAL_FLASH_Unlock() should be called before to unlock the FLASH interf
 391:Drivers/STM32F1xx_HAL_Driver/Src/stm32f1xx_hal_flash_ex.c ****   *         The function @ref HAL_FLASH_OB_Unlock() should be called before to unlock the options b
 392:Drivers/STM32F1xx_HAL_Driver/Src/stm32f1xx_hal_flash_ex.c ****   *         The function @ref HAL_FLASH_OB_Launch() should be called after to force the reload of t
 393:Drivers/STM32F1xx_HAL_Driver/Src/stm32f1xx_hal_flash_ex.c ****   *         (system reset will occur)
 394:Drivers/STM32F1xx_HAL_Driver/Src/stm32f1xx_hal_flash_ex.c ****   * @retval HAL status
 395:Drivers/STM32F1xx_HAL_Driver/Src/stm32f1xx_hal_flash_ex.c ****   */
 396:Drivers/STM32F1xx_HAL_Driver/Src/stm32f1xx_hal_flash_ex.c **** 
 397:Drivers/STM32F1xx_HAL_Driver/Src/stm32f1xx_hal_flash_ex.c **** HAL_StatusTypeDef HAL_FLASHEx_OBErase(void)
 398:Drivers/STM32F1xx_HAL_Driver/Src/stm32f1xx_hal_flash_ex.c **** {
 399:Drivers/STM32F1xx_HAL_Driver/Src/stm32f1xx_hal_flash_ex.c ****   uint8_t rdptmp = OB_RDP_LEVEL_0;
 400:Drivers/STM32F1xx_HAL_Driver/Src/stm32f1xx_hal_flash_ex.c ****   HAL_StatusTypeDef status = HAL_ERROR;
 401:Drivers/STM32F1xx_HAL_Driver/Src/stm32f1xx_hal_flash_ex.c **** 
 402:Drivers/STM32F1xx_HAL_Driver/Src/stm32f1xx_hal_flash_ex.c ****   /* Get the actual read protection Option Byte value */
 403:Drivers/STM32F1xx_HAL_Driver/Src/stm32f1xx_hal_flash_ex.c ****   rdptmp = FLASH_OB_GetRDP();
 404:Drivers/STM32F1xx_HAL_Driver/Src/stm32f1xx_hal_flash_ex.c **** 
 405:Drivers/STM32F1xx_HAL_Driver/Src/stm32f1xx_hal_flash_ex.c ****   /* Wait for last operation to be completed */
 406:Drivers/STM32F1xx_HAL_Driver/Src/stm32f1xx_hal_flash_ex.c ****   status = FLASH_WaitForLastOperation((uint32_t)FLASH_TIMEOUT_VALUE);
 407:Drivers/STM32F1xx_HAL_Driver/Src/stm32f1xx_hal_flash_ex.c **** 
 408:Drivers/STM32F1xx_HAL_Driver/Src/stm32f1xx_hal_flash_ex.c ****   if(status == HAL_OK)
 409:Drivers/STM32F1xx_HAL_Driver/Src/stm32f1xx_hal_flash_ex.c ****   {
 410:Drivers/STM32F1xx_HAL_Driver/Src/stm32f1xx_hal_flash_ex.c ****     /* Clean the error context */
 411:Drivers/STM32F1xx_HAL_Driver/Src/stm32f1xx_hal_flash_ex.c ****     pFlash.ErrorCode = HAL_FLASH_ERROR_NONE;
 412:Drivers/STM32F1xx_HAL_Driver/Src/stm32f1xx_hal_flash_ex.c **** 
 413:Drivers/STM32F1xx_HAL_Driver/Src/stm32f1xx_hal_flash_ex.c ****     /* If the previous operation is completed, proceed to erase the option bytes */
 414:Drivers/STM32F1xx_HAL_Driver/Src/stm32f1xx_hal_flash_ex.c ****     SET_BIT(FLASH->CR, FLASH_CR_OPTER);
 415:Drivers/STM32F1xx_HAL_Driver/Src/stm32f1xx_hal_flash_ex.c ****     SET_BIT(FLASH->CR, FLASH_CR_STRT);
 416:Drivers/STM32F1xx_HAL_Driver/Src/stm32f1xx_hal_flash_ex.c **** 
 417:Drivers/STM32F1xx_HAL_Driver/Src/stm32f1xx_hal_flash_ex.c ****     /* Wait for last operation to be completed */
 418:Drivers/STM32F1xx_HAL_Driver/Src/stm32f1xx_hal_flash_ex.c ****     status = FLASH_WaitForLastOperation((uint32_t)FLASH_TIMEOUT_VALUE);
 419:Drivers/STM32F1xx_HAL_Driver/Src/stm32f1xx_hal_flash_ex.c **** 
 420:Drivers/STM32F1xx_HAL_Driver/Src/stm32f1xx_hal_flash_ex.c ****     /* If the erase operation is completed, disable the OPTER Bit */
 421:Drivers/STM32F1xx_HAL_Driver/Src/stm32f1xx_hal_flash_ex.c ****     CLEAR_BIT(FLASH->CR, FLASH_CR_OPTER);
 422:Drivers/STM32F1xx_HAL_Driver/Src/stm32f1xx_hal_flash_ex.c **** 
 423:Drivers/STM32F1xx_HAL_Driver/Src/stm32f1xx_hal_flash_ex.c ****     if(status == HAL_OK)
 424:Drivers/STM32F1xx_HAL_Driver/Src/stm32f1xx_hal_flash_ex.c ****     {
 425:Drivers/STM32F1xx_HAL_Driver/Src/stm32f1xx_hal_flash_ex.c ****       /* Restore the last read protection Option Byte value */
 426:Drivers/STM32F1xx_HAL_Driver/Src/stm32f1xx_hal_flash_ex.c ****       status = FLASH_OB_RDP_LevelConfig(rdptmp);
 427:Drivers/STM32F1xx_HAL_Driver/Src/stm32f1xx_hal_flash_ex.c ****     }
 428:Drivers/STM32F1xx_HAL_Driver/Src/stm32f1xx_hal_flash_ex.c ****   }
 429:Drivers/STM32F1xx_HAL_Driver/Src/stm32f1xx_hal_flash_ex.c **** 
 430:Drivers/STM32F1xx_HAL_Driver/Src/stm32f1xx_hal_flash_ex.c ****   /* Return the erase status */
 431:Drivers/STM32F1xx_HAL_Driver/Src/stm32f1xx_hal_flash_ex.c ****   return status;
ARM GAS  C:\Users\Korisnik\AppData\Local\Temp\ccwpqvhT.s 			page 9


 432:Drivers/STM32F1xx_HAL_Driver/Src/stm32f1xx_hal_flash_ex.c **** }
 433:Drivers/STM32F1xx_HAL_Driver/Src/stm32f1xx_hal_flash_ex.c **** 
 434:Drivers/STM32F1xx_HAL_Driver/Src/stm32f1xx_hal_flash_ex.c **** /**
 435:Drivers/STM32F1xx_HAL_Driver/Src/stm32f1xx_hal_flash_ex.c ****   * @brief  Program option bytes
 436:Drivers/STM32F1xx_HAL_Driver/Src/stm32f1xx_hal_flash_ex.c ****   * @note   The function @ref HAL_FLASH_Unlock() should be called before to unlock the FLASH interf
 437:Drivers/STM32F1xx_HAL_Driver/Src/stm32f1xx_hal_flash_ex.c ****   *         The function @ref HAL_FLASH_OB_Unlock() should be called before to unlock the options b
 438:Drivers/STM32F1xx_HAL_Driver/Src/stm32f1xx_hal_flash_ex.c ****   *         The function @ref HAL_FLASH_OB_Launch() should be called after to force the reload of t
 439:Drivers/STM32F1xx_HAL_Driver/Src/stm32f1xx_hal_flash_ex.c ****   *         (system reset will occur)
 440:Drivers/STM32F1xx_HAL_Driver/Src/stm32f1xx_hal_flash_ex.c ****   *
 441:Drivers/STM32F1xx_HAL_Driver/Src/stm32f1xx_hal_flash_ex.c ****   * @param  pOBInit pointer to an FLASH_OBInitStruct structure that
 442:Drivers/STM32F1xx_HAL_Driver/Src/stm32f1xx_hal_flash_ex.c ****   *         contains the configuration information for the programming.
 443:Drivers/STM32F1xx_HAL_Driver/Src/stm32f1xx_hal_flash_ex.c ****   *
 444:Drivers/STM32F1xx_HAL_Driver/Src/stm32f1xx_hal_flash_ex.c ****   * @retval HAL_StatusTypeDef HAL Status
 445:Drivers/STM32F1xx_HAL_Driver/Src/stm32f1xx_hal_flash_ex.c ****   */
 446:Drivers/STM32F1xx_HAL_Driver/Src/stm32f1xx_hal_flash_ex.c **** HAL_StatusTypeDef HAL_FLASHEx_OBProgram(FLASH_OBProgramInitTypeDef *pOBInit)
 447:Drivers/STM32F1xx_HAL_Driver/Src/stm32f1xx_hal_flash_ex.c **** {
 448:Drivers/STM32F1xx_HAL_Driver/Src/stm32f1xx_hal_flash_ex.c ****   HAL_StatusTypeDef status = HAL_ERROR;
 449:Drivers/STM32F1xx_HAL_Driver/Src/stm32f1xx_hal_flash_ex.c **** 
 450:Drivers/STM32F1xx_HAL_Driver/Src/stm32f1xx_hal_flash_ex.c ****   /* Process Locked */
 451:Drivers/STM32F1xx_HAL_Driver/Src/stm32f1xx_hal_flash_ex.c ****   __HAL_LOCK(&pFlash);
 452:Drivers/STM32F1xx_HAL_Driver/Src/stm32f1xx_hal_flash_ex.c **** 
 453:Drivers/STM32F1xx_HAL_Driver/Src/stm32f1xx_hal_flash_ex.c ****   /* Check the parameters */
 454:Drivers/STM32F1xx_HAL_Driver/Src/stm32f1xx_hal_flash_ex.c ****   assert_param(IS_OPTIONBYTE(pOBInit->OptionType));
 455:Drivers/STM32F1xx_HAL_Driver/Src/stm32f1xx_hal_flash_ex.c **** 
 456:Drivers/STM32F1xx_HAL_Driver/Src/stm32f1xx_hal_flash_ex.c ****   /* Write protection configuration */
 457:Drivers/STM32F1xx_HAL_Driver/Src/stm32f1xx_hal_flash_ex.c ****   if((pOBInit->OptionType & OPTIONBYTE_WRP) == OPTIONBYTE_WRP)
 458:Drivers/STM32F1xx_HAL_Driver/Src/stm32f1xx_hal_flash_ex.c ****   {
 459:Drivers/STM32F1xx_HAL_Driver/Src/stm32f1xx_hal_flash_ex.c ****     assert_param(IS_WRPSTATE(pOBInit->WRPState));
 460:Drivers/STM32F1xx_HAL_Driver/Src/stm32f1xx_hal_flash_ex.c ****     if (pOBInit->WRPState == OB_WRPSTATE_ENABLE)
 461:Drivers/STM32F1xx_HAL_Driver/Src/stm32f1xx_hal_flash_ex.c ****     {
 462:Drivers/STM32F1xx_HAL_Driver/Src/stm32f1xx_hal_flash_ex.c ****       /* Enable of Write protection on the selected page */
 463:Drivers/STM32F1xx_HAL_Driver/Src/stm32f1xx_hal_flash_ex.c ****       status = FLASH_OB_EnableWRP(pOBInit->WRPPage);
 464:Drivers/STM32F1xx_HAL_Driver/Src/stm32f1xx_hal_flash_ex.c ****     }
 465:Drivers/STM32F1xx_HAL_Driver/Src/stm32f1xx_hal_flash_ex.c ****     else
 466:Drivers/STM32F1xx_HAL_Driver/Src/stm32f1xx_hal_flash_ex.c ****     {
 467:Drivers/STM32F1xx_HAL_Driver/Src/stm32f1xx_hal_flash_ex.c ****       /* Disable of Write protection on the selected page */
 468:Drivers/STM32F1xx_HAL_Driver/Src/stm32f1xx_hal_flash_ex.c ****       status = FLASH_OB_DisableWRP(pOBInit->WRPPage);
 469:Drivers/STM32F1xx_HAL_Driver/Src/stm32f1xx_hal_flash_ex.c ****     }
 470:Drivers/STM32F1xx_HAL_Driver/Src/stm32f1xx_hal_flash_ex.c ****     if (status != HAL_OK)
 471:Drivers/STM32F1xx_HAL_Driver/Src/stm32f1xx_hal_flash_ex.c ****     {
 472:Drivers/STM32F1xx_HAL_Driver/Src/stm32f1xx_hal_flash_ex.c ****       /* Process Unlocked */
 473:Drivers/STM32F1xx_HAL_Driver/Src/stm32f1xx_hal_flash_ex.c ****       __HAL_UNLOCK(&pFlash);
 474:Drivers/STM32F1xx_HAL_Driver/Src/stm32f1xx_hal_flash_ex.c ****       return status;
 475:Drivers/STM32F1xx_HAL_Driver/Src/stm32f1xx_hal_flash_ex.c ****     }
 476:Drivers/STM32F1xx_HAL_Driver/Src/stm32f1xx_hal_flash_ex.c ****   }
 477:Drivers/STM32F1xx_HAL_Driver/Src/stm32f1xx_hal_flash_ex.c **** 
 478:Drivers/STM32F1xx_HAL_Driver/Src/stm32f1xx_hal_flash_ex.c ****   /* Read protection configuration */
 479:Drivers/STM32F1xx_HAL_Driver/Src/stm32f1xx_hal_flash_ex.c ****   if((pOBInit->OptionType & OPTIONBYTE_RDP) == OPTIONBYTE_RDP)
 480:Drivers/STM32F1xx_HAL_Driver/Src/stm32f1xx_hal_flash_ex.c ****   {
 481:Drivers/STM32F1xx_HAL_Driver/Src/stm32f1xx_hal_flash_ex.c ****     status = FLASH_OB_RDP_LevelConfig(pOBInit->RDPLevel);
 482:Drivers/STM32F1xx_HAL_Driver/Src/stm32f1xx_hal_flash_ex.c ****     if (status != HAL_OK)
 483:Drivers/STM32F1xx_HAL_Driver/Src/stm32f1xx_hal_flash_ex.c ****     {
 484:Drivers/STM32F1xx_HAL_Driver/Src/stm32f1xx_hal_flash_ex.c ****       /* Process Unlocked */
 485:Drivers/STM32F1xx_HAL_Driver/Src/stm32f1xx_hal_flash_ex.c ****       __HAL_UNLOCK(&pFlash);
 486:Drivers/STM32F1xx_HAL_Driver/Src/stm32f1xx_hal_flash_ex.c ****       return status;
 487:Drivers/STM32F1xx_HAL_Driver/Src/stm32f1xx_hal_flash_ex.c ****     }
 488:Drivers/STM32F1xx_HAL_Driver/Src/stm32f1xx_hal_flash_ex.c ****   }
ARM GAS  C:\Users\Korisnik\AppData\Local\Temp\ccwpqvhT.s 			page 10


 489:Drivers/STM32F1xx_HAL_Driver/Src/stm32f1xx_hal_flash_ex.c **** 
 490:Drivers/STM32F1xx_HAL_Driver/Src/stm32f1xx_hal_flash_ex.c ****   /* USER configuration */
 491:Drivers/STM32F1xx_HAL_Driver/Src/stm32f1xx_hal_flash_ex.c ****   if((pOBInit->OptionType & OPTIONBYTE_USER) == OPTIONBYTE_USER)
 492:Drivers/STM32F1xx_HAL_Driver/Src/stm32f1xx_hal_flash_ex.c ****   {
 493:Drivers/STM32F1xx_HAL_Driver/Src/stm32f1xx_hal_flash_ex.c ****     status = FLASH_OB_UserConfig(pOBInit->USERConfig);
 494:Drivers/STM32F1xx_HAL_Driver/Src/stm32f1xx_hal_flash_ex.c ****     if (status != HAL_OK)
 495:Drivers/STM32F1xx_HAL_Driver/Src/stm32f1xx_hal_flash_ex.c ****     {
 496:Drivers/STM32F1xx_HAL_Driver/Src/stm32f1xx_hal_flash_ex.c ****       /* Process Unlocked */
 497:Drivers/STM32F1xx_HAL_Driver/Src/stm32f1xx_hal_flash_ex.c ****       __HAL_UNLOCK(&pFlash);
 498:Drivers/STM32F1xx_HAL_Driver/Src/stm32f1xx_hal_flash_ex.c ****       return status;
 499:Drivers/STM32F1xx_HAL_Driver/Src/stm32f1xx_hal_flash_ex.c ****     }
 500:Drivers/STM32F1xx_HAL_Driver/Src/stm32f1xx_hal_flash_ex.c ****   }
 501:Drivers/STM32F1xx_HAL_Driver/Src/stm32f1xx_hal_flash_ex.c **** 
 502:Drivers/STM32F1xx_HAL_Driver/Src/stm32f1xx_hal_flash_ex.c ****   /* DATA configuration*/
 503:Drivers/STM32F1xx_HAL_Driver/Src/stm32f1xx_hal_flash_ex.c ****   if((pOBInit->OptionType & OPTIONBYTE_DATA) == OPTIONBYTE_DATA)
 504:Drivers/STM32F1xx_HAL_Driver/Src/stm32f1xx_hal_flash_ex.c ****   {
 505:Drivers/STM32F1xx_HAL_Driver/Src/stm32f1xx_hal_flash_ex.c ****     status = FLASH_OB_ProgramData(pOBInit->DATAAddress, pOBInit->DATAData);
 506:Drivers/STM32F1xx_HAL_Driver/Src/stm32f1xx_hal_flash_ex.c ****     if (status != HAL_OK)
 507:Drivers/STM32F1xx_HAL_Driver/Src/stm32f1xx_hal_flash_ex.c ****     {
 508:Drivers/STM32F1xx_HAL_Driver/Src/stm32f1xx_hal_flash_ex.c ****       /* Process Unlocked */
 509:Drivers/STM32F1xx_HAL_Driver/Src/stm32f1xx_hal_flash_ex.c ****       __HAL_UNLOCK(&pFlash);
 510:Drivers/STM32F1xx_HAL_Driver/Src/stm32f1xx_hal_flash_ex.c ****       return status;
 511:Drivers/STM32F1xx_HAL_Driver/Src/stm32f1xx_hal_flash_ex.c ****     }
 512:Drivers/STM32F1xx_HAL_Driver/Src/stm32f1xx_hal_flash_ex.c ****   }
 513:Drivers/STM32F1xx_HAL_Driver/Src/stm32f1xx_hal_flash_ex.c **** 
 514:Drivers/STM32F1xx_HAL_Driver/Src/stm32f1xx_hal_flash_ex.c ****   /* Process Unlocked */
 515:Drivers/STM32F1xx_HAL_Driver/Src/stm32f1xx_hal_flash_ex.c ****   __HAL_UNLOCK(&pFlash);
 516:Drivers/STM32F1xx_HAL_Driver/Src/stm32f1xx_hal_flash_ex.c **** 
 517:Drivers/STM32F1xx_HAL_Driver/Src/stm32f1xx_hal_flash_ex.c ****   return status;
 518:Drivers/STM32F1xx_HAL_Driver/Src/stm32f1xx_hal_flash_ex.c **** }
 519:Drivers/STM32F1xx_HAL_Driver/Src/stm32f1xx_hal_flash_ex.c **** 
 520:Drivers/STM32F1xx_HAL_Driver/Src/stm32f1xx_hal_flash_ex.c **** /**
 521:Drivers/STM32F1xx_HAL_Driver/Src/stm32f1xx_hal_flash_ex.c ****   * @brief  Get the Option byte configuration
 522:Drivers/STM32F1xx_HAL_Driver/Src/stm32f1xx_hal_flash_ex.c ****   * @param  pOBInit pointer to an FLASH_OBInitStruct structure that
 523:Drivers/STM32F1xx_HAL_Driver/Src/stm32f1xx_hal_flash_ex.c ****   *         contains the configuration information for the programming.
 524:Drivers/STM32F1xx_HAL_Driver/Src/stm32f1xx_hal_flash_ex.c ****   *
 525:Drivers/STM32F1xx_HAL_Driver/Src/stm32f1xx_hal_flash_ex.c ****   * @retval None
 526:Drivers/STM32F1xx_HAL_Driver/Src/stm32f1xx_hal_flash_ex.c ****   */
 527:Drivers/STM32F1xx_HAL_Driver/Src/stm32f1xx_hal_flash_ex.c **** void HAL_FLASHEx_OBGetConfig(FLASH_OBProgramInitTypeDef *pOBInit)
 528:Drivers/STM32F1xx_HAL_Driver/Src/stm32f1xx_hal_flash_ex.c **** {
 529:Drivers/STM32F1xx_HAL_Driver/Src/stm32f1xx_hal_flash_ex.c ****   pOBInit->OptionType = OPTIONBYTE_WRP | OPTIONBYTE_RDP | OPTIONBYTE_USER;
 530:Drivers/STM32F1xx_HAL_Driver/Src/stm32f1xx_hal_flash_ex.c **** 
 531:Drivers/STM32F1xx_HAL_Driver/Src/stm32f1xx_hal_flash_ex.c ****   /*Get WRP*/
 532:Drivers/STM32F1xx_HAL_Driver/Src/stm32f1xx_hal_flash_ex.c ****   pOBInit->WRPPage = FLASH_OB_GetWRP();
 533:Drivers/STM32F1xx_HAL_Driver/Src/stm32f1xx_hal_flash_ex.c **** 
 534:Drivers/STM32F1xx_HAL_Driver/Src/stm32f1xx_hal_flash_ex.c ****   /*Get RDP Level*/
 535:Drivers/STM32F1xx_HAL_Driver/Src/stm32f1xx_hal_flash_ex.c ****   pOBInit->RDPLevel = FLASH_OB_GetRDP();
 536:Drivers/STM32F1xx_HAL_Driver/Src/stm32f1xx_hal_flash_ex.c **** 
 537:Drivers/STM32F1xx_HAL_Driver/Src/stm32f1xx_hal_flash_ex.c ****   /*Get USER*/
 538:Drivers/STM32F1xx_HAL_Driver/Src/stm32f1xx_hal_flash_ex.c ****   pOBInit->USERConfig = FLASH_OB_GetUser();
 539:Drivers/STM32F1xx_HAL_Driver/Src/stm32f1xx_hal_flash_ex.c **** }
 540:Drivers/STM32F1xx_HAL_Driver/Src/stm32f1xx_hal_flash_ex.c **** 
 541:Drivers/STM32F1xx_HAL_Driver/Src/stm32f1xx_hal_flash_ex.c **** /**
 542:Drivers/STM32F1xx_HAL_Driver/Src/stm32f1xx_hal_flash_ex.c ****   * @brief  Get the Option byte user data
 543:Drivers/STM32F1xx_HAL_Driver/Src/stm32f1xx_hal_flash_ex.c ****   * @param  DATAAdress Address of the option byte DATA
 544:Drivers/STM32F1xx_HAL_Driver/Src/stm32f1xx_hal_flash_ex.c ****   *          This parameter can be one of the following values:
 545:Drivers/STM32F1xx_HAL_Driver/Src/stm32f1xx_hal_flash_ex.c ****   *            @arg @ref OB_DATA_ADDRESS_DATA0
ARM GAS  C:\Users\Korisnik\AppData\Local\Temp\ccwpqvhT.s 			page 11


 546:Drivers/STM32F1xx_HAL_Driver/Src/stm32f1xx_hal_flash_ex.c ****   *            @arg @ref OB_DATA_ADDRESS_DATA1
 547:Drivers/STM32F1xx_HAL_Driver/Src/stm32f1xx_hal_flash_ex.c ****   * @retval Value programmed in USER data
 548:Drivers/STM32F1xx_HAL_Driver/Src/stm32f1xx_hal_flash_ex.c ****   */
 549:Drivers/STM32F1xx_HAL_Driver/Src/stm32f1xx_hal_flash_ex.c **** uint32_t HAL_FLASHEx_OBGetUserData(uint32_t DATAAdress)
 550:Drivers/STM32F1xx_HAL_Driver/Src/stm32f1xx_hal_flash_ex.c **** {
 551:Drivers/STM32F1xx_HAL_Driver/Src/stm32f1xx_hal_flash_ex.c ****   uint32_t value = 0;
 552:Drivers/STM32F1xx_HAL_Driver/Src/stm32f1xx_hal_flash_ex.c ****   
 553:Drivers/STM32F1xx_HAL_Driver/Src/stm32f1xx_hal_flash_ex.c ****   if (DATAAdress == OB_DATA_ADDRESS_DATA0)
 554:Drivers/STM32F1xx_HAL_Driver/Src/stm32f1xx_hal_flash_ex.c ****   {
 555:Drivers/STM32F1xx_HAL_Driver/Src/stm32f1xx_hal_flash_ex.c ****     /* Get value programmed in OB USER Data0 */
 556:Drivers/STM32F1xx_HAL_Driver/Src/stm32f1xx_hal_flash_ex.c ****     value = READ_BIT(FLASH->OBR, FLASH_OBR_DATA0) >> FLASH_POSITION_OB_USERDATA0_BIT;
 557:Drivers/STM32F1xx_HAL_Driver/Src/stm32f1xx_hal_flash_ex.c ****   }
 558:Drivers/STM32F1xx_HAL_Driver/Src/stm32f1xx_hal_flash_ex.c ****   else
 559:Drivers/STM32F1xx_HAL_Driver/Src/stm32f1xx_hal_flash_ex.c ****   {
 560:Drivers/STM32F1xx_HAL_Driver/Src/stm32f1xx_hal_flash_ex.c ****     /* Get value programmed in OB USER Data1 */
 561:Drivers/STM32F1xx_HAL_Driver/Src/stm32f1xx_hal_flash_ex.c ****     value = READ_BIT(FLASH->OBR, FLASH_OBR_DATA1) >> FLASH_POSITION_OB_USERDATA1_BIT;
 562:Drivers/STM32F1xx_HAL_Driver/Src/stm32f1xx_hal_flash_ex.c ****   }
 563:Drivers/STM32F1xx_HAL_Driver/Src/stm32f1xx_hal_flash_ex.c ****   
 564:Drivers/STM32F1xx_HAL_Driver/Src/stm32f1xx_hal_flash_ex.c ****   return value;
 565:Drivers/STM32F1xx_HAL_Driver/Src/stm32f1xx_hal_flash_ex.c **** }
 566:Drivers/STM32F1xx_HAL_Driver/Src/stm32f1xx_hal_flash_ex.c **** 
 567:Drivers/STM32F1xx_HAL_Driver/Src/stm32f1xx_hal_flash_ex.c **** /**
 568:Drivers/STM32F1xx_HAL_Driver/Src/stm32f1xx_hal_flash_ex.c ****   * @}
 569:Drivers/STM32F1xx_HAL_Driver/Src/stm32f1xx_hal_flash_ex.c ****   */
 570:Drivers/STM32F1xx_HAL_Driver/Src/stm32f1xx_hal_flash_ex.c **** 
 571:Drivers/STM32F1xx_HAL_Driver/Src/stm32f1xx_hal_flash_ex.c **** /**
 572:Drivers/STM32F1xx_HAL_Driver/Src/stm32f1xx_hal_flash_ex.c ****   * @}
 573:Drivers/STM32F1xx_HAL_Driver/Src/stm32f1xx_hal_flash_ex.c ****   */
 574:Drivers/STM32F1xx_HAL_Driver/Src/stm32f1xx_hal_flash_ex.c **** 
 575:Drivers/STM32F1xx_HAL_Driver/Src/stm32f1xx_hal_flash_ex.c **** /** @addtogroup FLASHEx_Private_Functions
 576:Drivers/STM32F1xx_HAL_Driver/Src/stm32f1xx_hal_flash_ex.c ****  * @{
 577:Drivers/STM32F1xx_HAL_Driver/Src/stm32f1xx_hal_flash_ex.c ****  */
 578:Drivers/STM32F1xx_HAL_Driver/Src/stm32f1xx_hal_flash_ex.c **** 
 579:Drivers/STM32F1xx_HAL_Driver/Src/stm32f1xx_hal_flash_ex.c **** /**
 580:Drivers/STM32F1xx_HAL_Driver/Src/stm32f1xx_hal_flash_ex.c ****   * @brief  Full erase of FLASH memory Bank 
 581:Drivers/STM32F1xx_HAL_Driver/Src/stm32f1xx_hal_flash_ex.c ****   * @param  Banks Banks to be erased
 582:Drivers/STM32F1xx_HAL_Driver/Src/stm32f1xx_hal_flash_ex.c ****   *          This parameter can be one of the following values:
 583:Drivers/STM32F1xx_HAL_Driver/Src/stm32f1xx_hal_flash_ex.c ****   *            @arg @ref FLASH_BANK_1 Bank1 to be erased
 584:Drivers/STM32F1xx_HAL_Driver/Src/stm32f1xx_hal_flash_ex.c ****   @if STM32F101xG
 585:Drivers/STM32F1xx_HAL_Driver/Src/stm32f1xx_hal_flash_ex.c ****   *            @arg @ref FLASH_BANK_2 Bank2 to be erased
 586:Drivers/STM32F1xx_HAL_Driver/Src/stm32f1xx_hal_flash_ex.c ****   *            @arg @ref FLASH_BANK_BOTH Bank1 and Bank2 to be erased
 587:Drivers/STM32F1xx_HAL_Driver/Src/stm32f1xx_hal_flash_ex.c ****   @endif
 588:Drivers/STM32F1xx_HAL_Driver/Src/stm32f1xx_hal_flash_ex.c ****   @if STM32F103xG
 589:Drivers/STM32F1xx_HAL_Driver/Src/stm32f1xx_hal_flash_ex.c ****   *            @arg @ref FLASH_BANK_2 Bank2 to be erased
 590:Drivers/STM32F1xx_HAL_Driver/Src/stm32f1xx_hal_flash_ex.c ****   *            @arg @ref FLASH_BANK_BOTH Bank1 and Bank2 to be erased
 591:Drivers/STM32F1xx_HAL_Driver/Src/stm32f1xx_hal_flash_ex.c ****   @endif
 592:Drivers/STM32F1xx_HAL_Driver/Src/stm32f1xx_hal_flash_ex.c ****   *
 593:Drivers/STM32F1xx_HAL_Driver/Src/stm32f1xx_hal_flash_ex.c ****   * @retval None
 594:Drivers/STM32F1xx_HAL_Driver/Src/stm32f1xx_hal_flash_ex.c ****   */
 595:Drivers/STM32F1xx_HAL_Driver/Src/stm32f1xx_hal_flash_ex.c **** static void FLASH_MassErase(uint32_t Banks)
 596:Drivers/STM32F1xx_HAL_Driver/Src/stm32f1xx_hal_flash_ex.c **** {
  27              		.loc 1 596 1 view -0
  28              		.cfi_startproc
  29              		@ args = 0, pretend = 0, frame = 0
  30              		@ frame_needed = 0, uses_anonymous_args = 0
  31              		@ link register save eliminated.
 597:Drivers/STM32F1xx_HAL_Driver/Src/stm32f1xx_hal_flash_ex.c ****   /* Check the parameters */
ARM GAS  C:\Users\Korisnik\AppData\Local\Temp\ccwpqvhT.s 			page 12


 598:Drivers/STM32F1xx_HAL_Driver/Src/stm32f1xx_hal_flash_ex.c ****   assert_param(IS_FLASH_BANK(Banks));
  32              		.loc 1 598 3 view .LVU1
 599:Drivers/STM32F1xx_HAL_Driver/Src/stm32f1xx_hal_flash_ex.c **** 
 600:Drivers/STM32F1xx_HAL_Driver/Src/stm32f1xx_hal_flash_ex.c ****   /* Clean the error context */
 601:Drivers/STM32F1xx_HAL_Driver/Src/stm32f1xx_hal_flash_ex.c ****   pFlash.ErrorCode = HAL_FLASH_ERROR_NONE;
  33              		.loc 1 601 3 view .LVU2
  34              		.loc 1 601 20 is_stmt 0 view .LVU3
  35 0000 064B     		ldr	r3, .L2
  36 0002 0022     		movs	r2, #0
  37 0004 DA61     		str	r2, [r3, #28]
 602:Drivers/STM32F1xx_HAL_Driver/Src/stm32f1xx_hal_flash_ex.c **** 
 603:Drivers/STM32F1xx_HAL_Driver/Src/stm32f1xx_hal_flash_ex.c **** #if defined(FLASH_BANK2_END)
 604:Drivers/STM32F1xx_HAL_Driver/Src/stm32f1xx_hal_flash_ex.c ****   if(Banks == FLASH_BANK_BOTH)
 605:Drivers/STM32F1xx_HAL_Driver/Src/stm32f1xx_hal_flash_ex.c ****   {
 606:Drivers/STM32F1xx_HAL_Driver/Src/stm32f1xx_hal_flash_ex.c ****     /* bank1 & bank2 will be erased*/
 607:Drivers/STM32F1xx_HAL_Driver/Src/stm32f1xx_hal_flash_ex.c ****     SET_BIT(FLASH->CR, FLASH_CR_MER);
 608:Drivers/STM32F1xx_HAL_Driver/Src/stm32f1xx_hal_flash_ex.c ****     SET_BIT(FLASH->CR2, FLASH_CR2_MER);
 609:Drivers/STM32F1xx_HAL_Driver/Src/stm32f1xx_hal_flash_ex.c ****     SET_BIT(FLASH->CR, FLASH_CR_STRT);
 610:Drivers/STM32F1xx_HAL_Driver/Src/stm32f1xx_hal_flash_ex.c ****     SET_BIT(FLASH->CR2, FLASH_CR2_STRT);
 611:Drivers/STM32F1xx_HAL_Driver/Src/stm32f1xx_hal_flash_ex.c ****   }
 612:Drivers/STM32F1xx_HAL_Driver/Src/stm32f1xx_hal_flash_ex.c ****   else if(Banks == FLASH_BANK_2)
 613:Drivers/STM32F1xx_HAL_Driver/Src/stm32f1xx_hal_flash_ex.c ****   {
 614:Drivers/STM32F1xx_HAL_Driver/Src/stm32f1xx_hal_flash_ex.c ****     /*Only bank2 will be erased*/
 615:Drivers/STM32F1xx_HAL_Driver/Src/stm32f1xx_hal_flash_ex.c ****     SET_BIT(FLASH->CR2, FLASH_CR2_MER);
 616:Drivers/STM32F1xx_HAL_Driver/Src/stm32f1xx_hal_flash_ex.c ****     SET_BIT(FLASH->CR2, FLASH_CR2_STRT);
 617:Drivers/STM32F1xx_HAL_Driver/Src/stm32f1xx_hal_flash_ex.c ****   }
 618:Drivers/STM32F1xx_HAL_Driver/Src/stm32f1xx_hal_flash_ex.c ****   else
 619:Drivers/STM32F1xx_HAL_Driver/Src/stm32f1xx_hal_flash_ex.c ****   {
 620:Drivers/STM32F1xx_HAL_Driver/Src/stm32f1xx_hal_flash_ex.c **** #endif /* FLASH_BANK2_END */
 621:Drivers/STM32F1xx_HAL_Driver/Src/stm32f1xx_hal_flash_ex.c **** #if !defined(FLASH_BANK2_END)
 622:Drivers/STM32F1xx_HAL_Driver/Src/stm32f1xx_hal_flash_ex.c ****   /* Prevent unused argument(s) compilation warning */
 623:Drivers/STM32F1xx_HAL_Driver/Src/stm32f1xx_hal_flash_ex.c ****   UNUSED(Banks);
  38              		.loc 1 623 3 is_stmt 1 view .LVU4
 624:Drivers/STM32F1xx_HAL_Driver/Src/stm32f1xx_hal_flash_ex.c **** #endif /* FLASH_BANK2_END */  
 625:Drivers/STM32F1xx_HAL_Driver/Src/stm32f1xx_hal_flash_ex.c ****     /* Only bank1 will be erased*/
 626:Drivers/STM32F1xx_HAL_Driver/Src/stm32f1xx_hal_flash_ex.c ****     SET_BIT(FLASH->CR, FLASH_CR_MER);
  39              		.loc 1 626 5 view .LVU5
  40 0006 064B     		ldr	r3, .L2+4
  41 0008 1A69     		ldr	r2, [r3, #16]
  42 000a 42F00402 		orr	r2, r2, #4
  43 000e 1A61     		str	r2, [r3, #16]
 627:Drivers/STM32F1xx_HAL_Driver/Src/stm32f1xx_hal_flash_ex.c ****     SET_BIT(FLASH->CR, FLASH_CR_STRT);
  44              		.loc 1 627 5 view .LVU6
  45 0010 1A69     		ldr	r2, [r3, #16]
  46 0012 42F04002 		orr	r2, r2, #64
  47 0016 1A61     		str	r2, [r3, #16]
 628:Drivers/STM32F1xx_HAL_Driver/Src/stm32f1xx_hal_flash_ex.c **** #if defined(FLASH_BANK2_END)
 629:Drivers/STM32F1xx_HAL_Driver/Src/stm32f1xx_hal_flash_ex.c ****   }
 630:Drivers/STM32F1xx_HAL_Driver/Src/stm32f1xx_hal_flash_ex.c **** #endif /* FLASH_BANK2_END */
 631:Drivers/STM32F1xx_HAL_Driver/Src/stm32f1xx_hal_flash_ex.c **** }
  48              		.loc 1 631 1 is_stmt 0 view .LVU7
  49 0018 7047     		bx	lr
  50              	.L3:
  51 001a 00BF     		.align	2
  52              	.L2:
  53 001c 00000000 		.word	pFlash
  54 0020 00200240 		.word	1073881088
ARM GAS  C:\Users\Korisnik\AppData\Local\Temp\ccwpqvhT.s 			page 13


  55              		.cfi_endproc
  56              	.LFE71:
  58              		.section	.text.FLASH_OB_GetWRP,"ax",%progbits
  59              		.align	1
  60              		.syntax unified
  61              		.thumb
  62              		.thumb_func
  63              		.fpu softvfp
  65              	FLASH_OB_GetWRP:
  66              	.LFB77:
 632:Drivers/STM32F1xx_HAL_Driver/Src/stm32f1xx_hal_flash_ex.c **** 
 633:Drivers/STM32F1xx_HAL_Driver/Src/stm32f1xx_hal_flash_ex.c **** /**
 634:Drivers/STM32F1xx_HAL_Driver/Src/stm32f1xx_hal_flash_ex.c ****   * @brief  Enable the write protection of the desired pages
 635:Drivers/STM32F1xx_HAL_Driver/Src/stm32f1xx_hal_flash_ex.c ****   * @note   An option byte erase is done automatically in this function. 
 636:Drivers/STM32F1xx_HAL_Driver/Src/stm32f1xx_hal_flash_ex.c ****   * @note   When the memory read protection level is selected (RDP level = 1), 
 637:Drivers/STM32F1xx_HAL_Driver/Src/stm32f1xx_hal_flash_ex.c ****   *         it is not possible to program or erase the flash page i if
 638:Drivers/STM32F1xx_HAL_Driver/Src/stm32f1xx_hal_flash_ex.c ****   *         debug features are connected or boot code is executed in RAM, even if nWRPi = 1 
 639:Drivers/STM32F1xx_HAL_Driver/Src/stm32f1xx_hal_flash_ex.c ****   * 
 640:Drivers/STM32F1xx_HAL_Driver/Src/stm32f1xx_hal_flash_ex.c ****   * @param  WriteProtectPage specifies the page(s) to be write protected.
 641:Drivers/STM32F1xx_HAL_Driver/Src/stm32f1xx_hal_flash_ex.c ****   *         The value of this parameter depend on device used within the same series 
 642:Drivers/STM32F1xx_HAL_Driver/Src/stm32f1xx_hal_flash_ex.c ****   * @retval HAL status 
 643:Drivers/STM32F1xx_HAL_Driver/Src/stm32f1xx_hal_flash_ex.c ****   */
 644:Drivers/STM32F1xx_HAL_Driver/Src/stm32f1xx_hal_flash_ex.c **** static HAL_StatusTypeDef FLASH_OB_EnableWRP(uint32_t WriteProtectPage)
 645:Drivers/STM32F1xx_HAL_Driver/Src/stm32f1xx_hal_flash_ex.c **** {
 646:Drivers/STM32F1xx_HAL_Driver/Src/stm32f1xx_hal_flash_ex.c ****   HAL_StatusTypeDef status = HAL_OK;
 647:Drivers/STM32F1xx_HAL_Driver/Src/stm32f1xx_hal_flash_ex.c ****   uint16_t WRP0_Data = 0xFFFF;
 648:Drivers/STM32F1xx_HAL_Driver/Src/stm32f1xx_hal_flash_ex.c **** #if defined(FLASH_WRP1_WRP1)
 649:Drivers/STM32F1xx_HAL_Driver/Src/stm32f1xx_hal_flash_ex.c ****   uint16_t WRP1_Data = 0xFFFF;
 650:Drivers/STM32F1xx_HAL_Driver/Src/stm32f1xx_hal_flash_ex.c **** #endif /* FLASH_WRP1_WRP1 */
 651:Drivers/STM32F1xx_HAL_Driver/Src/stm32f1xx_hal_flash_ex.c **** #if defined(FLASH_WRP2_WRP2)
 652:Drivers/STM32F1xx_HAL_Driver/Src/stm32f1xx_hal_flash_ex.c ****   uint16_t WRP2_Data = 0xFFFF;
 653:Drivers/STM32F1xx_HAL_Driver/Src/stm32f1xx_hal_flash_ex.c **** #endif /* FLASH_WRP2_WRP2 */
 654:Drivers/STM32F1xx_HAL_Driver/Src/stm32f1xx_hal_flash_ex.c **** #if defined(FLASH_WRP3_WRP3)
 655:Drivers/STM32F1xx_HAL_Driver/Src/stm32f1xx_hal_flash_ex.c ****   uint16_t WRP3_Data = 0xFFFF;
 656:Drivers/STM32F1xx_HAL_Driver/Src/stm32f1xx_hal_flash_ex.c **** #endif /* FLASH_WRP3_WRP3 */
 657:Drivers/STM32F1xx_HAL_Driver/Src/stm32f1xx_hal_flash_ex.c ****   
 658:Drivers/STM32F1xx_HAL_Driver/Src/stm32f1xx_hal_flash_ex.c ****   /* Check the parameters */
 659:Drivers/STM32F1xx_HAL_Driver/Src/stm32f1xx_hal_flash_ex.c ****   assert_param(IS_OB_WRP(WriteProtectPage));
 660:Drivers/STM32F1xx_HAL_Driver/Src/stm32f1xx_hal_flash_ex.c ****     
 661:Drivers/STM32F1xx_HAL_Driver/Src/stm32f1xx_hal_flash_ex.c ****   /* Get current write protected pages and the new pages to be protected ******/
 662:Drivers/STM32F1xx_HAL_Driver/Src/stm32f1xx_hal_flash_ex.c ****   WriteProtectPage = (uint32_t)(~((~FLASH_OB_GetWRP()) | WriteProtectPage));
 663:Drivers/STM32F1xx_HAL_Driver/Src/stm32f1xx_hal_flash_ex.c ****   
 664:Drivers/STM32F1xx_HAL_Driver/Src/stm32f1xx_hal_flash_ex.c **** #if defined(OB_WRP_PAGES0TO15MASK)
 665:Drivers/STM32F1xx_HAL_Driver/Src/stm32f1xx_hal_flash_ex.c ****   WRP0_Data = (uint16_t)(WriteProtectPage & OB_WRP_PAGES0TO15MASK);
 666:Drivers/STM32F1xx_HAL_Driver/Src/stm32f1xx_hal_flash_ex.c **** #elif defined(OB_WRP_PAGES0TO31MASK)
 667:Drivers/STM32F1xx_HAL_Driver/Src/stm32f1xx_hal_flash_ex.c ****   WRP0_Data = (uint16_t)(WriteProtectPage & OB_WRP_PAGES0TO31MASK);
 668:Drivers/STM32F1xx_HAL_Driver/Src/stm32f1xx_hal_flash_ex.c **** #endif /* OB_WRP_PAGES0TO31MASK */
 669:Drivers/STM32F1xx_HAL_Driver/Src/stm32f1xx_hal_flash_ex.c ****   
 670:Drivers/STM32F1xx_HAL_Driver/Src/stm32f1xx_hal_flash_ex.c **** #if defined(OB_WRP_PAGES16TO31MASK)
 671:Drivers/STM32F1xx_HAL_Driver/Src/stm32f1xx_hal_flash_ex.c ****   WRP1_Data = (uint16_t)((WriteProtectPage & OB_WRP_PAGES16TO31MASK) >> 8U);
 672:Drivers/STM32F1xx_HAL_Driver/Src/stm32f1xx_hal_flash_ex.c **** #elif defined(OB_WRP_PAGES32TO63MASK)
 673:Drivers/STM32F1xx_HAL_Driver/Src/stm32f1xx_hal_flash_ex.c ****   WRP1_Data = (uint16_t)((WriteProtectPage & OB_WRP_PAGES32TO63MASK) >> 8U);
 674:Drivers/STM32F1xx_HAL_Driver/Src/stm32f1xx_hal_flash_ex.c **** #endif /* OB_WRP_PAGES32TO63MASK */
 675:Drivers/STM32F1xx_HAL_Driver/Src/stm32f1xx_hal_flash_ex.c ****  
 676:Drivers/STM32F1xx_HAL_Driver/Src/stm32f1xx_hal_flash_ex.c **** #if defined(OB_WRP_PAGES64TO95MASK)
 677:Drivers/STM32F1xx_HAL_Driver/Src/stm32f1xx_hal_flash_ex.c ****   WRP2_Data = (uint16_t)((WriteProtectPage & OB_WRP_PAGES64TO95MASK) >> 16U);
 678:Drivers/STM32F1xx_HAL_Driver/Src/stm32f1xx_hal_flash_ex.c **** #endif /* OB_WRP_PAGES64TO95MASK */
ARM GAS  C:\Users\Korisnik\AppData\Local\Temp\ccwpqvhT.s 			page 14


 679:Drivers/STM32F1xx_HAL_Driver/Src/stm32f1xx_hal_flash_ex.c **** #if defined(OB_WRP_PAGES32TO47MASK)
 680:Drivers/STM32F1xx_HAL_Driver/Src/stm32f1xx_hal_flash_ex.c ****   WRP2_Data = (uint16_t)((WriteProtectPage & OB_WRP_PAGES32TO47MASK) >> 16U);
 681:Drivers/STM32F1xx_HAL_Driver/Src/stm32f1xx_hal_flash_ex.c **** #endif /* OB_WRP_PAGES32TO47MASK */
 682:Drivers/STM32F1xx_HAL_Driver/Src/stm32f1xx_hal_flash_ex.c **** 
 683:Drivers/STM32F1xx_HAL_Driver/Src/stm32f1xx_hal_flash_ex.c **** #if defined(OB_WRP_PAGES96TO127MASK)
 684:Drivers/STM32F1xx_HAL_Driver/Src/stm32f1xx_hal_flash_ex.c ****   WRP3_Data = (uint16_t)((WriteProtectPage & OB_WRP_PAGES96TO127MASK) >> 24U); 
 685:Drivers/STM32F1xx_HAL_Driver/Src/stm32f1xx_hal_flash_ex.c **** #elif defined(OB_WRP_PAGES48TO255MASK)
 686:Drivers/STM32F1xx_HAL_Driver/Src/stm32f1xx_hal_flash_ex.c ****   WRP3_Data = (uint16_t)((WriteProtectPage & OB_WRP_PAGES48TO255MASK) >> 24U); 
 687:Drivers/STM32F1xx_HAL_Driver/Src/stm32f1xx_hal_flash_ex.c **** #elif defined(OB_WRP_PAGES48TO511MASK)
 688:Drivers/STM32F1xx_HAL_Driver/Src/stm32f1xx_hal_flash_ex.c ****   WRP3_Data = (uint16_t)((WriteProtectPage & OB_WRP_PAGES48TO511MASK) >> 24U); 
 689:Drivers/STM32F1xx_HAL_Driver/Src/stm32f1xx_hal_flash_ex.c **** #elif defined(OB_WRP_PAGES48TO127MASK)
 690:Drivers/STM32F1xx_HAL_Driver/Src/stm32f1xx_hal_flash_ex.c ****   WRP3_Data = (uint16_t)((WriteProtectPage & OB_WRP_PAGES48TO127MASK) >> 24U); 
 691:Drivers/STM32F1xx_HAL_Driver/Src/stm32f1xx_hal_flash_ex.c **** #endif /* OB_WRP_PAGES96TO127MASK */
 692:Drivers/STM32F1xx_HAL_Driver/Src/stm32f1xx_hal_flash_ex.c ****   
 693:Drivers/STM32F1xx_HAL_Driver/Src/stm32f1xx_hal_flash_ex.c ****   /* Wait for last operation to be completed */
 694:Drivers/STM32F1xx_HAL_Driver/Src/stm32f1xx_hal_flash_ex.c ****   status = FLASH_WaitForLastOperation((uint32_t)FLASH_TIMEOUT_VALUE);
 695:Drivers/STM32F1xx_HAL_Driver/Src/stm32f1xx_hal_flash_ex.c **** 
 696:Drivers/STM32F1xx_HAL_Driver/Src/stm32f1xx_hal_flash_ex.c ****   if(status == HAL_OK)
 697:Drivers/STM32F1xx_HAL_Driver/Src/stm32f1xx_hal_flash_ex.c ****   { 
 698:Drivers/STM32F1xx_HAL_Driver/Src/stm32f1xx_hal_flash_ex.c ****     /* Clean the error context */
 699:Drivers/STM32F1xx_HAL_Driver/Src/stm32f1xx_hal_flash_ex.c ****     pFlash.ErrorCode = HAL_FLASH_ERROR_NONE;
 700:Drivers/STM32F1xx_HAL_Driver/Src/stm32f1xx_hal_flash_ex.c **** 
 701:Drivers/STM32F1xx_HAL_Driver/Src/stm32f1xx_hal_flash_ex.c ****     /* To be able to write again option byte, need to perform a option byte erase */
 702:Drivers/STM32F1xx_HAL_Driver/Src/stm32f1xx_hal_flash_ex.c ****     status = HAL_FLASHEx_OBErase();
 703:Drivers/STM32F1xx_HAL_Driver/Src/stm32f1xx_hal_flash_ex.c ****     if (status == HAL_OK)  
 704:Drivers/STM32F1xx_HAL_Driver/Src/stm32f1xx_hal_flash_ex.c ****     {
 705:Drivers/STM32F1xx_HAL_Driver/Src/stm32f1xx_hal_flash_ex.c ****       /* Enable write protection */
 706:Drivers/STM32F1xx_HAL_Driver/Src/stm32f1xx_hal_flash_ex.c ****       SET_BIT(FLASH->CR, FLASH_CR_OPTPG);
 707:Drivers/STM32F1xx_HAL_Driver/Src/stm32f1xx_hal_flash_ex.c **** 
 708:Drivers/STM32F1xx_HAL_Driver/Src/stm32f1xx_hal_flash_ex.c **** #if defined(FLASH_WRP0_WRP0)
 709:Drivers/STM32F1xx_HAL_Driver/Src/stm32f1xx_hal_flash_ex.c ****       if(WRP0_Data != 0xFFU)
 710:Drivers/STM32F1xx_HAL_Driver/Src/stm32f1xx_hal_flash_ex.c ****       {
 711:Drivers/STM32F1xx_HAL_Driver/Src/stm32f1xx_hal_flash_ex.c ****         OB->WRP0 &= WRP0_Data;
 712:Drivers/STM32F1xx_HAL_Driver/Src/stm32f1xx_hal_flash_ex.c ****         
 713:Drivers/STM32F1xx_HAL_Driver/Src/stm32f1xx_hal_flash_ex.c ****         /* Wait for last operation to be completed */
 714:Drivers/STM32F1xx_HAL_Driver/Src/stm32f1xx_hal_flash_ex.c ****         status = FLASH_WaitForLastOperation((uint32_t)FLASH_TIMEOUT_VALUE);
 715:Drivers/STM32F1xx_HAL_Driver/Src/stm32f1xx_hal_flash_ex.c ****       }
 716:Drivers/STM32F1xx_HAL_Driver/Src/stm32f1xx_hal_flash_ex.c **** #endif /* FLASH_WRP0_WRP0 */
 717:Drivers/STM32F1xx_HAL_Driver/Src/stm32f1xx_hal_flash_ex.c **** 
 718:Drivers/STM32F1xx_HAL_Driver/Src/stm32f1xx_hal_flash_ex.c **** #if defined(FLASH_WRP1_WRP1)
 719:Drivers/STM32F1xx_HAL_Driver/Src/stm32f1xx_hal_flash_ex.c ****       if((status == HAL_OK) && (WRP1_Data != 0xFFU))
 720:Drivers/STM32F1xx_HAL_Driver/Src/stm32f1xx_hal_flash_ex.c ****       {
 721:Drivers/STM32F1xx_HAL_Driver/Src/stm32f1xx_hal_flash_ex.c ****         OB->WRP1 &= WRP1_Data;
 722:Drivers/STM32F1xx_HAL_Driver/Src/stm32f1xx_hal_flash_ex.c ****         
 723:Drivers/STM32F1xx_HAL_Driver/Src/stm32f1xx_hal_flash_ex.c ****         /* Wait for last operation to be completed */
 724:Drivers/STM32F1xx_HAL_Driver/Src/stm32f1xx_hal_flash_ex.c ****         status = FLASH_WaitForLastOperation((uint32_t)FLASH_TIMEOUT_VALUE);
 725:Drivers/STM32F1xx_HAL_Driver/Src/stm32f1xx_hal_flash_ex.c ****       }
 726:Drivers/STM32F1xx_HAL_Driver/Src/stm32f1xx_hal_flash_ex.c **** #endif /* FLASH_WRP1_WRP1 */
 727:Drivers/STM32F1xx_HAL_Driver/Src/stm32f1xx_hal_flash_ex.c **** 
 728:Drivers/STM32F1xx_HAL_Driver/Src/stm32f1xx_hal_flash_ex.c **** #if defined(FLASH_WRP2_WRP2)
 729:Drivers/STM32F1xx_HAL_Driver/Src/stm32f1xx_hal_flash_ex.c ****       if((status == HAL_OK) && (WRP2_Data != 0xFFU))
 730:Drivers/STM32F1xx_HAL_Driver/Src/stm32f1xx_hal_flash_ex.c ****       {
 731:Drivers/STM32F1xx_HAL_Driver/Src/stm32f1xx_hal_flash_ex.c ****         OB->WRP2 &= WRP2_Data;
 732:Drivers/STM32F1xx_HAL_Driver/Src/stm32f1xx_hal_flash_ex.c ****         
 733:Drivers/STM32F1xx_HAL_Driver/Src/stm32f1xx_hal_flash_ex.c ****         /* Wait for last operation to be completed */
 734:Drivers/STM32F1xx_HAL_Driver/Src/stm32f1xx_hal_flash_ex.c ****         status = FLASH_WaitForLastOperation((uint32_t)FLASH_TIMEOUT_VALUE);
 735:Drivers/STM32F1xx_HAL_Driver/Src/stm32f1xx_hal_flash_ex.c ****       }
ARM GAS  C:\Users\Korisnik\AppData\Local\Temp\ccwpqvhT.s 			page 15


 736:Drivers/STM32F1xx_HAL_Driver/Src/stm32f1xx_hal_flash_ex.c **** #endif /* FLASH_WRP2_WRP2 */
 737:Drivers/STM32F1xx_HAL_Driver/Src/stm32f1xx_hal_flash_ex.c **** 
 738:Drivers/STM32F1xx_HAL_Driver/Src/stm32f1xx_hal_flash_ex.c **** #if defined(FLASH_WRP3_WRP3)
 739:Drivers/STM32F1xx_HAL_Driver/Src/stm32f1xx_hal_flash_ex.c ****       if((status == HAL_OK) && (WRP3_Data != 0xFFU))
 740:Drivers/STM32F1xx_HAL_Driver/Src/stm32f1xx_hal_flash_ex.c ****       {
 741:Drivers/STM32F1xx_HAL_Driver/Src/stm32f1xx_hal_flash_ex.c ****         OB->WRP3 &= WRP3_Data;
 742:Drivers/STM32F1xx_HAL_Driver/Src/stm32f1xx_hal_flash_ex.c ****         
 743:Drivers/STM32F1xx_HAL_Driver/Src/stm32f1xx_hal_flash_ex.c ****         /* Wait for last operation to be completed */
 744:Drivers/STM32F1xx_HAL_Driver/Src/stm32f1xx_hal_flash_ex.c ****         status = FLASH_WaitForLastOperation((uint32_t)FLASH_TIMEOUT_VALUE);
 745:Drivers/STM32F1xx_HAL_Driver/Src/stm32f1xx_hal_flash_ex.c ****       }
 746:Drivers/STM32F1xx_HAL_Driver/Src/stm32f1xx_hal_flash_ex.c **** #endif /* FLASH_WRP3_WRP3 */
 747:Drivers/STM32F1xx_HAL_Driver/Src/stm32f1xx_hal_flash_ex.c **** 
 748:Drivers/STM32F1xx_HAL_Driver/Src/stm32f1xx_hal_flash_ex.c ****       /* if the program operation is completed, disable the OPTPG Bit */
 749:Drivers/STM32F1xx_HAL_Driver/Src/stm32f1xx_hal_flash_ex.c ****       CLEAR_BIT(FLASH->CR, FLASH_CR_OPTPG);
 750:Drivers/STM32F1xx_HAL_Driver/Src/stm32f1xx_hal_flash_ex.c ****     }
 751:Drivers/STM32F1xx_HAL_Driver/Src/stm32f1xx_hal_flash_ex.c ****   }
 752:Drivers/STM32F1xx_HAL_Driver/Src/stm32f1xx_hal_flash_ex.c ****   
 753:Drivers/STM32F1xx_HAL_Driver/Src/stm32f1xx_hal_flash_ex.c ****   return status;
 754:Drivers/STM32F1xx_HAL_Driver/Src/stm32f1xx_hal_flash_ex.c **** }
 755:Drivers/STM32F1xx_HAL_Driver/Src/stm32f1xx_hal_flash_ex.c **** 
 756:Drivers/STM32F1xx_HAL_Driver/Src/stm32f1xx_hal_flash_ex.c **** /**
 757:Drivers/STM32F1xx_HAL_Driver/Src/stm32f1xx_hal_flash_ex.c ****   * @brief  Disable the write protection of the desired pages
 758:Drivers/STM32F1xx_HAL_Driver/Src/stm32f1xx_hal_flash_ex.c ****   * @note   An option byte erase is done automatically in this function. 
 759:Drivers/STM32F1xx_HAL_Driver/Src/stm32f1xx_hal_flash_ex.c ****   * @note   When the memory read protection level is selected (RDP level = 1), 
 760:Drivers/STM32F1xx_HAL_Driver/Src/stm32f1xx_hal_flash_ex.c ****   *         it is not possible to program or erase the flash page i if   
 761:Drivers/STM32F1xx_HAL_Driver/Src/stm32f1xx_hal_flash_ex.c ****   *         debug features are connected or boot code is executed in RAM, even if nWRPi = 1 
 762:Drivers/STM32F1xx_HAL_Driver/Src/stm32f1xx_hal_flash_ex.c ****   * 
 763:Drivers/STM32F1xx_HAL_Driver/Src/stm32f1xx_hal_flash_ex.c ****   * @param  WriteProtectPage specifies the page(s) to be write unprotected.
 764:Drivers/STM32F1xx_HAL_Driver/Src/stm32f1xx_hal_flash_ex.c ****   *         The value of this parameter depend on device used within the same series 
 765:Drivers/STM32F1xx_HAL_Driver/Src/stm32f1xx_hal_flash_ex.c ****   * @retval HAL status 
 766:Drivers/STM32F1xx_HAL_Driver/Src/stm32f1xx_hal_flash_ex.c ****   */
 767:Drivers/STM32F1xx_HAL_Driver/Src/stm32f1xx_hal_flash_ex.c **** static HAL_StatusTypeDef FLASH_OB_DisableWRP(uint32_t WriteProtectPage)
 768:Drivers/STM32F1xx_HAL_Driver/Src/stm32f1xx_hal_flash_ex.c **** {
 769:Drivers/STM32F1xx_HAL_Driver/Src/stm32f1xx_hal_flash_ex.c ****   HAL_StatusTypeDef status = HAL_OK;
 770:Drivers/STM32F1xx_HAL_Driver/Src/stm32f1xx_hal_flash_ex.c ****   uint16_t WRP0_Data = 0xFFFF;
 771:Drivers/STM32F1xx_HAL_Driver/Src/stm32f1xx_hal_flash_ex.c **** #if defined(FLASH_WRP1_WRP1)
 772:Drivers/STM32F1xx_HAL_Driver/Src/stm32f1xx_hal_flash_ex.c ****   uint16_t WRP1_Data = 0xFFFF;
 773:Drivers/STM32F1xx_HAL_Driver/Src/stm32f1xx_hal_flash_ex.c **** #endif /* FLASH_WRP1_WRP1 */
 774:Drivers/STM32F1xx_HAL_Driver/Src/stm32f1xx_hal_flash_ex.c **** #if defined(FLASH_WRP2_WRP2)
 775:Drivers/STM32F1xx_HAL_Driver/Src/stm32f1xx_hal_flash_ex.c ****   uint16_t WRP2_Data = 0xFFFF;
 776:Drivers/STM32F1xx_HAL_Driver/Src/stm32f1xx_hal_flash_ex.c **** #endif /* FLASH_WRP2_WRP2 */
 777:Drivers/STM32F1xx_HAL_Driver/Src/stm32f1xx_hal_flash_ex.c **** #if defined(FLASH_WRP3_WRP3)
 778:Drivers/STM32F1xx_HAL_Driver/Src/stm32f1xx_hal_flash_ex.c ****   uint16_t WRP3_Data = 0xFFFF;
 779:Drivers/STM32F1xx_HAL_Driver/Src/stm32f1xx_hal_flash_ex.c **** #endif /* FLASH_WRP3_WRP3 */
 780:Drivers/STM32F1xx_HAL_Driver/Src/stm32f1xx_hal_flash_ex.c ****   
 781:Drivers/STM32F1xx_HAL_Driver/Src/stm32f1xx_hal_flash_ex.c ****   /* Check the parameters */
 782:Drivers/STM32F1xx_HAL_Driver/Src/stm32f1xx_hal_flash_ex.c ****   assert_param(IS_OB_WRP(WriteProtectPage));
 783:Drivers/STM32F1xx_HAL_Driver/Src/stm32f1xx_hal_flash_ex.c **** 
 784:Drivers/STM32F1xx_HAL_Driver/Src/stm32f1xx_hal_flash_ex.c ****   /* Get current write protected pages and the new pages to be unprotected ******/
 785:Drivers/STM32F1xx_HAL_Driver/Src/stm32f1xx_hal_flash_ex.c ****   WriteProtectPage = (FLASH_OB_GetWRP() | WriteProtectPage);
 786:Drivers/STM32F1xx_HAL_Driver/Src/stm32f1xx_hal_flash_ex.c **** 
 787:Drivers/STM32F1xx_HAL_Driver/Src/stm32f1xx_hal_flash_ex.c **** #if defined(OB_WRP_PAGES0TO15MASK)
 788:Drivers/STM32F1xx_HAL_Driver/Src/stm32f1xx_hal_flash_ex.c ****   WRP0_Data = (uint16_t)(WriteProtectPage & OB_WRP_PAGES0TO15MASK);
 789:Drivers/STM32F1xx_HAL_Driver/Src/stm32f1xx_hal_flash_ex.c **** #elif defined(OB_WRP_PAGES0TO31MASK)
 790:Drivers/STM32F1xx_HAL_Driver/Src/stm32f1xx_hal_flash_ex.c ****   WRP0_Data = (uint16_t)(WriteProtectPage & OB_WRP_PAGES0TO31MASK);
 791:Drivers/STM32F1xx_HAL_Driver/Src/stm32f1xx_hal_flash_ex.c **** #endif /* OB_WRP_PAGES0TO31MASK */
 792:Drivers/STM32F1xx_HAL_Driver/Src/stm32f1xx_hal_flash_ex.c ****   
ARM GAS  C:\Users\Korisnik\AppData\Local\Temp\ccwpqvhT.s 			page 16


 793:Drivers/STM32F1xx_HAL_Driver/Src/stm32f1xx_hal_flash_ex.c **** #if defined(OB_WRP_PAGES16TO31MASK)
 794:Drivers/STM32F1xx_HAL_Driver/Src/stm32f1xx_hal_flash_ex.c ****   WRP1_Data = (uint16_t)((WriteProtectPage & OB_WRP_PAGES16TO31MASK) >> 8U);
 795:Drivers/STM32F1xx_HAL_Driver/Src/stm32f1xx_hal_flash_ex.c **** #elif defined(OB_WRP_PAGES32TO63MASK)
 796:Drivers/STM32F1xx_HAL_Driver/Src/stm32f1xx_hal_flash_ex.c ****   WRP1_Data = (uint16_t)((WriteProtectPage & OB_WRP_PAGES32TO63MASK) >> 8U);
 797:Drivers/STM32F1xx_HAL_Driver/Src/stm32f1xx_hal_flash_ex.c **** #endif /* OB_WRP_PAGES32TO63MASK */
 798:Drivers/STM32F1xx_HAL_Driver/Src/stm32f1xx_hal_flash_ex.c ****  
 799:Drivers/STM32F1xx_HAL_Driver/Src/stm32f1xx_hal_flash_ex.c **** #if defined(OB_WRP_PAGES64TO95MASK)
 800:Drivers/STM32F1xx_HAL_Driver/Src/stm32f1xx_hal_flash_ex.c ****   WRP2_Data = (uint16_t)((WriteProtectPage & OB_WRP_PAGES64TO95MASK) >> 16U);
 801:Drivers/STM32F1xx_HAL_Driver/Src/stm32f1xx_hal_flash_ex.c **** #endif /* OB_WRP_PAGES64TO95MASK */
 802:Drivers/STM32F1xx_HAL_Driver/Src/stm32f1xx_hal_flash_ex.c **** #if defined(OB_WRP_PAGES32TO47MASK)
 803:Drivers/STM32F1xx_HAL_Driver/Src/stm32f1xx_hal_flash_ex.c ****   WRP2_Data = (uint16_t)((WriteProtectPage & OB_WRP_PAGES32TO47MASK) >> 16U);
 804:Drivers/STM32F1xx_HAL_Driver/Src/stm32f1xx_hal_flash_ex.c **** #endif /* OB_WRP_PAGES32TO47MASK */
 805:Drivers/STM32F1xx_HAL_Driver/Src/stm32f1xx_hal_flash_ex.c **** 
 806:Drivers/STM32F1xx_HAL_Driver/Src/stm32f1xx_hal_flash_ex.c **** #if defined(OB_WRP_PAGES96TO127MASK)
 807:Drivers/STM32F1xx_HAL_Driver/Src/stm32f1xx_hal_flash_ex.c ****   WRP3_Data = (uint16_t)((WriteProtectPage & OB_WRP_PAGES96TO127MASK) >> 24U); 
 808:Drivers/STM32F1xx_HAL_Driver/Src/stm32f1xx_hal_flash_ex.c **** #elif defined(OB_WRP_PAGES48TO255MASK)
 809:Drivers/STM32F1xx_HAL_Driver/Src/stm32f1xx_hal_flash_ex.c ****   WRP3_Data = (uint16_t)((WriteProtectPage & OB_WRP_PAGES48TO255MASK) >> 24U); 
 810:Drivers/STM32F1xx_HAL_Driver/Src/stm32f1xx_hal_flash_ex.c **** #elif defined(OB_WRP_PAGES48TO511MASK)
 811:Drivers/STM32F1xx_HAL_Driver/Src/stm32f1xx_hal_flash_ex.c ****   WRP3_Data = (uint16_t)((WriteProtectPage & OB_WRP_PAGES48TO511MASK) >> 24U); 
 812:Drivers/STM32F1xx_HAL_Driver/Src/stm32f1xx_hal_flash_ex.c **** #elif defined(OB_WRP_PAGES48TO127MASK)
 813:Drivers/STM32F1xx_HAL_Driver/Src/stm32f1xx_hal_flash_ex.c ****   WRP3_Data = (uint16_t)((WriteProtectPage & OB_WRP_PAGES48TO127MASK) >> 24U); 
 814:Drivers/STM32F1xx_HAL_Driver/Src/stm32f1xx_hal_flash_ex.c **** #endif /* OB_WRP_PAGES96TO127MASK */
 815:Drivers/STM32F1xx_HAL_Driver/Src/stm32f1xx_hal_flash_ex.c **** 
 816:Drivers/STM32F1xx_HAL_Driver/Src/stm32f1xx_hal_flash_ex.c ****     
 817:Drivers/STM32F1xx_HAL_Driver/Src/stm32f1xx_hal_flash_ex.c ****   /* Wait for last operation to be completed */
 818:Drivers/STM32F1xx_HAL_Driver/Src/stm32f1xx_hal_flash_ex.c ****   status = FLASH_WaitForLastOperation((uint32_t)FLASH_TIMEOUT_VALUE);
 819:Drivers/STM32F1xx_HAL_Driver/Src/stm32f1xx_hal_flash_ex.c **** 
 820:Drivers/STM32F1xx_HAL_Driver/Src/stm32f1xx_hal_flash_ex.c ****   if(status == HAL_OK)
 821:Drivers/STM32F1xx_HAL_Driver/Src/stm32f1xx_hal_flash_ex.c ****   { 
 822:Drivers/STM32F1xx_HAL_Driver/Src/stm32f1xx_hal_flash_ex.c ****     /* Clean the error context */
 823:Drivers/STM32F1xx_HAL_Driver/Src/stm32f1xx_hal_flash_ex.c ****     pFlash.ErrorCode = HAL_FLASH_ERROR_NONE;
 824:Drivers/STM32F1xx_HAL_Driver/Src/stm32f1xx_hal_flash_ex.c **** 
 825:Drivers/STM32F1xx_HAL_Driver/Src/stm32f1xx_hal_flash_ex.c ****     /* To be able to write again option byte, need to perform a option byte erase */
 826:Drivers/STM32F1xx_HAL_Driver/Src/stm32f1xx_hal_flash_ex.c ****     status = HAL_FLASHEx_OBErase();
 827:Drivers/STM32F1xx_HAL_Driver/Src/stm32f1xx_hal_flash_ex.c ****     if (status == HAL_OK)  
 828:Drivers/STM32F1xx_HAL_Driver/Src/stm32f1xx_hal_flash_ex.c ****     {
 829:Drivers/STM32F1xx_HAL_Driver/Src/stm32f1xx_hal_flash_ex.c ****       SET_BIT(FLASH->CR, FLASH_CR_OPTPG);
 830:Drivers/STM32F1xx_HAL_Driver/Src/stm32f1xx_hal_flash_ex.c **** 
 831:Drivers/STM32F1xx_HAL_Driver/Src/stm32f1xx_hal_flash_ex.c **** #if defined(FLASH_WRP0_WRP0)
 832:Drivers/STM32F1xx_HAL_Driver/Src/stm32f1xx_hal_flash_ex.c ****       if(WRP0_Data != 0xFFU)
 833:Drivers/STM32F1xx_HAL_Driver/Src/stm32f1xx_hal_flash_ex.c ****       {
 834:Drivers/STM32F1xx_HAL_Driver/Src/stm32f1xx_hal_flash_ex.c ****         OB->WRP0 |= WRP0_Data;
 835:Drivers/STM32F1xx_HAL_Driver/Src/stm32f1xx_hal_flash_ex.c ****         
 836:Drivers/STM32F1xx_HAL_Driver/Src/stm32f1xx_hal_flash_ex.c ****         /* Wait for last operation to be completed */
 837:Drivers/STM32F1xx_HAL_Driver/Src/stm32f1xx_hal_flash_ex.c ****         status = FLASH_WaitForLastOperation((uint32_t)FLASH_TIMEOUT_VALUE);
 838:Drivers/STM32F1xx_HAL_Driver/Src/stm32f1xx_hal_flash_ex.c ****       }
 839:Drivers/STM32F1xx_HAL_Driver/Src/stm32f1xx_hal_flash_ex.c **** #endif /* FLASH_WRP0_WRP0 */
 840:Drivers/STM32F1xx_HAL_Driver/Src/stm32f1xx_hal_flash_ex.c **** 
 841:Drivers/STM32F1xx_HAL_Driver/Src/stm32f1xx_hal_flash_ex.c **** #if defined(FLASH_WRP1_WRP1)
 842:Drivers/STM32F1xx_HAL_Driver/Src/stm32f1xx_hal_flash_ex.c ****       if((status == HAL_OK) && (WRP1_Data != 0xFFU))
 843:Drivers/STM32F1xx_HAL_Driver/Src/stm32f1xx_hal_flash_ex.c ****       {
 844:Drivers/STM32F1xx_HAL_Driver/Src/stm32f1xx_hal_flash_ex.c ****         OB->WRP1 |= WRP1_Data;
 845:Drivers/STM32F1xx_HAL_Driver/Src/stm32f1xx_hal_flash_ex.c ****         
 846:Drivers/STM32F1xx_HAL_Driver/Src/stm32f1xx_hal_flash_ex.c ****         /* Wait for last operation to be completed */
 847:Drivers/STM32F1xx_HAL_Driver/Src/stm32f1xx_hal_flash_ex.c ****         status = FLASH_WaitForLastOperation((uint32_t)FLASH_TIMEOUT_VALUE);
 848:Drivers/STM32F1xx_HAL_Driver/Src/stm32f1xx_hal_flash_ex.c ****       }
 849:Drivers/STM32F1xx_HAL_Driver/Src/stm32f1xx_hal_flash_ex.c **** #endif /* FLASH_WRP1_WRP1 */
ARM GAS  C:\Users\Korisnik\AppData\Local\Temp\ccwpqvhT.s 			page 17


 850:Drivers/STM32F1xx_HAL_Driver/Src/stm32f1xx_hal_flash_ex.c **** 
 851:Drivers/STM32F1xx_HAL_Driver/Src/stm32f1xx_hal_flash_ex.c **** #if defined(FLASH_WRP2_WRP2)
 852:Drivers/STM32F1xx_HAL_Driver/Src/stm32f1xx_hal_flash_ex.c ****       if((status == HAL_OK) && (WRP2_Data != 0xFFU))
 853:Drivers/STM32F1xx_HAL_Driver/Src/stm32f1xx_hal_flash_ex.c ****       {
 854:Drivers/STM32F1xx_HAL_Driver/Src/stm32f1xx_hal_flash_ex.c ****         OB->WRP2 |= WRP2_Data;
 855:Drivers/STM32F1xx_HAL_Driver/Src/stm32f1xx_hal_flash_ex.c ****         
 856:Drivers/STM32F1xx_HAL_Driver/Src/stm32f1xx_hal_flash_ex.c ****         /* Wait for last operation to be completed */
 857:Drivers/STM32F1xx_HAL_Driver/Src/stm32f1xx_hal_flash_ex.c ****         status = FLASH_WaitForLastOperation((uint32_t)FLASH_TIMEOUT_VALUE);
 858:Drivers/STM32F1xx_HAL_Driver/Src/stm32f1xx_hal_flash_ex.c ****       }
 859:Drivers/STM32F1xx_HAL_Driver/Src/stm32f1xx_hal_flash_ex.c **** #endif /* FLASH_WRP2_WRP2 */
 860:Drivers/STM32F1xx_HAL_Driver/Src/stm32f1xx_hal_flash_ex.c **** 
 861:Drivers/STM32F1xx_HAL_Driver/Src/stm32f1xx_hal_flash_ex.c **** #if defined(FLASH_WRP3_WRP3)
 862:Drivers/STM32F1xx_HAL_Driver/Src/stm32f1xx_hal_flash_ex.c ****       if((status == HAL_OK) && (WRP3_Data != 0xFFU))
 863:Drivers/STM32F1xx_HAL_Driver/Src/stm32f1xx_hal_flash_ex.c ****       {
 864:Drivers/STM32F1xx_HAL_Driver/Src/stm32f1xx_hal_flash_ex.c ****         OB->WRP3 |= WRP3_Data;
 865:Drivers/STM32F1xx_HAL_Driver/Src/stm32f1xx_hal_flash_ex.c ****         
 866:Drivers/STM32F1xx_HAL_Driver/Src/stm32f1xx_hal_flash_ex.c ****         /* Wait for last operation to be completed */
 867:Drivers/STM32F1xx_HAL_Driver/Src/stm32f1xx_hal_flash_ex.c ****         status = FLASH_WaitForLastOperation((uint32_t)FLASH_TIMEOUT_VALUE);
 868:Drivers/STM32F1xx_HAL_Driver/Src/stm32f1xx_hal_flash_ex.c ****       }
 869:Drivers/STM32F1xx_HAL_Driver/Src/stm32f1xx_hal_flash_ex.c **** #endif /* FLASH_WRP3_WRP3 */
 870:Drivers/STM32F1xx_HAL_Driver/Src/stm32f1xx_hal_flash_ex.c **** 
 871:Drivers/STM32F1xx_HAL_Driver/Src/stm32f1xx_hal_flash_ex.c ****       /* if the program operation is completed, disable the OPTPG Bit */
 872:Drivers/STM32F1xx_HAL_Driver/Src/stm32f1xx_hal_flash_ex.c ****       CLEAR_BIT(FLASH->CR, FLASH_CR_OPTPG);
 873:Drivers/STM32F1xx_HAL_Driver/Src/stm32f1xx_hal_flash_ex.c ****     }
 874:Drivers/STM32F1xx_HAL_Driver/Src/stm32f1xx_hal_flash_ex.c ****   }
 875:Drivers/STM32F1xx_HAL_Driver/Src/stm32f1xx_hal_flash_ex.c ****   return status;
 876:Drivers/STM32F1xx_HAL_Driver/Src/stm32f1xx_hal_flash_ex.c **** }
 877:Drivers/STM32F1xx_HAL_Driver/Src/stm32f1xx_hal_flash_ex.c **** 
 878:Drivers/STM32F1xx_HAL_Driver/Src/stm32f1xx_hal_flash_ex.c **** /**
 879:Drivers/STM32F1xx_HAL_Driver/Src/stm32f1xx_hal_flash_ex.c ****   * @brief  Set the read protection level.
 880:Drivers/STM32F1xx_HAL_Driver/Src/stm32f1xx_hal_flash_ex.c ****   * @param  ReadProtectLevel specifies the read protection level.
 881:Drivers/STM32F1xx_HAL_Driver/Src/stm32f1xx_hal_flash_ex.c ****   *         This parameter can be one of the following values:
 882:Drivers/STM32F1xx_HAL_Driver/Src/stm32f1xx_hal_flash_ex.c ****   *            @arg @ref OB_RDP_LEVEL_0 No protection
 883:Drivers/STM32F1xx_HAL_Driver/Src/stm32f1xx_hal_flash_ex.c ****   *            @arg @ref OB_RDP_LEVEL_1 Read protection of the memory
 884:Drivers/STM32F1xx_HAL_Driver/Src/stm32f1xx_hal_flash_ex.c ****   * @retval HAL status
 885:Drivers/STM32F1xx_HAL_Driver/Src/stm32f1xx_hal_flash_ex.c ****   */
 886:Drivers/STM32F1xx_HAL_Driver/Src/stm32f1xx_hal_flash_ex.c **** static HAL_StatusTypeDef FLASH_OB_RDP_LevelConfig(uint8_t ReadProtectLevel)
 887:Drivers/STM32F1xx_HAL_Driver/Src/stm32f1xx_hal_flash_ex.c **** {
 888:Drivers/STM32F1xx_HAL_Driver/Src/stm32f1xx_hal_flash_ex.c ****   HAL_StatusTypeDef status = HAL_OK;
 889:Drivers/STM32F1xx_HAL_Driver/Src/stm32f1xx_hal_flash_ex.c ****   
 890:Drivers/STM32F1xx_HAL_Driver/Src/stm32f1xx_hal_flash_ex.c ****   /* Check the parameters */
 891:Drivers/STM32F1xx_HAL_Driver/Src/stm32f1xx_hal_flash_ex.c ****   assert_param(IS_OB_RDP_LEVEL(ReadProtectLevel));
 892:Drivers/STM32F1xx_HAL_Driver/Src/stm32f1xx_hal_flash_ex.c ****   
 893:Drivers/STM32F1xx_HAL_Driver/Src/stm32f1xx_hal_flash_ex.c ****   /* Wait for last operation to be completed */
 894:Drivers/STM32F1xx_HAL_Driver/Src/stm32f1xx_hal_flash_ex.c ****   status = FLASH_WaitForLastOperation((uint32_t)FLASH_TIMEOUT_VALUE);
 895:Drivers/STM32F1xx_HAL_Driver/Src/stm32f1xx_hal_flash_ex.c ****   
 896:Drivers/STM32F1xx_HAL_Driver/Src/stm32f1xx_hal_flash_ex.c ****   if(status == HAL_OK)
 897:Drivers/STM32F1xx_HAL_Driver/Src/stm32f1xx_hal_flash_ex.c ****   { 
 898:Drivers/STM32F1xx_HAL_Driver/Src/stm32f1xx_hal_flash_ex.c ****     /* Clean the error context */
 899:Drivers/STM32F1xx_HAL_Driver/Src/stm32f1xx_hal_flash_ex.c ****     pFlash.ErrorCode = HAL_FLASH_ERROR_NONE;
 900:Drivers/STM32F1xx_HAL_Driver/Src/stm32f1xx_hal_flash_ex.c ****     
 901:Drivers/STM32F1xx_HAL_Driver/Src/stm32f1xx_hal_flash_ex.c ****     /* If the previous operation is completed, proceed to erase the option bytes */
 902:Drivers/STM32F1xx_HAL_Driver/Src/stm32f1xx_hal_flash_ex.c ****     SET_BIT(FLASH->CR, FLASH_CR_OPTER);
 903:Drivers/STM32F1xx_HAL_Driver/Src/stm32f1xx_hal_flash_ex.c ****     SET_BIT(FLASH->CR, FLASH_CR_STRT);
 904:Drivers/STM32F1xx_HAL_Driver/Src/stm32f1xx_hal_flash_ex.c **** 
 905:Drivers/STM32F1xx_HAL_Driver/Src/stm32f1xx_hal_flash_ex.c ****     /* Wait for last operation to be completed */
 906:Drivers/STM32F1xx_HAL_Driver/Src/stm32f1xx_hal_flash_ex.c ****     status = FLASH_WaitForLastOperation((uint32_t)FLASH_TIMEOUT_VALUE);
ARM GAS  C:\Users\Korisnik\AppData\Local\Temp\ccwpqvhT.s 			page 18


 907:Drivers/STM32F1xx_HAL_Driver/Src/stm32f1xx_hal_flash_ex.c **** 
 908:Drivers/STM32F1xx_HAL_Driver/Src/stm32f1xx_hal_flash_ex.c ****     /* If the erase operation is completed, disable the OPTER Bit */
 909:Drivers/STM32F1xx_HAL_Driver/Src/stm32f1xx_hal_flash_ex.c ****     CLEAR_BIT(FLASH->CR, FLASH_CR_OPTER);
 910:Drivers/STM32F1xx_HAL_Driver/Src/stm32f1xx_hal_flash_ex.c **** 
 911:Drivers/STM32F1xx_HAL_Driver/Src/stm32f1xx_hal_flash_ex.c ****     if(status == HAL_OK)
 912:Drivers/STM32F1xx_HAL_Driver/Src/stm32f1xx_hal_flash_ex.c ****     {
 913:Drivers/STM32F1xx_HAL_Driver/Src/stm32f1xx_hal_flash_ex.c ****       /* Enable the Option Bytes Programming operation */
 914:Drivers/STM32F1xx_HAL_Driver/Src/stm32f1xx_hal_flash_ex.c ****       SET_BIT(FLASH->CR, FLASH_CR_OPTPG);
 915:Drivers/STM32F1xx_HAL_Driver/Src/stm32f1xx_hal_flash_ex.c ****       
 916:Drivers/STM32F1xx_HAL_Driver/Src/stm32f1xx_hal_flash_ex.c ****       WRITE_REG(OB->RDP, ReadProtectLevel);
 917:Drivers/STM32F1xx_HAL_Driver/Src/stm32f1xx_hal_flash_ex.c ****       
 918:Drivers/STM32F1xx_HAL_Driver/Src/stm32f1xx_hal_flash_ex.c ****       /* Wait for last operation to be completed */
 919:Drivers/STM32F1xx_HAL_Driver/Src/stm32f1xx_hal_flash_ex.c ****       status = FLASH_WaitForLastOperation((uint32_t)FLASH_TIMEOUT_VALUE); 
 920:Drivers/STM32F1xx_HAL_Driver/Src/stm32f1xx_hal_flash_ex.c ****       
 921:Drivers/STM32F1xx_HAL_Driver/Src/stm32f1xx_hal_flash_ex.c ****       /* if the program operation is completed, disable the OPTPG Bit */
 922:Drivers/STM32F1xx_HAL_Driver/Src/stm32f1xx_hal_flash_ex.c ****       CLEAR_BIT(FLASH->CR, FLASH_CR_OPTPG);
 923:Drivers/STM32F1xx_HAL_Driver/Src/stm32f1xx_hal_flash_ex.c ****     }
 924:Drivers/STM32F1xx_HAL_Driver/Src/stm32f1xx_hal_flash_ex.c ****   }
 925:Drivers/STM32F1xx_HAL_Driver/Src/stm32f1xx_hal_flash_ex.c ****   
 926:Drivers/STM32F1xx_HAL_Driver/Src/stm32f1xx_hal_flash_ex.c ****   return status;
 927:Drivers/STM32F1xx_HAL_Driver/Src/stm32f1xx_hal_flash_ex.c **** }
 928:Drivers/STM32F1xx_HAL_Driver/Src/stm32f1xx_hal_flash_ex.c **** 
 929:Drivers/STM32F1xx_HAL_Driver/Src/stm32f1xx_hal_flash_ex.c **** /**
 930:Drivers/STM32F1xx_HAL_Driver/Src/stm32f1xx_hal_flash_ex.c ****   * @brief  Program the FLASH User Option Byte.    
 931:Drivers/STM32F1xx_HAL_Driver/Src/stm32f1xx_hal_flash_ex.c ****   * @note   Programming of the OB should be performed only after an erase (otherwise PGERR occurs)
 932:Drivers/STM32F1xx_HAL_Driver/Src/stm32f1xx_hal_flash_ex.c ****   * @param  UserConfig The FLASH User Option Bytes values FLASH_OBR_IWDG_SW(Bit2), 
 933:Drivers/STM32F1xx_HAL_Driver/Src/stm32f1xx_hal_flash_ex.c ****   *         FLASH_OBR_nRST_STOP(Bit3),FLASH_OBR_nRST_STDBY(Bit4).
 934:Drivers/STM32F1xx_HAL_Driver/Src/stm32f1xx_hal_flash_ex.c ****   *         And BFBF2(Bit5) for STM32F101xG and STM32F103xG . 
 935:Drivers/STM32F1xx_HAL_Driver/Src/stm32f1xx_hal_flash_ex.c ****   * @retval HAL status
 936:Drivers/STM32F1xx_HAL_Driver/Src/stm32f1xx_hal_flash_ex.c ****   */
 937:Drivers/STM32F1xx_HAL_Driver/Src/stm32f1xx_hal_flash_ex.c **** static HAL_StatusTypeDef FLASH_OB_UserConfig(uint8_t UserConfig)
 938:Drivers/STM32F1xx_HAL_Driver/Src/stm32f1xx_hal_flash_ex.c **** {
 939:Drivers/STM32F1xx_HAL_Driver/Src/stm32f1xx_hal_flash_ex.c ****   HAL_StatusTypeDef status = HAL_OK;
 940:Drivers/STM32F1xx_HAL_Driver/Src/stm32f1xx_hal_flash_ex.c **** 
 941:Drivers/STM32F1xx_HAL_Driver/Src/stm32f1xx_hal_flash_ex.c ****   /* Check the parameters */
 942:Drivers/STM32F1xx_HAL_Driver/Src/stm32f1xx_hal_flash_ex.c ****   assert_param(IS_OB_IWDG_SOURCE((UserConfig&OB_IWDG_SW)));
 943:Drivers/STM32F1xx_HAL_Driver/Src/stm32f1xx_hal_flash_ex.c ****   assert_param(IS_OB_STOP_SOURCE((UserConfig&OB_STOP_NO_RST)));
 944:Drivers/STM32F1xx_HAL_Driver/Src/stm32f1xx_hal_flash_ex.c ****   assert_param(IS_OB_STDBY_SOURCE((UserConfig&OB_STDBY_NO_RST)));
 945:Drivers/STM32F1xx_HAL_Driver/Src/stm32f1xx_hal_flash_ex.c **** #if defined(FLASH_BANK2_END)
 946:Drivers/STM32F1xx_HAL_Driver/Src/stm32f1xx_hal_flash_ex.c ****   assert_param(IS_OB_BOOT1((UserConfig&OB_BOOT1_SET)));
 947:Drivers/STM32F1xx_HAL_Driver/Src/stm32f1xx_hal_flash_ex.c **** #endif /* FLASH_BANK2_END */
 948:Drivers/STM32F1xx_HAL_Driver/Src/stm32f1xx_hal_flash_ex.c **** 
 949:Drivers/STM32F1xx_HAL_Driver/Src/stm32f1xx_hal_flash_ex.c ****   /* Wait for last operation to be completed */
 950:Drivers/STM32F1xx_HAL_Driver/Src/stm32f1xx_hal_flash_ex.c ****   status = FLASH_WaitForLastOperation((uint32_t)FLASH_TIMEOUT_VALUE);
 951:Drivers/STM32F1xx_HAL_Driver/Src/stm32f1xx_hal_flash_ex.c ****   
 952:Drivers/STM32F1xx_HAL_Driver/Src/stm32f1xx_hal_flash_ex.c ****   if(status == HAL_OK)
 953:Drivers/STM32F1xx_HAL_Driver/Src/stm32f1xx_hal_flash_ex.c ****   {     
 954:Drivers/STM32F1xx_HAL_Driver/Src/stm32f1xx_hal_flash_ex.c ****     /* Clean the error context */
 955:Drivers/STM32F1xx_HAL_Driver/Src/stm32f1xx_hal_flash_ex.c ****     pFlash.ErrorCode = HAL_FLASH_ERROR_NONE;
 956:Drivers/STM32F1xx_HAL_Driver/Src/stm32f1xx_hal_flash_ex.c **** 
 957:Drivers/STM32F1xx_HAL_Driver/Src/stm32f1xx_hal_flash_ex.c ****     /* Enable the Option Bytes Programming operation */
 958:Drivers/STM32F1xx_HAL_Driver/Src/stm32f1xx_hal_flash_ex.c ****     SET_BIT(FLASH->CR, FLASH_CR_OPTPG); 
 959:Drivers/STM32F1xx_HAL_Driver/Src/stm32f1xx_hal_flash_ex.c ****  
 960:Drivers/STM32F1xx_HAL_Driver/Src/stm32f1xx_hal_flash_ex.c **** #if defined(FLASH_BANK2_END)
 961:Drivers/STM32F1xx_HAL_Driver/Src/stm32f1xx_hal_flash_ex.c ****     OB->USER = (UserConfig | 0xF0U);
 962:Drivers/STM32F1xx_HAL_Driver/Src/stm32f1xx_hal_flash_ex.c **** #else
 963:Drivers/STM32F1xx_HAL_Driver/Src/stm32f1xx_hal_flash_ex.c ****     OB->USER = (UserConfig | 0x88U);
ARM GAS  C:\Users\Korisnik\AppData\Local\Temp\ccwpqvhT.s 			page 19


 964:Drivers/STM32F1xx_HAL_Driver/Src/stm32f1xx_hal_flash_ex.c **** #endif /* FLASH_BANK2_END */
 965:Drivers/STM32F1xx_HAL_Driver/Src/stm32f1xx_hal_flash_ex.c **** 
 966:Drivers/STM32F1xx_HAL_Driver/Src/stm32f1xx_hal_flash_ex.c ****     /* Wait for last operation to be completed */
 967:Drivers/STM32F1xx_HAL_Driver/Src/stm32f1xx_hal_flash_ex.c ****     status = FLASH_WaitForLastOperation((uint32_t)FLASH_TIMEOUT_VALUE);
 968:Drivers/STM32F1xx_HAL_Driver/Src/stm32f1xx_hal_flash_ex.c **** 
 969:Drivers/STM32F1xx_HAL_Driver/Src/stm32f1xx_hal_flash_ex.c ****     /* if the program operation is completed, disable the OPTPG Bit */
 970:Drivers/STM32F1xx_HAL_Driver/Src/stm32f1xx_hal_flash_ex.c ****     CLEAR_BIT(FLASH->CR, FLASH_CR_OPTPG);
 971:Drivers/STM32F1xx_HAL_Driver/Src/stm32f1xx_hal_flash_ex.c ****   }
 972:Drivers/STM32F1xx_HAL_Driver/Src/stm32f1xx_hal_flash_ex.c ****   
 973:Drivers/STM32F1xx_HAL_Driver/Src/stm32f1xx_hal_flash_ex.c ****   return status; 
 974:Drivers/STM32F1xx_HAL_Driver/Src/stm32f1xx_hal_flash_ex.c **** }
 975:Drivers/STM32F1xx_HAL_Driver/Src/stm32f1xx_hal_flash_ex.c **** 
 976:Drivers/STM32F1xx_HAL_Driver/Src/stm32f1xx_hal_flash_ex.c **** /**
 977:Drivers/STM32F1xx_HAL_Driver/Src/stm32f1xx_hal_flash_ex.c ****   * @brief  Programs a half word at a specified Option Byte Data address.
 978:Drivers/STM32F1xx_HAL_Driver/Src/stm32f1xx_hal_flash_ex.c ****   * @note   The function @ref HAL_FLASH_Unlock() should be called before to unlock the FLASH interf
 979:Drivers/STM32F1xx_HAL_Driver/Src/stm32f1xx_hal_flash_ex.c ****   *         The function @ref HAL_FLASH_OB_Unlock() should be called before to unlock the options b
 980:Drivers/STM32F1xx_HAL_Driver/Src/stm32f1xx_hal_flash_ex.c ****   *         The function @ref HAL_FLASH_OB_Launch() should be called after to force the reload of t
 981:Drivers/STM32F1xx_HAL_Driver/Src/stm32f1xx_hal_flash_ex.c ****   *         (system reset will occur)
 982:Drivers/STM32F1xx_HAL_Driver/Src/stm32f1xx_hal_flash_ex.c ****   *         Programming of the OB should be performed only after an erase (otherwise PGERR occurs)
 983:Drivers/STM32F1xx_HAL_Driver/Src/stm32f1xx_hal_flash_ex.c ****   * @param  Address specifies the address to be programmed.
 984:Drivers/STM32F1xx_HAL_Driver/Src/stm32f1xx_hal_flash_ex.c ****   *         This parameter can be 0x1FFFF804 or 0x1FFFF806. 
 985:Drivers/STM32F1xx_HAL_Driver/Src/stm32f1xx_hal_flash_ex.c ****   * @param  Data specifies the data to be programmed.
 986:Drivers/STM32F1xx_HAL_Driver/Src/stm32f1xx_hal_flash_ex.c ****   * @retval HAL status
 987:Drivers/STM32F1xx_HAL_Driver/Src/stm32f1xx_hal_flash_ex.c ****   */
 988:Drivers/STM32F1xx_HAL_Driver/Src/stm32f1xx_hal_flash_ex.c **** static HAL_StatusTypeDef FLASH_OB_ProgramData(uint32_t Address, uint8_t Data)
 989:Drivers/STM32F1xx_HAL_Driver/Src/stm32f1xx_hal_flash_ex.c **** {
 990:Drivers/STM32F1xx_HAL_Driver/Src/stm32f1xx_hal_flash_ex.c ****   HAL_StatusTypeDef status = HAL_ERROR;
 991:Drivers/STM32F1xx_HAL_Driver/Src/stm32f1xx_hal_flash_ex.c ****   
 992:Drivers/STM32F1xx_HAL_Driver/Src/stm32f1xx_hal_flash_ex.c ****   /* Check the parameters */
 993:Drivers/STM32F1xx_HAL_Driver/Src/stm32f1xx_hal_flash_ex.c ****   assert_param(IS_OB_DATA_ADDRESS(Address));
 994:Drivers/STM32F1xx_HAL_Driver/Src/stm32f1xx_hal_flash_ex.c ****   
 995:Drivers/STM32F1xx_HAL_Driver/Src/stm32f1xx_hal_flash_ex.c ****   /* Wait for last operation to be completed */
 996:Drivers/STM32F1xx_HAL_Driver/Src/stm32f1xx_hal_flash_ex.c ****   status = FLASH_WaitForLastOperation((uint32_t)FLASH_TIMEOUT_VALUE);
 997:Drivers/STM32F1xx_HAL_Driver/Src/stm32f1xx_hal_flash_ex.c ****   
 998:Drivers/STM32F1xx_HAL_Driver/Src/stm32f1xx_hal_flash_ex.c ****   if(status == HAL_OK)
 999:Drivers/STM32F1xx_HAL_Driver/Src/stm32f1xx_hal_flash_ex.c ****   {
1000:Drivers/STM32F1xx_HAL_Driver/Src/stm32f1xx_hal_flash_ex.c ****     /* Clean the error context */
1001:Drivers/STM32F1xx_HAL_Driver/Src/stm32f1xx_hal_flash_ex.c ****     pFlash.ErrorCode = HAL_FLASH_ERROR_NONE;
1002:Drivers/STM32F1xx_HAL_Driver/Src/stm32f1xx_hal_flash_ex.c **** 
1003:Drivers/STM32F1xx_HAL_Driver/Src/stm32f1xx_hal_flash_ex.c ****     /* Enables the Option Bytes Programming operation */
1004:Drivers/STM32F1xx_HAL_Driver/Src/stm32f1xx_hal_flash_ex.c ****     SET_BIT(FLASH->CR, FLASH_CR_OPTPG); 
1005:Drivers/STM32F1xx_HAL_Driver/Src/stm32f1xx_hal_flash_ex.c ****     *(__IO uint16_t*)Address = Data;
1006:Drivers/STM32F1xx_HAL_Driver/Src/stm32f1xx_hal_flash_ex.c ****     
1007:Drivers/STM32F1xx_HAL_Driver/Src/stm32f1xx_hal_flash_ex.c ****     /* Wait for last operation to be completed */
1008:Drivers/STM32F1xx_HAL_Driver/Src/stm32f1xx_hal_flash_ex.c ****     status = FLASH_WaitForLastOperation((uint32_t)FLASH_TIMEOUT_VALUE);
1009:Drivers/STM32F1xx_HAL_Driver/Src/stm32f1xx_hal_flash_ex.c ****     
1010:Drivers/STM32F1xx_HAL_Driver/Src/stm32f1xx_hal_flash_ex.c ****     /* If the program operation is completed, disable the OPTPG Bit */
1011:Drivers/STM32F1xx_HAL_Driver/Src/stm32f1xx_hal_flash_ex.c ****     CLEAR_BIT(FLASH->CR, FLASH_CR_OPTPG);
1012:Drivers/STM32F1xx_HAL_Driver/Src/stm32f1xx_hal_flash_ex.c ****   }
1013:Drivers/STM32F1xx_HAL_Driver/Src/stm32f1xx_hal_flash_ex.c ****   /* Return the Option Byte Data Program Status */
1014:Drivers/STM32F1xx_HAL_Driver/Src/stm32f1xx_hal_flash_ex.c ****   return status;
1015:Drivers/STM32F1xx_HAL_Driver/Src/stm32f1xx_hal_flash_ex.c **** }
1016:Drivers/STM32F1xx_HAL_Driver/Src/stm32f1xx_hal_flash_ex.c **** 
1017:Drivers/STM32F1xx_HAL_Driver/Src/stm32f1xx_hal_flash_ex.c **** /**
1018:Drivers/STM32F1xx_HAL_Driver/Src/stm32f1xx_hal_flash_ex.c ****   * @brief  Return the FLASH Write Protection Option Bytes value.
1019:Drivers/STM32F1xx_HAL_Driver/Src/stm32f1xx_hal_flash_ex.c ****   * @retval The FLASH Write Protection Option Bytes value
1020:Drivers/STM32F1xx_HAL_Driver/Src/stm32f1xx_hal_flash_ex.c ****   */
ARM GAS  C:\Users\Korisnik\AppData\Local\Temp\ccwpqvhT.s 			page 20


1021:Drivers/STM32F1xx_HAL_Driver/Src/stm32f1xx_hal_flash_ex.c **** static uint32_t FLASH_OB_GetWRP(void)
1022:Drivers/STM32F1xx_HAL_Driver/Src/stm32f1xx_hal_flash_ex.c **** {
  67              		.loc 1 1022 1 is_stmt 1 view -0
  68              		.cfi_startproc
  69              		@ args = 0, pretend = 0, frame = 0
  70              		@ frame_needed = 0, uses_anonymous_args = 0
  71              		@ link register save eliminated.
1023:Drivers/STM32F1xx_HAL_Driver/Src/stm32f1xx_hal_flash_ex.c ****   /* Return the FLASH write protection Register value */
1024:Drivers/STM32F1xx_HAL_Driver/Src/stm32f1xx_hal_flash_ex.c ****   return (uint32_t)(READ_REG(FLASH->WRPR));
  72              		.loc 1 1024 3 view .LVU9
  73              		.loc 1 1024 10 is_stmt 0 view .LVU10
  74 0000 014B     		ldr	r3, .L5
  75 0002 186A     		ldr	r0, [r3, #32]
1025:Drivers/STM32F1xx_HAL_Driver/Src/stm32f1xx_hal_flash_ex.c **** }
  76              		.loc 1 1025 1 view .LVU11
  77 0004 7047     		bx	lr
  78              	.L6:
  79 0006 00BF     		.align	2
  80              	.L5:
  81 0008 00200240 		.word	1073881088
  82              		.cfi_endproc
  83              	.LFE77:
  85              		.section	.text.FLASH_OB_GetRDP,"ax",%progbits
  86              		.align	1
  87              		.syntax unified
  88              		.thumb
  89              		.thumb_func
  90              		.fpu softvfp
  92              	FLASH_OB_GetRDP:
  93              	.LFB78:
1026:Drivers/STM32F1xx_HAL_Driver/Src/stm32f1xx_hal_flash_ex.c **** 
1027:Drivers/STM32F1xx_HAL_Driver/Src/stm32f1xx_hal_flash_ex.c **** /**
1028:Drivers/STM32F1xx_HAL_Driver/Src/stm32f1xx_hal_flash_ex.c ****   * @brief  Returns the FLASH Read Protection level.
1029:Drivers/STM32F1xx_HAL_Driver/Src/stm32f1xx_hal_flash_ex.c ****   * @retval FLASH RDP level
1030:Drivers/STM32F1xx_HAL_Driver/Src/stm32f1xx_hal_flash_ex.c ****   *         This parameter can be one of the following values:
1031:Drivers/STM32F1xx_HAL_Driver/Src/stm32f1xx_hal_flash_ex.c ****   *            @arg @ref OB_RDP_LEVEL_0 No protection
1032:Drivers/STM32F1xx_HAL_Driver/Src/stm32f1xx_hal_flash_ex.c ****   *            @arg @ref OB_RDP_LEVEL_1 Read protection of the memory
1033:Drivers/STM32F1xx_HAL_Driver/Src/stm32f1xx_hal_flash_ex.c ****   */
1034:Drivers/STM32F1xx_HAL_Driver/Src/stm32f1xx_hal_flash_ex.c **** static uint32_t FLASH_OB_GetRDP(void)
1035:Drivers/STM32F1xx_HAL_Driver/Src/stm32f1xx_hal_flash_ex.c **** {
  94              		.loc 1 1035 1 is_stmt 1 view -0
  95              		.cfi_startproc
  96              		@ args = 0, pretend = 0, frame = 0
  97              		@ frame_needed = 0, uses_anonymous_args = 0
  98              		@ link register save eliminated.
1036:Drivers/STM32F1xx_HAL_Driver/Src/stm32f1xx_hal_flash_ex.c ****   uint32_t readstatus = OB_RDP_LEVEL_0;
  99              		.loc 1 1036 3 view .LVU13
 100              	.LVL1:
1037:Drivers/STM32F1xx_HAL_Driver/Src/stm32f1xx_hal_flash_ex.c ****   uint32_t tmp_reg = 0U;
 101              		.loc 1 1037 3 view .LVU14
1038:Drivers/STM32F1xx_HAL_Driver/Src/stm32f1xx_hal_flash_ex.c ****   
1039:Drivers/STM32F1xx_HAL_Driver/Src/stm32f1xx_hal_flash_ex.c ****   /* Read RDP level bits */
1040:Drivers/STM32F1xx_HAL_Driver/Src/stm32f1xx_hal_flash_ex.c ****   tmp_reg = READ_BIT(FLASH->OBR, FLASH_OBR_RDPRT);
 102              		.loc 1 1040 3 view .LVU15
 103              		.loc 1 1040 13 is_stmt 0 view .LVU16
 104 0000 044B     		ldr	r3, .L10
 105 0002 DB69     		ldr	r3, [r3, #28]
ARM GAS  C:\Users\Korisnik\AppData\Local\Temp\ccwpqvhT.s 			page 21


 106              	.LVL2:
1041:Drivers/STM32F1xx_HAL_Driver/Src/stm32f1xx_hal_flash_ex.c **** 
1042:Drivers/STM32F1xx_HAL_Driver/Src/stm32f1xx_hal_flash_ex.c ****   if (tmp_reg == FLASH_OBR_RDPRT)
 107              		.loc 1 1042 3 is_stmt 1 view .LVU17
 108              		.loc 1 1042 6 is_stmt 0 view .LVU18
 109 0004 13F0020F 		tst	r3, #2
 110 0008 01D0     		beq	.L9
1043:Drivers/STM32F1xx_HAL_Driver/Src/stm32f1xx_hal_flash_ex.c ****   {
1044:Drivers/STM32F1xx_HAL_Driver/Src/stm32f1xx_hal_flash_ex.c ****     readstatus = OB_RDP_LEVEL_1;
 111              		.loc 1 1044 16 view .LVU19
 112 000a 0020     		movs	r0, #0
 113 000c 7047     		bx	lr
 114              	.L9:
1045:Drivers/STM32F1xx_HAL_Driver/Src/stm32f1xx_hal_flash_ex.c ****   }
1046:Drivers/STM32F1xx_HAL_Driver/Src/stm32f1xx_hal_flash_ex.c ****   else 
1047:Drivers/STM32F1xx_HAL_Driver/Src/stm32f1xx_hal_flash_ex.c ****   {
1048:Drivers/STM32F1xx_HAL_Driver/Src/stm32f1xx_hal_flash_ex.c ****     readstatus = OB_RDP_LEVEL_0;
 115              		.loc 1 1048 16 view .LVU20
 116 000e A520     		movs	r0, #165
1049:Drivers/STM32F1xx_HAL_Driver/Src/stm32f1xx_hal_flash_ex.c ****   }
1050:Drivers/STM32F1xx_HAL_Driver/Src/stm32f1xx_hal_flash_ex.c **** 
1051:Drivers/STM32F1xx_HAL_Driver/Src/stm32f1xx_hal_flash_ex.c ****   return readstatus;
 117              		.loc 1 1051 3 is_stmt 1 view .LVU21
1052:Drivers/STM32F1xx_HAL_Driver/Src/stm32f1xx_hal_flash_ex.c **** }
 118              		.loc 1 1052 1 is_stmt 0 view .LVU22
 119 0010 7047     		bx	lr
 120              	.L11:
 121 0012 00BF     		.align	2
 122              	.L10:
 123 0014 00200240 		.word	1073881088
 124              		.cfi_endproc
 125              	.LFE78:
 127              		.section	.text.FLASH_OB_GetUser,"ax",%progbits
 128              		.align	1
 129              		.syntax unified
 130              		.thumb
 131              		.thumb_func
 132              		.fpu softvfp
 134              	FLASH_OB_GetUser:
 135              	.LFB79:
1053:Drivers/STM32F1xx_HAL_Driver/Src/stm32f1xx_hal_flash_ex.c **** 
1054:Drivers/STM32F1xx_HAL_Driver/Src/stm32f1xx_hal_flash_ex.c **** /**
1055:Drivers/STM32F1xx_HAL_Driver/Src/stm32f1xx_hal_flash_ex.c ****   * @brief  Return the FLASH User Option Byte value.
1056:Drivers/STM32F1xx_HAL_Driver/Src/stm32f1xx_hal_flash_ex.c ****   * @retval The FLASH User Option Bytes values: FLASH_OBR_IWDG_SW(Bit2), 
1057:Drivers/STM32F1xx_HAL_Driver/Src/stm32f1xx_hal_flash_ex.c ****   *         FLASH_OBR_nRST_STOP(Bit3),FLASH_OBR_nRST_STDBY(Bit4).
1058:Drivers/STM32F1xx_HAL_Driver/Src/stm32f1xx_hal_flash_ex.c ****   *         And FLASH_OBR_BFB2(Bit5) for STM32F101xG and STM32F103xG . 
1059:Drivers/STM32F1xx_HAL_Driver/Src/stm32f1xx_hal_flash_ex.c ****   */
1060:Drivers/STM32F1xx_HAL_Driver/Src/stm32f1xx_hal_flash_ex.c **** static uint8_t FLASH_OB_GetUser(void)
1061:Drivers/STM32F1xx_HAL_Driver/Src/stm32f1xx_hal_flash_ex.c **** {
 136              		.loc 1 1061 1 is_stmt 1 view -0
 137              		.cfi_startproc
 138              		@ args = 0, pretend = 0, frame = 0
 139              		@ frame_needed = 0, uses_anonymous_args = 0
 140              		@ link register save eliminated.
1062:Drivers/STM32F1xx_HAL_Driver/Src/stm32f1xx_hal_flash_ex.c ****   /* Return the User Option Byte */
1063:Drivers/STM32F1xx_HAL_Driver/Src/stm32f1xx_hal_flash_ex.c ****   return (uint8_t)((READ_REG(FLASH->OBR) & FLASH_OBR_USER) >> FLASH_POSITION_IWDGSW_BIT);
 141              		.loc 1 1063 3 view .LVU24
ARM GAS  C:\Users\Korisnik\AppData\Local\Temp\ccwpqvhT.s 			page 22


 142              		.loc 1 1063 21 is_stmt 0 view .LVU25
 143 0000 024B     		ldr	r3, .L13
 144 0002 D869     		ldr	r0, [r3, #28]
1064:Drivers/STM32F1xx_HAL_Driver/Src/stm32f1xx_hal_flash_ex.c **** }
 145              		.loc 1 1064 1 view .LVU26
 146 0004 C0F38200 		ubfx	r0, r0, #2, #3
 147 0008 7047     		bx	lr
 148              	.L14:
 149 000a 00BF     		.align	2
 150              	.L13:
 151 000c 00200240 		.word	1073881088
 152              		.cfi_endproc
 153              	.LFE79:
 155              		.section	.text.FLASH_OB_RDP_LevelConfig,"ax",%progbits
 156              		.align	1
 157              		.syntax unified
 158              		.thumb
 159              		.thumb_func
 160              		.fpu softvfp
 162              	FLASH_OB_RDP_LevelConfig:
 163              	.LVL3:
 164              	.LFB74:
 887:Drivers/STM32F1xx_HAL_Driver/Src/stm32f1xx_hal_flash_ex.c ****   HAL_StatusTypeDef status = HAL_OK;
 165              		.loc 1 887 1 is_stmt 1 view -0
 166              		.cfi_startproc
 167              		@ args = 0, pretend = 0, frame = 0
 168              		@ frame_needed = 0, uses_anonymous_args = 0
 887:Drivers/STM32F1xx_HAL_Driver/Src/stm32f1xx_hal_flash_ex.c ****   HAL_StatusTypeDef status = HAL_OK;
 169              		.loc 1 887 1 is_stmt 0 view .LVU28
 170 0000 38B5     		push	{r3, r4, r5, lr}
 171              	.LCFI0:
 172              		.cfi_def_cfa_offset 16
 173              		.cfi_offset 3, -16
 174              		.cfi_offset 4, -12
 175              		.cfi_offset 5, -8
 176              		.cfi_offset 14, -4
 177 0002 0546     		mov	r5, r0
 888:Drivers/STM32F1xx_HAL_Driver/Src/stm32f1xx_hal_flash_ex.c ****   
 178              		.loc 1 888 3 is_stmt 1 view .LVU29
 179              	.LVL4:
 891:Drivers/STM32F1xx_HAL_Driver/Src/stm32f1xx_hal_flash_ex.c ****   
 180              		.loc 1 891 3 view .LVU30
 894:Drivers/STM32F1xx_HAL_Driver/Src/stm32f1xx_hal_flash_ex.c ****   
 181              		.loc 1 894 3 view .LVU31
 894:Drivers/STM32F1xx_HAL_Driver/Src/stm32f1xx_hal_flash_ex.c ****   
 182              		.loc 1 894 12 is_stmt 0 view .LVU32
 183 0004 4CF25030 		movw	r0, #50000
 184              	.LVL5:
 894:Drivers/STM32F1xx_HAL_Driver/Src/stm32f1xx_hal_flash_ex.c ****   
 185              		.loc 1 894 12 view .LVU33
 186 0008 FFF7FEFF 		bl	FLASH_WaitForLastOperation
 187              	.LVL6:
 896:Drivers/STM32F1xx_HAL_Driver/Src/stm32f1xx_hal_flash_ex.c ****   { 
 188              		.loc 1 896 3 is_stmt 1 view .LVU34
 896:Drivers/STM32F1xx_HAL_Driver/Src/stm32f1xx_hal_flash_ex.c ****   { 
 189              		.loc 1 896 5 is_stmt 0 view .LVU35
 190 000c 00B1     		cbz	r0, .L18
ARM GAS  C:\Users\Korisnik\AppData\Local\Temp\ccwpqvhT.s 			page 23


 191              	.L16:
 192              	.LVL7:
 926:Drivers/STM32F1xx_HAL_Driver/Src/stm32f1xx_hal_flash_ex.c **** }
 193              		.loc 1 926 3 is_stmt 1 view .LVU36
 927:Drivers/STM32F1xx_HAL_Driver/Src/stm32f1xx_hal_flash_ex.c **** 
 194              		.loc 1 927 1 is_stmt 0 view .LVU37
 195 000e 38BD     		pop	{r3, r4, r5, pc}
 196              	.LVL8:
 197              	.L18:
 899:Drivers/STM32F1xx_HAL_Driver/Src/stm32f1xx_hal_flash_ex.c ****     
 198              		.loc 1 899 5 is_stmt 1 view .LVU38
 899:Drivers/STM32F1xx_HAL_Driver/Src/stm32f1xx_hal_flash_ex.c ****     
 199              		.loc 1 899 22 is_stmt 0 view .LVU39
 200 0010 124B     		ldr	r3, .L19
 201 0012 0022     		movs	r2, #0
 202 0014 DA61     		str	r2, [r3, #28]
 902:Drivers/STM32F1xx_HAL_Driver/Src/stm32f1xx_hal_flash_ex.c ****     SET_BIT(FLASH->CR, FLASH_CR_STRT);
 203              		.loc 1 902 5 is_stmt 1 view .LVU40
 204 0016 124C     		ldr	r4, .L19+4
 205 0018 2369     		ldr	r3, [r4, #16]
 206 001a 43F02003 		orr	r3, r3, #32
 207 001e 2361     		str	r3, [r4, #16]
 903:Drivers/STM32F1xx_HAL_Driver/Src/stm32f1xx_hal_flash_ex.c **** 
 208              		.loc 1 903 5 view .LVU41
 209 0020 2369     		ldr	r3, [r4, #16]
 210 0022 43F04003 		orr	r3, r3, #64
 211 0026 2361     		str	r3, [r4, #16]
 906:Drivers/STM32F1xx_HAL_Driver/Src/stm32f1xx_hal_flash_ex.c **** 
 212              		.loc 1 906 5 view .LVU42
 906:Drivers/STM32F1xx_HAL_Driver/Src/stm32f1xx_hal_flash_ex.c **** 
 213              		.loc 1 906 14 is_stmt 0 view .LVU43
 214 0028 4CF25030 		movw	r0, #50000
 215 002c FFF7FEFF 		bl	FLASH_WaitForLastOperation
 216              	.LVL9:
 909:Drivers/STM32F1xx_HAL_Driver/Src/stm32f1xx_hal_flash_ex.c **** 
 217              		.loc 1 909 5 is_stmt 1 view .LVU44
 218 0030 2369     		ldr	r3, [r4, #16]
 219 0032 23F02003 		bic	r3, r3, #32
 220 0036 2361     		str	r3, [r4, #16]
 911:Drivers/STM32F1xx_HAL_Driver/Src/stm32f1xx_hal_flash_ex.c ****     {
 221              		.loc 1 911 5 view .LVU45
 911:Drivers/STM32F1xx_HAL_Driver/Src/stm32f1xx_hal_flash_ex.c ****     {
 222              		.loc 1 911 7 is_stmt 0 view .LVU46
 223 0038 0028     		cmp	r0, #0
 224 003a E8D1     		bne	.L16
 914:Drivers/STM32F1xx_HAL_Driver/Src/stm32f1xx_hal_flash_ex.c ****       
 225              		.loc 1 914 7 is_stmt 1 view .LVU47
 226 003c 2369     		ldr	r3, [r4, #16]
 227 003e 43F01003 		orr	r3, r3, #16
 228 0042 2361     		str	r3, [r4, #16]
 916:Drivers/STM32F1xx_HAL_Driver/Src/stm32f1xx_hal_flash_ex.c ****       
 229              		.loc 1 916 7 view .LVU48
 230 0044 A8B2     		uxth	r0, r5
 231              	.LVL10:
 916:Drivers/STM32F1xx_HAL_Driver/Src/stm32f1xx_hal_flash_ex.c ****       
 232              		.loc 1 916 7 is_stmt 0 view .LVU49
 233 0046 074B     		ldr	r3, .L19+8
ARM GAS  C:\Users\Korisnik\AppData\Local\Temp\ccwpqvhT.s 			page 24


 234 0048 1880     		strh	r0, [r3]	@ movhi
 919:Drivers/STM32F1xx_HAL_Driver/Src/stm32f1xx_hal_flash_ex.c ****       
 235              		.loc 1 919 7 is_stmt 1 view .LVU50
 919:Drivers/STM32F1xx_HAL_Driver/Src/stm32f1xx_hal_flash_ex.c ****       
 236              		.loc 1 919 16 is_stmt 0 view .LVU51
 237 004a 4CF25030 		movw	r0, #50000
 238 004e FFF7FEFF 		bl	FLASH_WaitForLastOperation
 239              	.LVL11:
 922:Drivers/STM32F1xx_HAL_Driver/Src/stm32f1xx_hal_flash_ex.c ****     }
 240              		.loc 1 922 7 is_stmt 1 view .LVU52
 241 0052 2369     		ldr	r3, [r4, #16]
 242 0054 23F01003 		bic	r3, r3, #16
 243 0058 2361     		str	r3, [r4, #16]
 244 005a D8E7     		b	.L16
 245              	.L20:
 246              		.align	2
 247              	.L19:
 248 005c 00000000 		.word	pFlash
 249 0060 00200240 		.word	1073881088
 250 0064 00F8FF1F 		.word	536868864
 251              		.cfi_endproc
 252              	.LFE74:
 254              		.section	.text.FLASH_OB_UserConfig,"ax",%progbits
 255              		.align	1
 256              		.syntax unified
 257              		.thumb
 258              		.thumb_func
 259              		.fpu softvfp
 261              	FLASH_OB_UserConfig:
 262              	.LVL12:
 263              	.LFB75:
 938:Drivers/STM32F1xx_HAL_Driver/Src/stm32f1xx_hal_flash_ex.c ****   HAL_StatusTypeDef status = HAL_OK;
 264              		.loc 1 938 1 view -0
 265              		.cfi_startproc
 266              		@ args = 0, pretend = 0, frame = 0
 267              		@ frame_needed = 0, uses_anonymous_args = 0
 938:Drivers/STM32F1xx_HAL_Driver/Src/stm32f1xx_hal_flash_ex.c ****   HAL_StatusTypeDef status = HAL_OK;
 268              		.loc 1 938 1 is_stmt 0 view .LVU54
 269 0000 38B5     		push	{r3, r4, r5, lr}
 270              	.LCFI1:
 271              		.cfi_def_cfa_offset 16
 272              		.cfi_offset 3, -16
 273              		.cfi_offset 4, -12
 274              		.cfi_offset 5, -8
 275              		.cfi_offset 14, -4
 276 0002 0446     		mov	r4, r0
 939:Drivers/STM32F1xx_HAL_Driver/Src/stm32f1xx_hal_flash_ex.c **** 
 277              		.loc 1 939 3 is_stmt 1 view .LVU55
 278              	.LVL13:
 942:Drivers/STM32F1xx_HAL_Driver/Src/stm32f1xx_hal_flash_ex.c ****   assert_param(IS_OB_STOP_SOURCE((UserConfig&OB_STOP_NO_RST)));
 279              		.loc 1 942 3 view .LVU56
 943:Drivers/STM32F1xx_HAL_Driver/Src/stm32f1xx_hal_flash_ex.c ****   assert_param(IS_OB_STDBY_SOURCE((UserConfig&OB_STDBY_NO_RST)));
 280              		.loc 1 943 3 view .LVU57
 944:Drivers/STM32F1xx_HAL_Driver/Src/stm32f1xx_hal_flash_ex.c **** #if defined(FLASH_BANK2_END)
 281              		.loc 1 944 3 view .LVU58
 950:Drivers/STM32F1xx_HAL_Driver/Src/stm32f1xx_hal_flash_ex.c ****   
 282              		.loc 1 950 3 view .LVU59
ARM GAS  C:\Users\Korisnik\AppData\Local\Temp\ccwpqvhT.s 			page 25


 950:Drivers/STM32F1xx_HAL_Driver/Src/stm32f1xx_hal_flash_ex.c ****   
 283              		.loc 1 950 12 is_stmt 0 view .LVU60
 284 0004 4CF25030 		movw	r0, #50000
 285              	.LVL14:
 950:Drivers/STM32F1xx_HAL_Driver/Src/stm32f1xx_hal_flash_ex.c ****   
 286              		.loc 1 950 12 view .LVU61
 287 0008 FFF7FEFF 		bl	FLASH_WaitForLastOperation
 288              	.LVL15:
 952:Drivers/STM32F1xx_HAL_Driver/Src/stm32f1xx_hal_flash_ex.c ****   {     
 289              		.loc 1 952 3 is_stmt 1 view .LVU62
 952:Drivers/STM32F1xx_HAL_Driver/Src/stm32f1xx_hal_flash_ex.c ****   {     
 290              		.loc 1 952 5 is_stmt 0 view .LVU63
 291 000c 00B1     		cbz	r0, .L24
 292              	.L22:
 293              	.LVL16:
 973:Drivers/STM32F1xx_HAL_Driver/Src/stm32f1xx_hal_flash_ex.c **** }
 294              		.loc 1 973 3 is_stmt 1 view .LVU64
 974:Drivers/STM32F1xx_HAL_Driver/Src/stm32f1xx_hal_flash_ex.c **** 
 295              		.loc 1 974 1 is_stmt 0 view .LVU65
 296 000e 38BD     		pop	{r3, r4, r5, pc}
 297              	.LVL17:
 298              	.L24:
 955:Drivers/STM32F1xx_HAL_Driver/Src/stm32f1xx_hal_flash_ex.c **** 
 299              		.loc 1 955 5 is_stmt 1 view .LVU66
 955:Drivers/STM32F1xx_HAL_Driver/Src/stm32f1xx_hal_flash_ex.c **** 
 300              		.loc 1 955 22 is_stmt 0 view .LVU67
 301 0010 0A4B     		ldr	r3, .L25
 302 0012 0022     		movs	r2, #0
 303 0014 DA61     		str	r2, [r3, #28]
 958:Drivers/STM32F1xx_HAL_Driver/Src/stm32f1xx_hal_flash_ex.c ****  
 304              		.loc 1 958 5 is_stmt 1 view .LVU68
 305 0016 0A4D     		ldr	r5, .L25+4
 306 0018 2B69     		ldr	r3, [r5, #16]
 307 001a 43F01003 		orr	r3, r3, #16
 308 001e 2B61     		str	r3, [r5, #16]
 963:Drivers/STM32F1xx_HAL_Driver/Src/stm32f1xx_hal_flash_ex.c **** #endif /* FLASH_BANK2_END */
 309              		.loc 1 963 5 view .LVU69
 963:Drivers/STM32F1xx_HAL_Driver/Src/stm32f1xx_hal_flash_ex.c **** #endif /* FLASH_BANK2_END */
 310              		.loc 1 963 14 is_stmt 0 view .LVU70
 311 0020 44F08800 		orr	r0, r4, #136
 312 0024 074B     		ldr	r3, .L25+8
 313 0026 5880     		strh	r0, [r3, #2]	@ movhi
 967:Drivers/STM32F1xx_HAL_Driver/Src/stm32f1xx_hal_flash_ex.c **** 
 314              		.loc 1 967 5 is_stmt 1 view .LVU71
 967:Drivers/STM32F1xx_HAL_Driver/Src/stm32f1xx_hal_flash_ex.c **** 
 315              		.loc 1 967 14 is_stmt 0 view .LVU72
 316 0028 4CF25030 		movw	r0, #50000
 317 002c FFF7FEFF 		bl	FLASH_WaitForLastOperation
 318              	.LVL18:
 970:Drivers/STM32F1xx_HAL_Driver/Src/stm32f1xx_hal_flash_ex.c ****   }
 319              		.loc 1 970 5 is_stmt 1 view .LVU73
 320 0030 2B69     		ldr	r3, [r5, #16]
 321 0032 23F01003 		bic	r3, r3, #16
 322 0036 2B61     		str	r3, [r5, #16]
 323 0038 E9E7     		b	.L22
 324              	.L26:
 325 003a 00BF     		.align	2
ARM GAS  C:\Users\Korisnik\AppData\Local\Temp\ccwpqvhT.s 			page 26


 326              	.L25:
 327 003c 00000000 		.word	pFlash
 328 0040 00200240 		.word	1073881088
 329 0044 00F8FF1F 		.word	536868864
 330              		.cfi_endproc
 331              	.LFE75:
 333              		.section	.text.FLASH_OB_ProgramData,"ax",%progbits
 334              		.align	1
 335              		.syntax unified
 336              		.thumb
 337              		.thumb_func
 338              		.fpu softvfp
 340              	FLASH_OB_ProgramData:
 341              	.LVL19:
 342              	.LFB76:
 989:Drivers/STM32F1xx_HAL_Driver/Src/stm32f1xx_hal_flash_ex.c ****   HAL_StatusTypeDef status = HAL_ERROR;
 343              		.loc 1 989 1 view -0
 344              		.cfi_startproc
 345              		@ args = 0, pretend = 0, frame = 0
 346              		@ frame_needed = 0, uses_anonymous_args = 0
 989:Drivers/STM32F1xx_HAL_Driver/Src/stm32f1xx_hal_flash_ex.c ****   HAL_StatusTypeDef status = HAL_ERROR;
 347              		.loc 1 989 1 is_stmt 0 view .LVU75
 348 0000 70B5     		push	{r4, r5, r6, lr}
 349              	.LCFI2:
 350              		.cfi_def_cfa_offset 16
 351              		.cfi_offset 4, -16
 352              		.cfi_offset 5, -12
 353              		.cfi_offset 6, -8
 354              		.cfi_offset 14, -4
 355 0002 0546     		mov	r5, r0
 356 0004 0C46     		mov	r4, r1
 990:Drivers/STM32F1xx_HAL_Driver/Src/stm32f1xx_hal_flash_ex.c ****   
 357              		.loc 1 990 3 is_stmt 1 view .LVU76
 358              	.LVL20:
 993:Drivers/STM32F1xx_HAL_Driver/Src/stm32f1xx_hal_flash_ex.c ****   
 359              		.loc 1 993 3 view .LVU77
 996:Drivers/STM32F1xx_HAL_Driver/Src/stm32f1xx_hal_flash_ex.c ****   
 360              		.loc 1 996 3 view .LVU78
 996:Drivers/STM32F1xx_HAL_Driver/Src/stm32f1xx_hal_flash_ex.c ****   
 361              		.loc 1 996 12 is_stmt 0 view .LVU79
 362 0006 4CF25030 		movw	r0, #50000
 363              	.LVL21:
 996:Drivers/STM32F1xx_HAL_Driver/Src/stm32f1xx_hal_flash_ex.c ****   
 364              		.loc 1 996 12 view .LVU80
 365 000a FFF7FEFF 		bl	FLASH_WaitForLastOperation
 366              	.LVL22:
 998:Drivers/STM32F1xx_HAL_Driver/Src/stm32f1xx_hal_flash_ex.c ****   {
 367              		.loc 1 998 3 is_stmt 1 view .LVU81
 998:Drivers/STM32F1xx_HAL_Driver/Src/stm32f1xx_hal_flash_ex.c ****   {
 368              		.loc 1 998 5 is_stmt 0 view .LVU82
 369 000e 00B1     		cbz	r0, .L30
 370              	.L28:
 371              	.LVL23:
1014:Drivers/STM32F1xx_HAL_Driver/Src/stm32f1xx_hal_flash_ex.c **** }
 372              		.loc 1 1014 3 is_stmt 1 view .LVU83
1015:Drivers/STM32F1xx_HAL_Driver/Src/stm32f1xx_hal_flash_ex.c **** 
 373              		.loc 1 1015 1 is_stmt 0 view .LVU84
ARM GAS  C:\Users\Korisnik\AppData\Local\Temp\ccwpqvhT.s 			page 27


 374 0010 70BD     		pop	{r4, r5, r6, pc}
 375              	.LVL24:
 376              	.L30:
1001:Drivers/STM32F1xx_HAL_Driver/Src/stm32f1xx_hal_flash_ex.c **** 
 377              		.loc 1 1001 5 is_stmt 1 view .LVU85
1001:Drivers/STM32F1xx_HAL_Driver/Src/stm32f1xx_hal_flash_ex.c **** 
 378              		.loc 1 1001 22 is_stmt 0 view .LVU86
 379 0012 094B     		ldr	r3, .L31
 380 0014 0022     		movs	r2, #0
 381 0016 DA61     		str	r2, [r3, #28]
1004:Drivers/STM32F1xx_HAL_Driver/Src/stm32f1xx_hal_flash_ex.c ****     *(__IO uint16_t*)Address = Data;
 382              		.loc 1 1004 5 is_stmt 1 view .LVU87
 383 0018 084E     		ldr	r6, .L31+4
 384 001a 3369     		ldr	r3, [r6, #16]
 385 001c 43F01003 		orr	r3, r3, #16
 386 0020 3361     		str	r3, [r6, #16]
1005:Drivers/STM32F1xx_HAL_Driver/Src/stm32f1xx_hal_flash_ex.c ****     
 387              		.loc 1 1005 5 view .LVU88
1005:Drivers/STM32F1xx_HAL_Driver/Src/stm32f1xx_hal_flash_ex.c ****     
 388              		.loc 1 1005 30 is_stmt 0 view .LVU89
 389 0022 A1B2     		uxth	r1, r4
 390 0024 2980     		strh	r1, [r5]	@ movhi
1008:Drivers/STM32F1xx_HAL_Driver/Src/stm32f1xx_hal_flash_ex.c ****     
 391              		.loc 1 1008 5 is_stmt 1 view .LVU90
1008:Drivers/STM32F1xx_HAL_Driver/Src/stm32f1xx_hal_flash_ex.c ****     
 392              		.loc 1 1008 14 is_stmt 0 view .LVU91
 393 0026 4CF25030 		movw	r0, #50000
 394 002a FFF7FEFF 		bl	FLASH_WaitForLastOperation
 395              	.LVL25:
1011:Drivers/STM32F1xx_HAL_Driver/Src/stm32f1xx_hal_flash_ex.c ****   }
 396              		.loc 1 1011 5 is_stmt 1 view .LVU92
 397 002e 3369     		ldr	r3, [r6, #16]
 398 0030 23F01003 		bic	r3, r3, #16
 399 0034 3361     		str	r3, [r6, #16]
 400 0036 EBE7     		b	.L28
 401              	.L32:
 402              		.align	2
 403              	.L31:
 404 0038 00000000 		.word	pFlash
 405 003c 00200240 		.word	1073881088
 406              		.cfi_endproc
 407              	.LFE76:
 409              		.section	.text.HAL_FLASHEx_OBErase,"ax",%progbits
 410              		.align	1
 411              		.global	HAL_FLASHEx_OBErase
 412              		.syntax unified
 413              		.thumb
 414              		.thumb_func
 415              		.fpu softvfp
 417              	HAL_FLASHEx_OBErase:
 418              	.LFB67:
 398:Drivers/STM32F1xx_HAL_Driver/Src/stm32f1xx_hal_flash_ex.c ****   uint8_t rdptmp = OB_RDP_LEVEL_0;
 419              		.loc 1 398 1 view -0
 420              		.cfi_startproc
 421              		@ args = 0, pretend = 0, frame = 0
 422              		@ frame_needed = 0, uses_anonymous_args = 0
 423 0000 38B5     		push	{r3, r4, r5, lr}
ARM GAS  C:\Users\Korisnik\AppData\Local\Temp\ccwpqvhT.s 			page 28


 424              	.LCFI3:
 425              		.cfi_def_cfa_offset 16
 426              		.cfi_offset 3, -16
 427              		.cfi_offset 4, -12
 428              		.cfi_offset 5, -8
 429              		.cfi_offset 14, -4
 399:Drivers/STM32F1xx_HAL_Driver/Src/stm32f1xx_hal_flash_ex.c ****   HAL_StatusTypeDef status = HAL_ERROR;
 430              		.loc 1 399 3 view .LVU94
 431              	.LVL26:
 400:Drivers/STM32F1xx_HAL_Driver/Src/stm32f1xx_hal_flash_ex.c **** 
 432              		.loc 1 400 3 view .LVU95
 403:Drivers/STM32F1xx_HAL_Driver/Src/stm32f1xx_hal_flash_ex.c **** 
 433              		.loc 1 403 3 view .LVU96
 403:Drivers/STM32F1xx_HAL_Driver/Src/stm32f1xx_hal_flash_ex.c **** 
 434              		.loc 1 403 12 is_stmt 0 view .LVU97
 435 0002 FFF7FEFF 		bl	FLASH_OB_GetRDP
 436              	.LVL27:
 403:Drivers/STM32F1xx_HAL_Driver/Src/stm32f1xx_hal_flash_ex.c **** 
 437              		.loc 1 403 10 view .LVU98
 438 0006 C5B2     		uxtb	r5, r0
 439              	.LVL28:
 406:Drivers/STM32F1xx_HAL_Driver/Src/stm32f1xx_hal_flash_ex.c **** 
 440              		.loc 1 406 3 is_stmt 1 view .LVU99
 406:Drivers/STM32F1xx_HAL_Driver/Src/stm32f1xx_hal_flash_ex.c **** 
 441              		.loc 1 406 12 is_stmt 0 view .LVU100
 442 0008 4CF25030 		movw	r0, #50000
 443 000c FFF7FEFF 		bl	FLASH_WaitForLastOperation
 444              	.LVL29:
 408:Drivers/STM32F1xx_HAL_Driver/Src/stm32f1xx_hal_flash_ex.c ****   {
 445              		.loc 1 408 3 is_stmt 1 view .LVU101
 408:Drivers/STM32F1xx_HAL_Driver/Src/stm32f1xx_hal_flash_ex.c ****   {
 446              		.loc 1 408 5 is_stmt 0 view .LVU102
 447 0010 00B1     		cbz	r0, .L36
 448              	.L34:
 449              	.LVL30:
 431:Drivers/STM32F1xx_HAL_Driver/Src/stm32f1xx_hal_flash_ex.c **** }
 450              		.loc 1 431 3 is_stmt 1 view .LVU103
 432:Drivers/STM32F1xx_HAL_Driver/Src/stm32f1xx_hal_flash_ex.c **** 
 451              		.loc 1 432 1 is_stmt 0 view .LVU104
 452 0012 38BD     		pop	{r3, r4, r5, pc}
 453              	.LVL31:
 454              	.L36:
 411:Drivers/STM32F1xx_HAL_Driver/Src/stm32f1xx_hal_flash_ex.c **** 
 455              		.loc 1 411 5 is_stmt 1 view .LVU105
 411:Drivers/STM32F1xx_HAL_Driver/Src/stm32f1xx_hal_flash_ex.c **** 
 456              		.loc 1 411 22 is_stmt 0 view .LVU106
 457 0014 0C4B     		ldr	r3, .L37
 458 0016 0022     		movs	r2, #0
 459 0018 DA61     		str	r2, [r3, #28]
 414:Drivers/STM32F1xx_HAL_Driver/Src/stm32f1xx_hal_flash_ex.c ****     SET_BIT(FLASH->CR, FLASH_CR_STRT);
 460              		.loc 1 414 5 is_stmt 1 view .LVU107
 461 001a 0C4C     		ldr	r4, .L37+4
 462 001c 2369     		ldr	r3, [r4, #16]
 463 001e 43F02003 		orr	r3, r3, #32
 464 0022 2361     		str	r3, [r4, #16]
 415:Drivers/STM32F1xx_HAL_Driver/Src/stm32f1xx_hal_flash_ex.c **** 
 465              		.loc 1 415 5 view .LVU108
ARM GAS  C:\Users\Korisnik\AppData\Local\Temp\ccwpqvhT.s 			page 29


 466 0024 2369     		ldr	r3, [r4, #16]
 467 0026 43F04003 		orr	r3, r3, #64
 468 002a 2361     		str	r3, [r4, #16]
 418:Drivers/STM32F1xx_HAL_Driver/Src/stm32f1xx_hal_flash_ex.c **** 
 469              		.loc 1 418 5 view .LVU109
 418:Drivers/STM32F1xx_HAL_Driver/Src/stm32f1xx_hal_flash_ex.c **** 
 470              		.loc 1 418 14 is_stmt 0 view .LVU110
 471 002c 4CF25030 		movw	r0, #50000
 472 0030 FFF7FEFF 		bl	FLASH_WaitForLastOperation
 473              	.LVL32:
 421:Drivers/STM32F1xx_HAL_Driver/Src/stm32f1xx_hal_flash_ex.c **** 
 474              		.loc 1 421 5 is_stmt 1 view .LVU111
 475 0034 2369     		ldr	r3, [r4, #16]
 476 0036 23F02003 		bic	r3, r3, #32
 477 003a 2361     		str	r3, [r4, #16]
 423:Drivers/STM32F1xx_HAL_Driver/Src/stm32f1xx_hal_flash_ex.c ****     {
 478              		.loc 1 423 5 view .LVU112
 423:Drivers/STM32F1xx_HAL_Driver/Src/stm32f1xx_hal_flash_ex.c ****     {
 479              		.loc 1 423 7 is_stmt 0 view .LVU113
 480 003c 0028     		cmp	r0, #0
 481 003e E8D1     		bne	.L34
 426:Drivers/STM32F1xx_HAL_Driver/Src/stm32f1xx_hal_flash_ex.c ****     }
 482              		.loc 1 426 7 is_stmt 1 view .LVU114
 426:Drivers/STM32F1xx_HAL_Driver/Src/stm32f1xx_hal_flash_ex.c ****     }
 483              		.loc 1 426 16 is_stmt 0 view .LVU115
 484 0040 2846     		mov	r0, r5
 485              	.LVL33:
 426:Drivers/STM32F1xx_HAL_Driver/Src/stm32f1xx_hal_flash_ex.c ****     }
 486              		.loc 1 426 16 view .LVU116
 487 0042 FFF7FEFF 		bl	FLASH_OB_RDP_LevelConfig
 488              	.LVL34:
 426:Drivers/STM32F1xx_HAL_Driver/Src/stm32f1xx_hal_flash_ex.c ****     }
 489              		.loc 1 426 16 view .LVU117
 490 0046 E4E7     		b	.L34
 491              	.L38:
 492              		.align	2
 493              	.L37:
 494 0048 00000000 		.word	pFlash
 495 004c 00200240 		.word	1073881088
 496              		.cfi_endproc
 497              	.LFE67:
 499              		.section	.text.FLASH_OB_EnableWRP,"ax",%progbits
 500              		.align	1
 501              		.syntax unified
 502              		.thumb
 503              		.thumb_func
 504              		.fpu softvfp
 506              	FLASH_OB_EnableWRP:
 507              	.LVL35:
 508              	.LFB72:
 645:Drivers/STM32F1xx_HAL_Driver/Src/stm32f1xx_hal_flash_ex.c ****   HAL_StatusTypeDef status = HAL_OK;
 509              		.loc 1 645 1 is_stmt 1 view -0
 510              		.cfi_startproc
 511              		@ args = 0, pretend = 0, frame = 0
 512              		@ frame_needed = 0, uses_anonymous_args = 0
 645:Drivers/STM32F1xx_HAL_Driver/Src/stm32f1xx_hal_flash_ex.c ****   HAL_StatusTypeDef status = HAL_OK;
 513              		.loc 1 645 1 is_stmt 0 view .LVU119
ARM GAS  C:\Users\Korisnik\AppData\Local\Temp\ccwpqvhT.s 			page 30


 514 0000 10B5     		push	{r4, lr}
 515              	.LCFI4:
 516              		.cfi_def_cfa_offset 8
 517              		.cfi_offset 4, -8
 518              		.cfi_offset 14, -4
 519 0002 0446     		mov	r4, r0
 646:Drivers/STM32F1xx_HAL_Driver/Src/stm32f1xx_hal_flash_ex.c ****   uint16_t WRP0_Data = 0xFFFF;
 520              		.loc 1 646 3 is_stmt 1 view .LVU120
 521              	.LVL36:
 647:Drivers/STM32F1xx_HAL_Driver/Src/stm32f1xx_hal_flash_ex.c **** #if defined(FLASH_WRP1_WRP1)
 522              		.loc 1 647 3 view .LVU121
 659:Drivers/STM32F1xx_HAL_Driver/Src/stm32f1xx_hal_flash_ex.c ****     
 523              		.loc 1 659 3 view .LVU122
 662:Drivers/STM32F1xx_HAL_Driver/Src/stm32f1xx_hal_flash_ex.c ****   
 524              		.loc 1 662 3 view .LVU123
 662:Drivers/STM32F1xx_HAL_Driver/Src/stm32f1xx_hal_flash_ex.c ****   
 525              		.loc 1 662 37 is_stmt 0 view .LVU124
 526 0004 FFF7FEFF 		bl	FLASH_OB_GetWRP
 527              	.LVL37:
 662:Drivers/STM32F1xx_HAL_Driver/Src/stm32f1xx_hal_flash_ex.c ****   
 528              		.loc 1 662 20 view .LVU125
 529 0008 20EA0400 		bic	r0, r0, r4
 530              	.LVL38:
 667:Drivers/STM32F1xx_HAL_Driver/Src/stm32f1xx_hal_flash_ex.c **** #endif /* OB_WRP_PAGES0TO31MASK */
 531              		.loc 1 667 3 is_stmt 1 view .LVU126
 667:Drivers/STM32F1xx_HAL_Driver/Src/stm32f1xx_hal_flash_ex.c **** #endif /* OB_WRP_PAGES0TO31MASK */
 532              		.loc 1 667 13 is_stmt 0 view .LVU127
 533 000c C4B2     		uxtb	r4, r0
 534              	.LVL39:
 694:Drivers/STM32F1xx_HAL_Driver/Src/stm32f1xx_hal_flash_ex.c **** 
 535              		.loc 1 694 3 is_stmt 1 view .LVU128
 694:Drivers/STM32F1xx_HAL_Driver/Src/stm32f1xx_hal_flash_ex.c **** 
 536              		.loc 1 694 12 is_stmt 0 view .LVU129
 537 000e 4CF25030 		movw	r0, #50000
 538              	.LVL40:
 694:Drivers/STM32F1xx_HAL_Driver/Src/stm32f1xx_hal_flash_ex.c **** 
 539              		.loc 1 694 12 view .LVU130
 540 0012 FFF7FEFF 		bl	FLASH_WaitForLastOperation
 541              	.LVL41:
 696:Drivers/STM32F1xx_HAL_Driver/Src/stm32f1xx_hal_flash_ex.c ****   { 
 542              		.loc 1 696 3 is_stmt 1 view .LVU131
 696:Drivers/STM32F1xx_HAL_Driver/Src/stm32f1xx_hal_flash_ex.c ****   { 
 543              		.loc 1 696 5 is_stmt 0 view .LVU132
 544 0016 00B1     		cbz	r0, .L43
 545              	.L40:
 546              	.LVL42:
 753:Drivers/STM32F1xx_HAL_Driver/Src/stm32f1xx_hal_flash_ex.c **** }
 547              		.loc 1 753 3 is_stmt 1 view .LVU133
 754:Drivers/STM32F1xx_HAL_Driver/Src/stm32f1xx_hal_flash_ex.c **** 
 548              		.loc 1 754 1 is_stmt 0 view .LVU134
 549 0018 10BD     		pop	{r4, pc}
 550              	.LVL43:
 551              	.L43:
 699:Drivers/STM32F1xx_HAL_Driver/Src/stm32f1xx_hal_flash_ex.c **** 
 552              		.loc 1 699 5 is_stmt 1 view .LVU135
 699:Drivers/STM32F1xx_HAL_Driver/Src/stm32f1xx_hal_flash_ex.c **** 
 553              		.loc 1 699 22 is_stmt 0 view .LVU136
ARM GAS  C:\Users\Korisnik\AppData\Local\Temp\ccwpqvhT.s 			page 31


 554 001a 0E4B     		ldr	r3, .L45
 555 001c 0022     		movs	r2, #0
 556 001e DA61     		str	r2, [r3, #28]
 702:Drivers/STM32F1xx_HAL_Driver/Src/stm32f1xx_hal_flash_ex.c ****     if (status == HAL_OK)  
 557              		.loc 1 702 5 is_stmt 1 view .LVU137
 702:Drivers/STM32F1xx_HAL_Driver/Src/stm32f1xx_hal_flash_ex.c ****     if (status == HAL_OK)  
 558              		.loc 1 702 14 is_stmt 0 view .LVU138
 559 0020 FFF7FEFF 		bl	HAL_FLASHEx_OBErase
 560              	.LVL44:
 703:Drivers/STM32F1xx_HAL_Driver/Src/stm32f1xx_hal_flash_ex.c ****     {
 561              		.loc 1 703 5 is_stmt 1 view .LVU139
 703:Drivers/STM32F1xx_HAL_Driver/Src/stm32f1xx_hal_flash_ex.c ****     {
 562              		.loc 1 703 8 is_stmt 0 view .LVU140
 563 0024 0028     		cmp	r0, #0
 564 0026 F7D1     		bne	.L40
 706:Drivers/STM32F1xx_HAL_Driver/Src/stm32f1xx_hal_flash_ex.c **** 
 565              		.loc 1 706 7 is_stmt 1 view .LVU141
 566 0028 0B4A     		ldr	r2, .L45+4
 567 002a 1369     		ldr	r3, [r2, #16]
 568 002c 43F01003 		orr	r3, r3, #16
 569 0030 1361     		str	r3, [r2, #16]
 709:Drivers/STM32F1xx_HAL_Driver/Src/stm32f1xx_hal_flash_ex.c ****       {
 570              		.loc 1 709 7 view .LVU142
 709:Drivers/STM32F1xx_HAL_Driver/Src/stm32f1xx_hal_flash_ex.c ****       {
 571              		.loc 1 709 9 is_stmt 0 view .LVU143
 572 0032 FF2C     		cmp	r4, #255
 573 0034 05D1     		bne	.L44
 574              	.L41:
 749:Drivers/STM32F1xx_HAL_Driver/Src/stm32f1xx_hal_flash_ex.c ****     }
 575              		.loc 1 749 7 is_stmt 1 view .LVU144
 576 0036 084A     		ldr	r2, .L45+4
 577 0038 1369     		ldr	r3, [r2, #16]
 578 003a 23F01003 		bic	r3, r3, #16
 579 003e 1361     		str	r3, [r2, #16]
 580 0040 EAE7     		b	.L40
 581              	.L44:
 711:Drivers/STM32F1xx_HAL_Driver/Src/stm32f1xx_hal_flash_ex.c ****         
 582              		.loc 1 711 9 view .LVU145
 711:Drivers/STM32F1xx_HAL_Driver/Src/stm32f1xx_hal_flash_ex.c ****         
 583              		.loc 1 711 18 is_stmt 0 view .LVU146
 584 0042 064B     		ldr	r3, .L45+8
 585 0044 1889     		ldrh	r0, [r3, #8]
 586              	.LVL45:
 711:Drivers/STM32F1xx_HAL_Driver/Src/stm32f1xx_hal_flash_ex.c ****         
 587              		.loc 1 711 18 view .LVU147
 588 0046 2040     		ands	r0, r0, r4
 589 0048 1881     		strh	r0, [r3, #8]	@ movhi
 714:Drivers/STM32F1xx_HAL_Driver/Src/stm32f1xx_hal_flash_ex.c ****       }
 590              		.loc 1 714 9 is_stmt 1 view .LVU148
 714:Drivers/STM32F1xx_HAL_Driver/Src/stm32f1xx_hal_flash_ex.c ****       }
 591              		.loc 1 714 18 is_stmt 0 view .LVU149
 592 004a 4CF25030 		movw	r0, #50000
 593 004e FFF7FEFF 		bl	FLASH_WaitForLastOperation
 594              	.LVL46:
 714:Drivers/STM32F1xx_HAL_Driver/Src/stm32f1xx_hal_flash_ex.c ****       }
 595              		.loc 1 714 18 view .LVU150
 596 0052 F0E7     		b	.L41
ARM GAS  C:\Users\Korisnik\AppData\Local\Temp\ccwpqvhT.s 			page 32


 597              	.L46:
 598              		.align	2
 599              	.L45:
 600 0054 00000000 		.word	pFlash
 601 0058 00200240 		.word	1073881088
 602 005c 00F8FF1F 		.word	536868864
 603              		.cfi_endproc
 604              	.LFE72:
 606              		.section	.text.FLASH_OB_DisableWRP,"ax",%progbits
 607              		.align	1
 608              		.syntax unified
 609              		.thumb
 610              		.thumb_func
 611              		.fpu softvfp
 613              	FLASH_OB_DisableWRP:
 614              	.LVL47:
 615              	.LFB73:
 768:Drivers/STM32F1xx_HAL_Driver/Src/stm32f1xx_hal_flash_ex.c ****   HAL_StatusTypeDef status = HAL_OK;
 616              		.loc 1 768 1 is_stmt 1 view -0
 617              		.cfi_startproc
 618              		@ args = 0, pretend = 0, frame = 0
 619              		@ frame_needed = 0, uses_anonymous_args = 0
 768:Drivers/STM32F1xx_HAL_Driver/Src/stm32f1xx_hal_flash_ex.c ****   HAL_StatusTypeDef status = HAL_OK;
 620              		.loc 1 768 1 is_stmt 0 view .LVU152
 621 0000 10B5     		push	{r4, lr}
 622              	.LCFI5:
 623              		.cfi_def_cfa_offset 8
 624              		.cfi_offset 4, -8
 625              		.cfi_offset 14, -4
 626 0002 0446     		mov	r4, r0
 769:Drivers/STM32F1xx_HAL_Driver/Src/stm32f1xx_hal_flash_ex.c ****   uint16_t WRP0_Data = 0xFFFF;
 627              		.loc 1 769 3 is_stmt 1 view .LVU153
 628              	.LVL48:
 770:Drivers/STM32F1xx_HAL_Driver/Src/stm32f1xx_hal_flash_ex.c **** #if defined(FLASH_WRP1_WRP1)
 629              		.loc 1 770 3 view .LVU154
 782:Drivers/STM32F1xx_HAL_Driver/Src/stm32f1xx_hal_flash_ex.c **** 
 630              		.loc 1 782 3 view .LVU155
 785:Drivers/STM32F1xx_HAL_Driver/Src/stm32f1xx_hal_flash_ex.c **** 
 631              		.loc 1 785 3 view .LVU156
 785:Drivers/STM32F1xx_HAL_Driver/Src/stm32f1xx_hal_flash_ex.c **** 
 632              		.loc 1 785 23 is_stmt 0 view .LVU157
 633 0004 FFF7FEFF 		bl	FLASH_OB_GetWRP
 634              	.LVL49:
 785:Drivers/STM32F1xx_HAL_Driver/Src/stm32f1xx_hal_flash_ex.c **** 
 635              		.loc 1 785 20 view .LVU158
 636 0008 2043     		orrs	r0, r0, r4
 637              	.LVL50:
 790:Drivers/STM32F1xx_HAL_Driver/Src/stm32f1xx_hal_flash_ex.c **** #endif /* OB_WRP_PAGES0TO31MASK */
 638              		.loc 1 790 3 is_stmt 1 view .LVU159
 790:Drivers/STM32F1xx_HAL_Driver/Src/stm32f1xx_hal_flash_ex.c **** #endif /* OB_WRP_PAGES0TO31MASK */
 639              		.loc 1 790 13 is_stmt 0 view .LVU160
 640 000a C4B2     		uxtb	r4, r0
 641              	.LVL51:
 818:Drivers/STM32F1xx_HAL_Driver/Src/stm32f1xx_hal_flash_ex.c **** 
 642              		.loc 1 818 3 is_stmt 1 view .LVU161
 818:Drivers/STM32F1xx_HAL_Driver/Src/stm32f1xx_hal_flash_ex.c **** 
 643              		.loc 1 818 12 is_stmt 0 view .LVU162
ARM GAS  C:\Users\Korisnik\AppData\Local\Temp\ccwpqvhT.s 			page 33


 644 000c 4CF25030 		movw	r0, #50000
 645              	.LVL52:
 818:Drivers/STM32F1xx_HAL_Driver/Src/stm32f1xx_hal_flash_ex.c **** 
 646              		.loc 1 818 12 view .LVU163
 647 0010 FFF7FEFF 		bl	FLASH_WaitForLastOperation
 648              	.LVL53:
 820:Drivers/STM32F1xx_HAL_Driver/Src/stm32f1xx_hal_flash_ex.c ****   { 
 649              		.loc 1 820 3 is_stmt 1 view .LVU164
 820:Drivers/STM32F1xx_HAL_Driver/Src/stm32f1xx_hal_flash_ex.c ****   { 
 650              		.loc 1 820 5 is_stmt 0 view .LVU165
 651 0014 00B1     		cbz	r0, .L51
 652              	.L48:
 653              	.LVL54:
 875:Drivers/STM32F1xx_HAL_Driver/Src/stm32f1xx_hal_flash_ex.c **** }
 654              		.loc 1 875 3 is_stmt 1 view .LVU166
 876:Drivers/STM32F1xx_HAL_Driver/Src/stm32f1xx_hal_flash_ex.c **** 
 655              		.loc 1 876 1 is_stmt 0 view .LVU167
 656 0016 10BD     		pop	{r4, pc}
 657              	.LVL55:
 658              	.L51:
 823:Drivers/STM32F1xx_HAL_Driver/Src/stm32f1xx_hal_flash_ex.c **** 
 659              		.loc 1 823 5 is_stmt 1 view .LVU168
 823:Drivers/STM32F1xx_HAL_Driver/Src/stm32f1xx_hal_flash_ex.c **** 
 660              		.loc 1 823 22 is_stmt 0 view .LVU169
 661 0018 0E4B     		ldr	r3, .L53
 662 001a 0022     		movs	r2, #0
 663 001c DA61     		str	r2, [r3, #28]
 826:Drivers/STM32F1xx_HAL_Driver/Src/stm32f1xx_hal_flash_ex.c ****     if (status == HAL_OK)  
 664              		.loc 1 826 5 is_stmt 1 view .LVU170
 826:Drivers/STM32F1xx_HAL_Driver/Src/stm32f1xx_hal_flash_ex.c ****     if (status == HAL_OK)  
 665              		.loc 1 826 14 is_stmt 0 view .LVU171
 666 001e FFF7FEFF 		bl	HAL_FLASHEx_OBErase
 667              	.LVL56:
 827:Drivers/STM32F1xx_HAL_Driver/Src/stm32f1xx_hal_flash_ex.c ****     {
 668              		.loc 1 827 5 is_stmt 1 view .LVU172
 827:Drivers/STM32F1xx_HAL_Driver/Src/stm32f1xx_hal_flash_ex.c ****     {
 669              		.loc 1 827 8 is_stmt 0 view .LVU173
 670 0022 0028     		cmp	r0, #0
 671 0024 F7D1     		bne	.L48
 829:Drivers/STM32F1xx_HAL_Driver/Src/stm32f1xx_hal_flash_ex.c **** 
 672              		.loc 1 829 7 is_stmt 1 view .LVU174
 673 0026 0C4A     		ldr	r2, .L53+4
 674 0028 1369     		ldr	r3, [r2, #16]
 675 002a 43F01003 		orr	r3, r3, #16
 676 002e 1361     		str	r3, [r2, #16]
 832:Drivers/STM32F1xx_HAL_Driver/Src/stm32f1xx_hal_flash_ex.c ****       {
 677              		.loc 1 832 7 view .LVU175
 832:Drivers/STM32F1xx_HAL_Driver/Src/stm32f1xx_hal_flash_ex.c ****       {
 678              		.loc 1 832 9 is_stmt 0 view .LVU176
 679 0030 FF2C     		cmp	r4, #255
 680 0032 05D1     		bne	.L52
 681              	.L49:
 872:Drivers/STM32F1xx_HAL_Driver/Src/stm32f1xx_hal_flash_ex.c ****     }
 682              		.loc 1 872 7 is_stmt 1 view .LVU177
 683 0034 084A     		ldr	r2, .L53+4
 684 0036 1369     		ldr	r3, [r2, #16]
 685 0038 23F01003 		bic	r3, r3, #16
ARM GAS  C:\Users\Korisnik\AppData\Local\Temp\ccwpqvhT.s 			page 34


 686 003c 1361     		str	r3, [r2, #16]
 687 003e EAE7     		b	.L48
 688              	.L52:
 834:Drivers/STM32F1xx_HAL_Driver/Src/stm32f1xx_hal_flash_ex.c ****         
 689              		.loc 1 834 9 view .LVU178
 834:Drivers/STM32F1xx_HAL_Driver/Src/stm32f1xx_hal_flash_ex.c ****         
 690              		.loc 1 834 18 is_stmt 0 view .LVU179
 691 0040 064B     		ldr	r3, .L53+8
 692 0042 1889     		ldrh	r0, [r3, #8]
 693              	.LVL57:
 834:Drivers/STM32F1xx_HAL_Driver/Src/stm32f1xx_hal_flash_ex.c ****         
 694              		.loc 1 834 18 view .LVU180
 695 0044 80B2     		uxth	r0, r0
 696 0046 2043     		orrs	r0, r0, r4
 697 0048 1881     		strh	r0, [r3, #8]	@ movhi
 837:Drivers/STM32F1xx_HAL_Driver/Src/stm32f1xx_hal_flash_ex.c ****       }
 698              		.loc 1 837 9 is_stmt 1 view .LVU181
 837:Drivers/STM32F1xx_HAL_Driver/Src/stm32f1xx_hal_flash_ex.c ****       }
 699              		.loc 1 837 18 is_stmt 0 view .LVU182
 700 004a 4CF25030 		movw	r0, #50000
 701 004e FFF7FEFF 		bl	FLASH_WaitForLastOperation
 702              	.LVL58:
 837:Drivers/STM32F1xx_HAL_Driver/Src/stm32f1xx_hal_flash_ex.c ****       }
 703              		.loc 1 837 18 view .LVU183
 704 0052 EFE7     		b	.L49
 705              	.L54:
 706              		.align	2
 707              	.L53:
 708 0054 00000000 		.word	pFlash
 709 0058 00200240 		.word	1073881088
 710 005c 00F8FF1F 		.word	536868864
 711              		.cfi_endproc
 712              	.LFE73:
 714              		.section	.text.HAL_FLASHEx_OBProgram,"ax",%progbits
 715              		.align	1
 716              		.global	HAL_FLASHEx_OBProgram
 717              		.syntax unified
 718              		.thumb
 719              		.thumb_func
 720              		.fpu softvfp
 722              	HAL_FLASHEx_OBProgram:
 723              	.LVL59:
 724              	.LFB68:
 447:Drivers/STM32F1xx_HAL_Driver/Src/stm32f1xx_hal_flash_ex.c ****   HAL_StatusTypeDef status = HAL_ERROR;
 725              		.loc 1 447 1 is_stmt 1 view -0
 726              		.cfi_startproc
 727              		@ args = 0, pretend = 0, frame = 0
 728              		@ frame_needed = 0, uses_anonymous_args = 0
 448:Drivers/STM32F1xx_HAL_Driver/Src/stm32f1xx_hal_flash_ex.c **** 
 729              		.loc 1 448 3 view .LVU185
 451:Drivers/STM32F1xx_HAL_Driver/Src/stm32f1xx_hal_flash_ex.c **** 
 730              		.loc 1 451 3 view .LVU186
 451:Drivers/STM32F1xx_HAL_Driver/Src/stm32f1xx_hal_flash_ex.c **** 
 731              		.loc 1 451 3 view .LVU187
 732 0000 254B     		ldr	r3, .L73
 733 0002 1B7E     		ldrb	r3, [r3, #24]	@ zero_extendqisi2
 734 0004 012B     		cmp	r3, #1
ARM GAS  C:\Users\Korisnik\AppData\Local\Temp\ccwpqvhT.s 			page 35


 735 0006 44D0     		beq	.L63
 447:Drivers/STM32F1xx_HAL_Driver/Src/stm32f1xx_hal_flash_ex.c ****   HAL_StatusTypeDef status = HAL_ERROR;
 736              		.loc 1 447 1 is_stmt 0 discriminator 2 view .LVU188
 737 0008 10B5     		push	{r4, lr}
 738              	.LCFI6:
 739              		.cfi_def_cfa_offset 8
 740              		.cfi_offset 4, -8
 741              		.cfi_offset 14, -4
 742 000a 0446     		mov	r4, r0
 451:Drivers/STM32F1xx_HAL_Driver/Src/stm32f1xx_hal_flash_ex.c **** 
 743              		.loc 1 451 3 is_stmt 1 discriminator 2 view .LVU189
 744 000c 224B     		ldr	r3, .L73
 745 000e 0122     		movs	r2, #1
 746 0010 1A76     		strb	r2, [r3, #24]
 451:Drivers/STM32F1xx_HAL_Driver/Src/stm32f1xx_hal_flash_ex.c **** 
 747              		.loc 1 451 3 discriminator 2 view .LVU190
 454:Drivers/STM32F1xx_HAL_Driver/Src/stm32f1xx_hal_flash_ex.c **** 
 748              		.loc 1 454 3 discriminator 2 view .LVU191
 457:Drivers/STM32F1xx_HAL_Driver/Src/stm32f1xx_hal_flash_ex.c ****   {
 749              		.loc 1 457 3 discriminator 2 view .LVU192
 457:Drivers/STM32F1xx_HAL_Driver/Src/stm32f1xx_hal_flash_ex.c ****   {
 750              		.loc 1 457 14 is_stmt 0 discriminator 2 view .LVU193
 751 0012 0368     		ldr	r3, [r0]
 457:Drivers/STM32F1xx_HAL_Driver/Src/stm32f1xx_hal_flash_ex.c ****   {
 752              		.loc 1 457 5 discriminator 2 view .LVU194
 753 0014 13F0010F 		tst	r3, #1
 754 0018 0ED0     		beq	.L64
 459:Drivers/STM32F1xx_HAL_Driver/Src/stm32f1xx_hal_flash_ex.c ****     if (pOBInit->WRPState == OB_WRPSTATE_ENABLE)
 755              		.loc 1 459 5 is_stmt 1 view .LVU195
 460:Drivers/STM32F1xx_HAL_Driver/Src/stm32f1xx_hal_flash_ex.c ****     {
 756              		.loc 1 460 5 view .LVU196
 460:Drivers/STM32F1xx_HAL_Driver/Src/stm32f1xx_hal_flash_ex.c ****     {
 757              		.loc 1 460 16 is_stmt 0 view .LVU197
 758 001a 4368     		ldr	r3, [r0, #4]
 460:Drivers/STM32F1xx_HAL_Driver/Src/stm32f1xx_hal_flash_ex.c ****     {
 759              		.loc 1 460 8 view .LVU198
 760 001c 9342     		cmp	r3, r2
 761 001e 07D0     		beq	.L69
 468:Drivers/STM32F1xx_HAL_Driver/Src/stm32f1xx_hal_flash_ex.c ****     }
 762              		.loc 1 468 7 is_stmt 1 view .LVU199
 468:Drivers/STM32F1xx_HAL_Driver/Src/stm32f1xx_hal_flash_ex.c ****     }
 763              		.loc 1 468 16 is_stmt 0 view .LVU200
 764 0020 8068     		ldr	r0, [r0, #8]
 765              	.LVL60:
 468:Drivers/STM32F1xx_HAL_Driver/Src/stm32f1xx_hal_flash_ex.c ****     }
 766              		.loc 1 468 16 view .LVU201
 767 0022 FFF7FEFF 		bl	FLASH_OB_DisableWRP
 768              	.LVL61:
 769              	.L59:
 470:Drivers/STM32F1xx_HAL_Driver/Src/stm32f1xx_hal_flash_ex.c ****     {
 770              		.loc 1 470 5 is_stmt 1 view .LVU202
 470:Drivers/STM32F1xx_HAL_Driver/Src/stm32f1xx_hal_flash_ex.c ****     {
 771              		.loc 1 470 8 is_stmt 0 view .LVU203
 772 0026 40B1     		cbz	r0, .L57
 473:Drivers/STM32F1xx_HAL_Driver/Src/stm32f1xx_hal_flash_ex.c ****       return status;
 773              		.loc 1 473 7 is_stmt 1 view .LVU204
 473:Drivers/STM32F1xx_HAL_Driver/Src/stm32f1xx_hal_flash_ex.c ****       return status;
ARM GAS  C:\Users\Korisnik\AppData\Local\Temp\ccwpqvhT.s 			page 36


 774              		.loc 1 473 7 view .LVU205
 775 0028 1B4B     		ldr	r3, .L73
 776 002a 0022     		movs	r2, #0
 777 002c 1A76     		strb	r2, [r3, #24]
 473:Drivers/STM32F1xx_HAL_Driver/Src/stm32f1xx_hal_flash_ex.c ****       return status;
 778              		.loc 1 473 7 view .LVU206
 474:Drivers/STM32F1xx_HAL_Driver/Src/stm32f1xx_hal_flash_ex.c ****     }
 779              		.loc 1 474 7 view .LVU207
 474:Drivers/STM32F1xx_HAL_Driver/Src/stm32f1xx_hal_flash_ex.c ****     }
 780              		.loc 1 474 14 is_stmt 0 view .LVU208
 781 002e 13E0     		b	.L56
 782              	.LVL62:
 783              	.L69:
 463:Drivers/STM32F1xx_HAL_Driver/Src/stm32f1xx_hal_flash_ex.c ****     }
 784              		.loc 1 463 7 is_stmt 1 view .LVU209
 463:Drivers/STM32F1xx_HAL_Driver/Src/stm32f1xx_hal_flash_ex.c ****     }
 785              		.loc 1 463 16 is_stmt 0 view .LVU210
 786 0030 8068     		ldr	r0, [r0, #8]
 787              	.LVL63:
 463:Drivers/STM32F1xx_HAL_Driver/Src/stm32f1xx_hal_flash_ex.c ****     }
 788              		.loc 1 463 16 view .LVU211
 789 0032 FFF7FEFF 		bl	FLASH_OB_EnableWRP
 790              	.LVL64:
 463:Drivers/STM32F1xx_HAL_Driver/Src/stm32f1xx_hal_flash_ex.c ****     }
 791              		.loc 1 463 16 view .LVU212
 792 0036 F6E7     		b	.L59
 793              	.LVL65:
 794              	.L64:
 448:Drivers/STM32F1xx_HAL_Driver/Src/stm32f1xx_hal_flash_ex.c **** 
 795              		.loc 1 448 21 view .LVU213
 796 0038 0120     		movs	r0, #1
 797              	.LVL66:
 798              	.L57:
 479:Drivers/STM32F1xx_HAL_Driver/Src/stm32f1xx_hal_flash_ex.c ****   {
 799              		.loc 1 479 3 is_stmt 1 view .LVU214
 479:Drivers/STM32F1xx_HAL_Driver/Src/stm32f1xx_hal_flash_ex.c ****   {
 800              		.loc 1 479 14 is_stmt 0 view .LVU215
 801 003a 2368     		ldr	r3, [r4]
 479:Drivers/STM32F1xx_HAL_Driver/Src/stm32f1xx_hal_flash_ex.c ****   {
 802              		.loc 1 479 5 view .LVU216
 803 003c 13F0020F 		tst	r3, #2
 804 0040 0BD1     		bne	.L70
 805              	.L60:
 491:Drivers/STM32F1xx_HAL_Driver/Src/stm32f1xx_hal_flash_ex.c ****   {
 806              		.loc 1 491 3 is_stmt 1 view .LVU217
 491:Drivers/STM32F1xx_HAL_Driver/Src/stm32f1xx_hal_flash_ex.c ****   {
 807              		.loc 1 491 14 is_stmt 0 view .LVU218
 808 0042 2368     		ldr	r3, [r4]
 491:Drivers/STM32F1xx_HAL_Driver/Src/stm32f1xx_hal_flash_ex.c ****   {
 809              		.loc 1 491 5 view .LVU219
 810 0044 13F0040F 		tst	r3, #4
 811 0048 10D1     		bne	.L71
 812              	.L61:
 503:Drivers/STM32F1xx_HAL_Driver/Src/stm32f1xx_hal_flash_ex.c ****   {
 813              		.loc 1 503 3 is_stmt 1 view .LVU220
 503:Drivers/STM32F1xx_HAL_Driver/Src/stm32f1xx_hal_flash_ex.c ****   {
 814              		.loc 1 503 14 is_stmt 0 view .LVU221
ARM GAS  C:\Users\Korisnik\AppData\Local\Temp\ccwpqvhT.s 			page 37


 815 004a 2368     		ldr	r3, [r4]
 503:Drivers/STM32F1xx_HAL_Driver/Src/stm32f1xx_hal_flash_ex.c ****   {
 816              		.loc 1 503 5 view .LVU222
 817 004c 13F0080F 		tst	r3, #8
 818 0050 15D1     		bne	.L72
 819              	.L62:
 515:Drivers/STM32F1xx_HAL_Driver/Src/stm32f1xx_hal_flash_ex.c **** 
 820              		.loc 1 515 3 is_stmt 1 view .LVU223
 515:Drivers/STM32F1xx_HAL_Driver/Src/stm32f1xx_hal_flash_ex.c **** 
 821              		.loc 1 515 3 view .LVU224
 822 0052 114B     		ldr	r3, .L73
 823 0054 0022     		movs	r2, #0
 824 0056 1A76     		strb	r2, [r3, #24]
 515:Drivers/STM32F1xx_HAL_Driver/Src/stm32f1xx_hal_flash_ex.c **** 
 825              		.loc 1 515 3 view .LVU225
 517:Drivers/STM32F1xx_HAL_Driver/Src/stm32f1xx_hal_flash_ex.c **** }
 826              		.loc 1 517 3 view .LVU226
 827              	.L56:
 518:Drivers/STM32F1xx_HAL_Driver/Src/stm32f1xx_hal_flash_ex.c **** 
 828              		.loc 1 518 1 is_stmt 0 view .LVU227
 829 0058 10BD     		pop	{r4, pc}
 830              	.LVL67:
 831              	.L70:
 481:Drivers/STM32F1xx_HAL_Driver/Src/stm32f1xx_hal_flash_ex.c ****     if (status != HAL_OK)
 832              		.loc 1 481 5 is_stmt 1 view .LVU228
 481:Drivers/STM32F1xx_HAL_Driver/Src/stm32f1xx_hal_flash_ex.c ****     if (status != HAL_OK)
 833              		.loc 1 481 14 is_stmt 0 view .LVU229
 834 005a 207C     		ldrb	r0, [r4, #16]	@ zero_extendqisi2
 835              	.LVL68:
 481:Drivers/STM32F1xx_HAL_Driver/Src/stm32f1xx_hal_flash_ex.c ****     if (status != HAL_OK)
 836              		.loc 1 481 14 view .LVU230
 837 005c FFF7FEFF 		bl	FLASH_OB_RDP_LevelConfig
 838              	.LVL69:
 482:Drivers/STM32F1xx_HAL_Driver/Src/stm32f1xx_hal_flash_ex.c ****     {
 839              		.loc 1 482 5 is_stmt 1 view .LVU231
 482:Drivers/STM32F1xx_HAL_Driver/Src/stm32f1xx_hal_flash_ex.c ****     {
 840              		.loc 1 482 8 is_stmt 0 view .LVU232
 841 0060 0028     		cmp	r0, #0
 842 0062 EED0     		beq	.L60
 485:Drivers/STM32F1xx_HAL_Driver/Src/stm32f1xx_hal_flash_ex.c ****       return status;
 843              		.loc 1 485 7 is_stmt 1 view .LVU233
 485:Drivers/STM32F1xx_HAL_Driver/Src/stm32f1xx_hal_flash_ex.c ****       return status;
 844              		.loc 1 485 7 view .LVU234
 845 0064 0C4B     		ldr	r3, .L73
 846 0066 0022     		movs	r2, #0
 847 0068 1A76     		strb	r2, [r3, #24]
 485:Drivers/STM32F1xx_HAL_Driver/Src/stm32f1xx_hal_flash_ex.c ****       return status;
 848              		.loc 1 485 7 view .LVU235
 486:Drivers/STM32F1xx_HAL_Driver/Src/stm32f1xx_hal_flash_ex.c ****     }
 849              		.loc 1 486 7 view .LVU236
 486:Drivers/STM32F1xx_HAL_Driver/Src/stm32f1xx_hal_flash_ex.c ****     }
 850              		.loc 1 486 14 is_stmt 0 view .LVU237
 851 006a F5E7     		b	.L56
 852              	.L71:
 493:Drivers/STM32F1xx_HAL_Driver/Src/stm32f1xx_hal_flash_ex.c ****     if (status != HAL_OK)
 853              		.loc 1 493 5 is_stmt 1 view .LVU238
 493:Drivers/STM32F1xx_HAL_Driver/Src/stm32f1xx_hal_flash_ex.c ****     if (status != HAL_OK)
ARM GAS  C:\Users\Korisnik\AppData\Local\Temp\ccwpqvhT.s 			page 38


 854              		.loc 1 493 14 is_stmt 0 view .LVU239
 855 006c 607C     		ldrb	r0, [r4, #17]	@ zero_extendqisi2
 856              	.LVL70:
 493:Drivers/STM32F1xx_HAL_Driver/Src/stm32f1xx_hal_flash_ex.c ****     if (status != HAL_OK)
 857              		.loc 1 493 14 view .LVU240
 858 006e FFF7FEFF 		bl	FLASH_OB_UserConfig
 859              	.LVL71:
 494:Drivers/STM32F1xx_HAL_Driver/Src/stm32f1xx_hal_flash_ex.c ****     {
 860              		.loc 1 494 5 is_stmt 1 view .LVU241
 494:Drivers/STM32F1xx_HAL_Driver/Src/stm32f1xx_hal_flash_ex.c ****     {
 861              		.loc 1 494 8 is_stmt 0 view .LVU242
 862 0072 0028     		cmp	r0, #0
 863 0074 E9D0     		beq	.L61
 497:Drivers/STM32F1xx_HAL_Driver/Src/stm32f1xx_hal_flash_ex.c ****       return status;
 864              		.loc 1 497 7 is_stmt 1 view .LVU243
 497:Drivers/STM32F1xx_HAL_Driver/Src/stm32f1xx_hal_flash_ex.c ****       return status;
 865              		.loc 1 497 7 view .LVU244
 866 0076 084B     		ldr	r3, .L73
 867 0078 0022     		movs	r2, #0
 868 007a 1A76     		strb	r2, [r3, #24]
 497:Drivers/STM32F1xx_HAL_Driver/Src/stm32f1xx_hal_flash_ex.c ****       return status;
 869              		.loc 1 497 7 view .LVU245
 498:Drivers/STM32F1xx_HAL_Driver/Src/stm32f1xx_hal_flash_ex.c ****     }
 870              		.loc 1 498 7 view .LVU246
 498:Drivers/STM32F1xx_HAL_Driver/Src/stm32f1xx_hal_flash_ex.c ****     }
 871              		.loc 1 498 14 is_stmt 0 view .LVU247
 872 007c ECE7     		b	.L56
 873              	.L72:
 505:Drivers/STM32F1xx_HAL_Driver/Src/stm32f1xx_hal_flash_ex.c ****     if (status != HAL_OK)
 874              		.loc 1 505 5 is_stmt 1 view .LVU248
 505:Drivers/STM32F1xx_HAL_Driver/Src/stm32f1xx_hal_flash_ex.c ****     if (status != HAL_OK)
 875              		.loc 1 505 14 is_stmt 0 view .LVU249
 876 007e 217E     		ldrb	r1, [r4, #24]	@ zero_extendqisi2
 877 0080 6069     		ldr	r0, [r4, #20]
 878              	.LVL72:
 505:Drivers/STM32F1xx_HAL_Driver/Src/stm32f1xx_hal_flash_ex.c ****     if (status != HAL_OK)
 879              		.loc 1 505 14 view .LVU250
 880 0082 FFF7FEFF 		bl	FLASH_OB_ProgramData
 881              	.LVL73:
 506:Drivers/STM32F1xx_HAL_Driver/Src/stm32f1xx_hal_flash_ex.c ****     {
 882              		.loc 1 506 5 is_stmt 1 view .LVU251
 506:Drivers/STM32F1xx_HAL_Driver/Src/stm32f1xx_hal_flash_ex.c ****     {
 883              		.loc 1 506 8 is_stmt 0 view .LVU252
 884 0086 0028     		cmp	r0, #0
 885 0088 E3D0     		beq	.L62
 509:Drivers/STM32F1xx_HAL_Driver/Src/stm32f1xx_hal_flash_ex.c ****       return status;
 886              		.loc 1 509 7 is_stmt 1 view .LVU253
 509:Drivers/STM32F1xx_HAL_Driver/Src/stm32f1xx_hal_flash_ex.c ****       return status;
 887              		.loc 1 509 7 view .LVU254
 888 008a 034B     		ldr	r3, .L73
 889 008c 0022     		movs	r2, #0
 890 008e 1A76     		strb	r2, [r3, #24]
 509:Drivers/STM32F1xx_HAL_Driver/Src/stm32f1xx_hal_flash_ex.c ****       return status;
 891              		.loc 1 509 7 view .LVU255
 510:Drivers/STM32F1xx_HAL_Driver/Src/stm32f1xx_hal_flash_ex.c ****     }
 892              		.loc 1 510 7 view .LVU256
 510:Drivers/STM32F1xx_HAL_Driver/Src/stm32f1xx_hal_flash_ex.c ****     }
ARM GAS  C:\Users\Korisnik\AppData\Local\Temp\ccwpqvhT.s 			page 39


 893              		.loc 1 510 14 is_stmt 0 view .LVU257
 894 0090 E2E7     		b	.L56
 895              	.LVL74:
 896              	.L63:
 897              	.LCFI7:
 898              		.cfi_def_cfa_offset 0
 899              		.cfi_restore 4
 900              		.cfi_restore 14
 451:Drivers/STM32F1xx_HAL_Driver/Src/stm32f1xx_hal_flash_ex.c **** 
 901              		.loc 1 451 3 view .LVU258
 902 0092 0220     		movs	r0, #2
 903              	.LVL75:
 518:Drivers/STM32F1xx_HAL_Driver/Src/stm32f1xx_hal_flash_ex.c **** 
 904              		.loc 1 518 1 view .LVU259
 905 0094 7047     		bx	lr
 906              	.L74:
 907 0096 00BF     		.align	2
 908              	.L73:
 909 0098 00000000 		.word	pFlash
 910              		.cfi_endproc
 911              	.LFE68:
 913              		.section	.text.HAL_FLASHEx_OBGetConfig,"ax",%progbits
 914              		.align	1
 915              		.global	HAL_FLASHEx_OBGetConfig
 916              		.syntax unified
 917              		.thumb
 918              		.thumb_func
 919              		.fpu softvfp
 921              	HAL_FLASHEx_OBGetConfig:
 922              	.LVL76:
 923              	.LFB69:
 528:Drivers/STM32F1xx_HAL_Driver/Src/stm32f1xx_hal_flash_ex.c ****   pOBInit->OptionType = OPTIONBYTE_WRP | OPTIONBYTE_RDP | OPTIONBYTE_USER;
 924              		.loc 1 528 1 is_stmt 1 view -0
 925              		.cfi_startproc
 926              		@ args = 0, pretend = 0, frame = 0
 927              		@ frame_needed = 0, uses_anonymous_args = 0
 528:Drivers/STM32F1xx_HAL_Driver/Src/stm32f1xx_hal_flash_ex.c ****   pOBInit->OptionType = OPTIONBYTE_WRP | OPTIONBYTE_RDP | OPTIONBYTE_USER;
 928              		.loc 1 528 1 is_stmt 0 view .LVU261
 929 0000 10B5     		push	{r4, lr}
 930              	.LCFI8:
 931              		.cfi_def_cfa_offset 8
 932              		.cfi_offset 4, -8
 933              		.cfi_offset 14, -4
 934 0002 0446     		mov	r4, r0
 529:Drivers/STM32F1xx_HAL_Driver/Src/stm32f1xx_hal_flash_ex.c **** 
 935              		.loc 1 529 3 is_stmt 1 view .LVU262
 529:Drivers/STM32F1xx_HAL_Driver/Src/stm32f1xx_hal_flash_ex.c **** 
 936              		.loc 1 529 23 is_stmt 0 view .LVU263
 937 0004 0723     		movs	r3, #7
 938 0006 0360     		str	r3, [r0]
 532:Drivers/STM32F1xx_HAL_Driver/Src/stm32f1xx_hal_flash_ex.c **** 
 939              		.loc 1 532 3 is_stmt 1 view .LVU264
 532:Drivers/STM32F1xx_HAL_Driver/Src/stm32f1xx_hal_flash_ex.c **** 
 940              		.loc 1 532 22 is_stmt 0 view .LVU265
 941 0008 FFF7FEFF 		bl	FLASH_OB_GetWRP
 942              	.LVL77:
 532:Drivers/STM32F1xx_HAL_Driver/Src/stm32f1xx_hal_flash_ex.c **** 
ARM GAS  C:\Users\Korisnik\AppData\Local\Temp\ccwpqvhT.s 			page 40


 943              		.loc 1 532 20 view .LVU266
 944 000c A060     		str	r0, [r4, #8]
 535:Drivers/STM32F1xx_HAL_Driver/Src/stm32f1xx_hal_flash_ex.c **** 
 945              		.loc 1 535 3 is_stmt 1 view .LVU267
 535:Drivers/STM32F1xx_HAL_Driver/Src/stm32f1xx_hal_flash_ex.c **** 
 946              		.loc 1 535 23 is_stmt 0 view .LVU268
 947 000e FFF7FEFF 		bl	FLASH_OB_GetRDP
 948              	.LVL78:
 535:Drivers/STM32F1xx_HAL_Driver/Src/stm32f1xx_hal_flash_ex.c **** 
 949              		.loc 1 535 21 view .LVU269
 950 0012 2074     		strb	r0, [r4, #16]
 538:Drivers/STM32F1xx_HAL_Driver/Src/stm32f1xx_hal_flash_ex.c **** }
 951              		.loc 1 538 3 is_stmt 1 view .LVU270
 538:Drivers/STM32F1xx_HAL_Driver/Src/stm32f1xx_hal_flash_ex.c **** }
 952              		.loc 1 538 25 is_stmt 0 view .LVU271
 953 0014 FFF7FEFF 		bl	FLASH_OB_GetUser
 954              	.LVL79:
 538:Drivers/STM32F1xx_HAL_Driver/Src/stm32f1xx_hal_flash_ex.c **** }
 955              		.loc 1 538 23 view .LVU272
 956 0018 6074     		strb	r0, [r4, #17]
 539:Drivers/STM32F1xx_HAL_Driver/Src/stm32f1xx_hal_flash_ex.c **** 
 957              		.loc 1 539 1 view .LVU273
 958 001a 10BD     		pop	{r4, pc}
 539:Drivers/STM32F1xx_HAL_Driver/Src/stm32f1xx_hal_flash_ex.c **** 
 959              		.loc 1 539 1 view .LVU274
 960              		.cfi_endproc
 961              	.LFE69:
 963              		.section	.text.HAL_FLASHEx_OBGetUserData,"ax",%progbits
 964              		.align	1
 965              		.global	HAL_FLASHEx_OBGetUserData
 966              		.syntax unified
 967              		.thumb
 968              		.thumb_func
 969              		.fpu softvfp
 971              	HAL_FLASHEx_OBGetUserData:
 972              	.LVL80:
 973              	.LFB70:
 550:Drivers/STM32F1xx_HAL_Driver/Src/stm32f1xx_hal_flash_ex.c ****   uint32_t value = 0;
 974              		.loc 1 550 1 is_stmt 1 view -0
 975              		.cfi_startproc
 976              		@ args = 0, pretend = 0, frame = 0
 977              		@ frame_needed = 0, uses_anonymous_args = 0
 978              		@ link register save eliminated.
 551:Drivers/STM32F1xx_HAL_Driver/Src/stm32f1xx_hal_flash_ex.c ****   
 979              		.loc 1 551 3 view .LVU276
 553:Drivers/STM32F1xx_HAL_Driver/Src/stm32f1xx_hal_flash_ex.c ****   {
 980              		.loc 1 553 3 view .LVU277
 553:Drivers/STM32F1xx_HAL_Driver/Src/stm32f1xx_hal_flash_ex.c ****   {
 981              		.loc 1 553 6 is_stmt 0 view .LVU278
 982 0000 064B     		ldr	r3, .L81
 983 0002 9842     		cmp	r0, r3
 984 0004 04D0     		beq	.L80
 561:Drivers/STM32F1xx_HAL_Driver/Src/stm32f1xx_hal_flash_ex.c ****   }
 985              		.loc 1 561 5 is_stmt 1 view .LVU279
 561:Drivers/STM32F1xx_HAL_Driver/Src/stm32f1xx_hal_flash_ex.c ****   }
 986              		.loc 1 561 13 is_stmt 0 view .LVU280
 987 0006 064B     		ldr	r3, .L81+4
ARM GAS  C:\Users\Korisnik\AppData\Local\Temp\ccwpqvhT.s 			page 41


 988 0008 D869     		ldr	r0, [r3, #28]
 989              	.LVL81:
 561:Drivers/STM32F1xx_HAL_Driver/Src/stm32f1xx_hal_flash_ex.c ****   }
 990              		.loc 1 561 11 view .LVU281
 991 000a C0F38740 		ubfx	r0, r0, #18, #8
 992              	.LVL82:
 564:Drivers/STM32F1xx_HAL_Driver/Src/stm32f1xx_hal_flash_ex.c **** }
 993              		.loc 1 564 3 is_stmt 1 view .LVU282
 565:Drivers/STM32F1xx_HAL_Driver/Src/stm32f1xx_hal_flash_ex.c **** 
 994              		.loc 1 565 1 is_stmt 0 view .LVU283
 995 000e 7047     		bx	lr
 996              	.LVL83:
 997              	.L80:
 556:Drivers/STM32F1xx_HAL_Driver/Src/stm32f1xx_hal_flash_ex.c ****   }
 998              		.loc 1 556 5 is_stmt 1 view .LVU284
 556:Drivers/STM32F1xx_HAL_Driver/Src/stm32f1xx_hal_flash_ex.c ****   }
 999              		.loc 1 556 13 is_stmt 0 view .LVU285
 1000 0010 034B     		ldr	r3, .L81+4
 1001 0012 D869     		ldr	r0, [r3, #28]
 1002              	.LVL84:
 556:Drivers/STM32F1xx_HAL_Driver/Src/stm32f1xx_hal_flash_ex.c ****   }
 1003              		.loc 1 556 11 view .LVU286
 1004 0014 C0F38720 		ubfx	r0, r0, #10, #8
 1005              	.LVL85:
 556:Drivers/STM32F1xx_HAL_Driver/Src/stm32f1xx_hal_flash_ex.c ****   }
 1006              		.loc 1 556 11 view .LVU287
 1007 0018 7047     		bx	lr
 1008              	.L82:
 1009 001a 00BF     		.align	2
 1010              	.L81:
 1011 001c 04F8FF1F 		.word	536868868
 1012 0020 00200240 		.word	1073881088
 1013              		.cfi_endproc
 1014              	.LFE70:
 1016              		.section	.text.FLASH_PageErase,"ax",%progbits
 1017              		.align	1
 1018              		.global	FLASH_PageErase
 1019              		.syntax unified
 1020              		.thumb
 1021              		.thumb_func
 1022              		.fpu softvfp
 1024              	FLASH_PageErase:
 1025              	.LVL86:
 1026              	.LFB80:
1065:Drivers/STM32F1xx_HAL_Driver/Src/stm32f1xx_hal_flash_ex.c **** 
1066:Drivers/STM32F1xx_HAL_Driver/Src/stm32f1xx_hal_flash_ex.c **** /**
1067:Drivers/STM32F1xx_HAL_Driver/Src/stm32f1xx_hal_flash_ex.c ****   * @}
1068:Drivers/STM32F1xx_HAL_Driver/Src/stm32f1xx_hal_flash_ex.c ****   */
1069:Drivers/STM32F1xx_HAL_Driver/Src/stm32f1xx_hal_flash_ex.c **** 
1070:Drivers/STM32F1xx_HAL_Driver/Src/stm32f1xx_hal_flash_ex.c **** /**
1071:Drivers/STM32F1xx_HAL_Driver/Src/stm32f1xx_hal_flash_ex.c ****   * @}
1072:Drivers/STM32F1xx_HAL_Driver/Src/stm32f1xx_hal_flash_ex.c ****   */
1073:Drivers/STM32F1xx_HAL_Driver/Src/stm32f1xx_hal_flash_ex.c **** 
1074:Drivers/STM32F1xx_HAL_Driver/Src/stm32f1xx_hal_flash_ex.c **** /** @addtogroup FLASH
1075:Drivers/STM32F1xx_HAL_Driver/Src/stm32f1xx_hal_flash_ex.c ****   * @{
1076:Drivers/STM32F1xx_HAL_Driver/Src/stm32f1xx_hal_flash_ex.c ****   */
1077:Drivers/STM32F1xx_HAL_Driver/Src/stm32f1xx_hal_flash_ex.c **** 
ARM GAS  C:\Users\Korisnik\AppData\Local\Temp\ccwpqvhT.s 			page 42


1078:Drivers/STM32F1xx_HAL_Driver/Src/stm32f1xx_hal_flash_ex.c **** /** @addtogroup FLASH_Private_Functions
1079:Drivers/STM32F1xx_HAL_Driver/Src/stm32f1xx_hal_flash_ex.c ****  * @{
1080:Drivers/STM32F1xx_HAL_Driver/Src/stm32f1xx_hal_flash_ex.c ****  */
1081:Drivers/STM32F1xx_HAL_Driver/Src/stm32f1xx_hal_flash_ex.c **** 
1082:Drivers/STM32F1xx_HAL_Driver/Src/stm32f1xx_hal_flash_ex.c **** /**
1083:Drivers/STM32F1xx_HAL_Driver/Src/stm32f1xx_hal_flash_ex.c ****   * @brief  Erase the specified FLASH memory page
1084:Drivers/STM32F1xx_HAL_Driver/Src/stm32f1xx_hal_flash_ex.c ****   * @param  PageAddress FLASH page to erase
1085:Drivers/STM32F1xx_HAL_Driver/Src/stm32f1xx_hal_flash_ex.c ****   *         The value of this parameter depend on device used within the same series      
1086:Drivers/STM32F1xx_HAL_Driver/Src/stm32f1xx_hal_flash_ex.c ****   * 
1087:Drivers/STM32F1xx_HAL_Driver/Src/stm32f1xx_hal_flash_ex.c ****   * @retval None
1088:Drivers/STM32F1xx_HAL_Driver/Src/stm32f1xx_hal_flash_ex.c ****   */
1089:Drivers/STM32F1xx_HAL_Driver/Src/stm32f1xx_hal_flash_ex.c **** void FLASH_PageErase(uint32_t PageAddress)
1090:Drivers/STM32F1xx_HAL_Driver/Src/stm32f1xx_hal_flash_ex.c **** {
 1027              		.loc 1 1090 1 is_stmt 1 view -0
 1028              		.cfi_startproc
 1029              		@ args = 0, pretend = 0, frame = 0
 1030              		@ frame_needed = 0, uses_anonymous_args = 0
 1031              		@ link register save eliminated.
1091:Drivers/STM32F1xx_HAL_Driver/Src/stm32f1xx_hal_flash_ex.c ****   /* Clean the error context */
1092:Drivers/STM32F1xx_HAL_Driver/Src/stm32f1xx_hal_flash_ex.c ****   pFlash.ErrorCode = HAL_FLASH_ERROR_NONE;
 1032              		.loc 1 1092 3 view .LVU289
 1033              		.loc 1 1092 20 is_stmt 0 view .LVU290
 1034 0000 064B     		ldr	r3, .L84
 1035 0002 0022     		movs	r2, #0
 1036 0004 DA61     		str	r2, [r3, #28]
1093:Drivers/STM32F1xx_HAL_Driver/Src/stm32f1xx_hal_flash_ex.c **** 
1094:Drivers/STM32F1xx_HAL_Driver/Src/stm32f1xx_hal_flash_ex.c **** #if defined(FLASH_BANK2_END)
1095:Drivers/STM32F1xx_HAL_Driver/Src/stm32f1xx_hal_flash_ex.c ****   if(PageAddress > FLASH_BANK1_END)
1096:Drivers/STM32F1xx_HAL_Driver/Src/stm32f1xx_hal_flash_ex.c ****   { 
1097:Drivers/STM32F1xx_HAL_Driver/Src/stm32f1xx_hal_flash_ex.c ****     /* Proceed to erase the page */
1098:Drivers/STM32F1xx_HAL_Driver/Src/stm32f1xx_hal_flash_ex.c ****     SET_BIT(FLASH->CR2, FLASH_CR2_PER);
1099:Drivers/STM32F1xx_HAL_Driver/Src/stm32f1xx_hal_flash_ex.c ****     WRITE_REG(FLASH->AR2, PageAddress);
1100:Drivers/STM32F1xx_HAL_Driver/Src/stm32f1xx_hal_flash_ex.c ****     SET_BIT(FLASH->CR2, FLASH_CR2_STRT);
1101:Drivers/STM32F1xx_HAL_Driver/Src/stm32f1xx_hal_flash_ex.c ****   }
1102:Drivers/STM32F1xx_HAL_Driver/Src/stm32f1xx_hal_flash_ex.c ****   else
1103:Drivers/STM32F1xx_HAL_Driver/Src/stm32f1xx_hal_flash_ex.c ****   {
1104:Drivers/STM32F1xx_HAL_Driver/Src/stm32f1xx_hal_flash_ex.c **** #endif /* FLASH_BANK2_END */
1105:Drivers/STM32F1xx_HAL_Driver/Src/stm32f1xx_hal_flash_ex.c ****     /* Proceed to erase the page */
1106:Drivers/STM32F1xx_HAL_Driver/Src/stm32f1xx_hal_flash_ex.c ****     SET_BIT(FLASH->CR, FLASH_CR_PER);
 1037              		.loc 1 1106 5 is_stmt 1 view .LVU291
 1038 0006 064B     		ldr	r3, .L84+4
 1039 0008 1A69     		ldr	r2, [r3, #16]
 1040 000a 42F00202 		orr	r2, r2, #2
 1041 000e 1A61     		str	r2, [r3, #16]
1107:Drivers/STM32F1xx_HAL_Driver/Src/stm32f1xx_hal_flash_ex.c ****     WRITE_REG(FLASH->AR, PageAddress);
 1042              		.loc 1 1107 5 view .LVU292
 1043 0010 5861     		str	r0, [r3, #20]
1108:Drivers/STM32F1xx_HAL_Driver/Src/stm32f1xx_hal_flash_ex.c ****     SET_BIT(FLASH->CR, FLASH_CR_STRT);
 1044              		.loc 1 1108 5 view .LVU293
 1045 0012 1A69     		ldr	r2, [r3, #16]
 1046 0014 42F04002 		orr	r2, r2, #64
 1047 0018 1A61     		str	r2, [r3, #16]
1109:Drivers/STM32F1xx_HAL_Driver/Src/stm32f1xx_hal_flash_ex.c **** #if defined(FLASH_BANK2_END)
1110:Drivers/STM32F1xx_HAL_Driver/Src/stm32f1xx_hal_flash_ex.c ****   }
1111:Drivers/STM32F1xx_HAL_Driver/Src/stm32f1xx_hal_flash_ex.c **** #endif /* FLASH_BANK2_END */
1112:Drivers/STM32F1xx_HAL_Driver/Src/stm32f1xx_hal_flash_ex.c **** }
 1048              		.loc 1 1112 1 is_stmt 0 view .LVU294
ARM GAS  C:\Users\Korisnik\AppData\Local\Temp\ccwpqvhT.s 			page 43


 1049 001a 7047     		bx	lr
 1050              	.L85:
 1051              		.align	2
 1052              	.L84:
 1053 001c 00000000 		.word	pFlash
 1054 0020 00200240 		.word	1073881088
 1055              		.cfi_endproc
 1056              	.LFE80:
 1058              		.section	.text.HAL_FLASHEx_Erase,"ax",%progbits
 1059              		.align	1
 1060              		.global	HAL_FLASHEx_Erase
 1061              		.syntax unified
 1062              		.thumb
 1063              		.thumb_func
 1064              		.fpu softvfp
 1066              	HAL_FLASHEx_Erase:
 1067              	.LVL87:
 1068              	.LFB65:
 160:Drivers/STM32F1xx_HAL_Driver/Src/stm32f1xx_hal_flash_ex.c ****   HAL_StatusTypeDef status = HAL_ERROR;
 1069              		.loc 1 160 1 is_stmt 1 view -0
 1070              		.cfi_startproc
 1071              		@ args = 0, pretend = 0, frame = 0
 1072              		@ frame_needed = 0, uses_anonymous_args = 0
 161:Drivers/STM32F1xx_HAL_Driver/Src/stm32f1xx_hal_flash_ex.c ****   uint32_t address = 0U;
 1073              		.loc 1 161 3 view .LVU296
 162:Drivers/STM32F1xx_HAL_Driver/Src/stm32f1xx_hal_flash_ex.c **** 
 1074              		.loc 1 162 3 view .LVU297
 165:Drivers/STM32F1xx_HAL_Driver/Src/stm32f1xx_hal_flash_ex.c **** 
 1075              		.loc 1 165 3 view .LVU298
 165:Drivers/STM32F1xx_HAL_Driver/Src/stm32f1xx_hal_flash_ex.c **** 
 1076              		.loc 1 165 3 view .LVU299
 1077 0000 264B     		ldr	r3, .L103
 1078 0002 1B7E     		ldrb	r3, [r3, #24]	@ zero_extendqisi2
 1079 0004 012B     		cmp	r3, #1
 1080 0006 46D0     		beq	.L93
 160:Drivers/STM32F1xx_HAL_Driver/Src/stm32f1xx_hal_flash_ex.c ****   HAL_StatusTypeDef status = HAL_ERROR;
 1081              		.loc 1 160 1 is_stmt 0 discriminator 2 view .LVU300
 1082 0008 70B5     		push	{r4, r5, r6, lr}
 1083              	.LCFI9:
 1084              		.cfi_def_cfa_offset 16
 1085              		.cfi_offset 4, -16
 1086              		.cfi_offset 5, -12
 1087              		.cfi_offset 6, -8
 1088              		.cfi_offset 14, -4
 1089 000a 0546     		mov	r5, r0
 1090 000c 0E46     		mov	r6, r1
 165:Drivers/STM32F1xx_HAL_Driver/Src/stm32f1xx_hal_flash_ex.c **** 
 1091              		.loc 1 165 3 is_stmt 1 discriminator 2 view .LVU301
 1092 000e 234B     		ldr	r3, .L103
 1093 0010 0122     		movs	r2, #1
 1094 0012 1A76     		strb	r2, [r3, #24]
 165:Drivers/STM32F1xx_HAL_Driver/Src/stm32f1xx_hal_flash_ex.c **** 
 1095              		.loc 1 165 3 discriminator 2 view .LVU302
 168:Drivers/STM32F1xx_HAL_Driver/Src/stm32f1xx_hal_flash_ex.c **** 
 1096              		.loc 1 168 3 discriminator 2 view .LVU303
 170:Drivers/STM32F1xx_HAL_Driver/Src/stm32f1xx_hal_flash_ex.c ****   {
 1097              		.loc 1 170 3 discriminator 2 view .LVU304
ARM GAS  C:\Users\Korisnik\AppData\Local\Temp\ccwpqvhT.s 			page 44


 170:Drivers/STM32F1xx_HAL_Driver/Src/stm32f1xx_hal_flash_ex.c ****   {
 1098              		.loc 1 170 17 is_stmt 0 discriminator 2 view .LVU305
 1099 0014 0368     		ldr	r3, [r0]
 170:Drivers/STM32F1xx_HAL_Driver/Src/stm32f1xx_hal_flash_ex.c ****   {
 1100              		.loc 1 170 6 discriminator 2 view .LVU306
 1101 0016 022B     		cmp	r3, #2
 1102 0018 20D0     		beq	.L100
 233:Drivers/STM32F1xx_HAL_Driver/Src/stm32f1xx_hal_flash_ex.c ****     assert_param(IS_FLASH_NB_PAGES(pEraseInit->PageAddress, pEraseInit->NbPages));
 1103              		.loc 1 233 5 is_stmt 1 view .LVU307
 234:Drivers/STM32F1xx_HAL_Driver/Src/stm32f1xx_hal_flash_ex.c ****     
 1104              		.loc 1 234 5 view .LVU308
 273:Drivers/STM32F1xx_HAL_Driver/Src/stm32f1xx_hal_flash_ex.c ****       {
 1105              		.loc 1 273 7 view .LVU309
 273:Drivers/STM32F1xx_HAL_Driver/Src/stm32f1xx_hal_flash_ex.c ****       {
 1106              		.loc 1 273 11 is_stmt 0 view .LVU310
 1107 001a 4CF25030 		movw	r0, #50000
 1108              	.LVL88:
 273:Drivers/STM32F1xx_HAL_Driver/Src/stm32f1xx_hal_flash_ex.c ****       {
 1109              		.loc 1 273 11 view .LVU311
 1110 001e FFF7FEFF 		bl	FLASH_WaitForLastOperation
 1111              	.LVL89:
 273:Drivers/STM32F1xx_HAL_Driver/Src/stm32f1xx_hal_flash_ex.c ****       {
 1112              		.loc 1 273 10 view .LVU312
 1113 0022 90BB     		cbnz	r0, .L95
 276:Drivers/STM32F1xx_HAL_Driver/Src/stm32f1xx_hal_flash_ex.c ****         
 1114              		.loc 1 276 9 is_stmt 1 view .LVU313
 276:Drivers/STM32F1xx_HAL_Driver/Src/stm32f1xx_hal_flash_ex.c ****         
 1115              		.loc 1 276 20 is_stmt 0 view .LVU314
 1116 0024 4FF0FF33 		mov	r3, #-1
 1117 0028 3360     		str	r3, [r6]
 279:Drivers/STM32F1xx_HAL_Driver/Src/stm32f1xx_hal_flash_ex.c ****             address < ((pEraseInit->NbPages * FLASH_PAGE_SIZE) + pEraseInit->PageAddress);
 1118              		.loc 1 279 9 is_stmt 1 view .LVU315
 279:Drivers/STM32F1xx_HAL_Driver/Src/stm32f1xx_hal_flash_ex.c ****             address < ((pEraseInit->NbPages * FLASH_PAGE_SIZE) + pEraseInit->PageAddress);
 1119              		.loc 1 279 21 is_stmt 0 view .LVU316
 1120 002a AC68     		ldr	r4, [r5, #8]
 1121              	.LVL90:
 161:Drivers/STM32F1xx_HAL_Driver/Src/stm32f1xx_hal_flash_ex.c ****   uint32_t address = 0U;
 1122              		.loc 1 161 21 view .LVU317
 1123 002c 0121     		movs	r1, #1
 1124              	.LVL91:
 1125              	.L90:
 280:Drivers/STM32F1xx_HAL_Driver/Src/stm32f1xx_hal_flash_ex.c ****             address += FLASH_PAGE_SIZE)
 1126              		.loc 1 280 13 is_stmt 1 discriminator 1 view .LVU318
 280:Drivers/STM32F1xx_HAL_Driver/Src/stm32f1xx_hal_flash_ex.c ****             address += FLASH_PAGE_SIZE)
 1127              		.loc 1 280 35 is_stmt 0 discriminator 1 view .LVU319
 1128 002e EA68     		ldr	r2, [r5, #12]
 280:Drivers/STM32F1xx_HAL_Driver/Src/stm32f1xx_hal_flash_ex.c ****             address += FLASH_PAGE_SIZE)
 1129              		.loc 1 280 76 discriminator 1 view .LVU320
 1130 0030 AB68     		ldr	r3, [r5, #8]
 280:Drivers/STM32F1xx_HAL_Driver/Src/stm32f1xx_hal_flash_ex.c ****             address += FLASH_PAGE_SIZE)
 1131              		.loc 1 280 64 discriminator 1 view .LVU321
 1132 0032 03EB8223 		add	r3, r3, r2, lsl #10
 279:Drivers/STM32F1xx_HAL_Driver/Src/stm32f1xx_hal_flash_ex.c ****             address < ((pEraseInit->NbPages * FLASH_PAGE_SIZE) + pEraseInit->PageAddress);
 1133              		.loc 1 279 9 discriminator 1 view .LVU322
 1134 0036 A342     		cmp	r3, r4
 1135 0038 28D9     		bls	.L89
 283:Drivers/STM32F1xx_HAL_Driver/Src/stm32f1xx_hal_flash_ex.c ****           
ARM GAS  C:\Users\Korisnik\AppData\Local\Temp\ccwpqvhT.s 			page 45


 1136              		.loc 1 283 11 is_stmt 1 view .LVU323
 1137 003a 2046     		mov	r0, r4
 1138 003c FFF7FEFF 		bl	FLASH_PageErase
 1139              	.LVL92:
 286:Drivers/STM32F1xx_HAL_Driver/Src/stm32f1xx_hal_flash_ex.c ****           
 1140              		.loc 1 286 11 view .LVU324
 286:Drivers/STM32F1xx_HAL_Driver/Src/stm32f1xx_hal_flash_ex.c ****           
 1141              		.loc 1 286 20 is_stmt 0 view .LVU325
 1142 0040 4CF25030 		movw	r0, #50000
 1143 0044 FFF7FEFF 		bl	FLASH_WaitForLastOperation
 1144              	.LVL93:
 289:Drivers/STM32F1xx_HAL_Driver/Src/stm32f1xx_hal_flash_ex.c ****           
 1145              		.loc 1 289 11 is_stmt 1 view .LVU326
 1146 0048 154A     		ldr	r2, .L103+4
 1147 004a 1369     		ldr	r3, [r2, #16]
 1148 004c 23F00203 		bic	r3, r3, #2
 1149 0050 1361     		str	r3, [r2, #16]
 291:Drivers/STM32F1xx_HAL_Driver/Src/stm32f1xx_hal_flash_ex.c ****           {
 1150              		.loc 1 291 11 view .LVU327
 291:Drivers/STM32F1xx_HAL_Driver/Src/stm32f1xx_hal_flash_ex.c ****           {
 1151              		.loc 1 291 14 is_stmt 0 view .LVU328
 1152 0052 0146     		mov	r1, r0
 1153 0054 B8B9     		cbnz	r0, .L101
 281:Drivers/STM32F1xx_HAL_Driver/Src/stm32f1xx_hal_flash_ex.c ****         {
 1154              		.loc 1 281 13 is_stmt 1 view .LVU329
 281:Drivers/STM32F1xx_HAL_Driver/Src/stm32f1xx_hal_flash_ex.c ****         {
 1155              		.loc 1 281 21 is_stmt 0 view .LVU330
 1156 0056 04F58064 		add	r4, r4, #1024
 1157              	.LVL94:
 281:Drivers/STM32F1xx_HAL_Driver/Src/stm32f1xx_hal_flash_ex.c ****         {
 1158              		.loc 1 281 21 view .LVU331
 1159 005a E8E7     		b	.L90
 1160              	.LVL95:
 1161              	.L100:
 216:Drivers/STM32F1xx_HAL_Driver/Src/stm32f1xx_hal_flash_ex.c ****       {
 1162              		.loc 1 216 7 is_stmt 1 view .LVU332
 216:Drivers/STM32F1xx_HAL_Driver/Src/stm32f1xx_hal_flash_ex.c ****       {
 1163              		.loc 1 216 11 is_stmt 0 view .LVU333
 1164 005c 4CF25030 		movw	r0, #50000
 1165              	.LVL96:
 216:Drivers/STM32F1xx_HAL_Driver/Src/stm32f1xx_hal_flash_ex.c ****       {
 1166              		.loc 1 216 11 view .LVU334
 1167 0060 FFF7FEFF 		bl	FLASH_WaitForLastOperation
 1168              	.LVL97:
 216:Drivers/STM32F1xx_HAL_Driver/Src/stm32f1xx_hal_flash_ex.c ****       {
 1169              		.loc 1 216 10 view .LVU335
 1170 0064 08B1     		cbz	r0, .L102
 161:Drivers/STM32F1xx_HAL_Driver/Src/stm32f1xx_hal_flash_ex.c ****   uint32_t address = 0U;
 1171              		.loc 1 161 21 view .LVU336
 1172 0066 0121     		movs	r1, #1
 1173 0068 10E0     		b	.L89
 1174              	.L102:
 219:Drivers/STM32F1xx_HAL_Driver/Src/stm32f1xx_hal_flash_ex.c ****         
 1175              		.loc 1 219 9 is_stmt 1 view .LVU337
 1176 006a 0120     		movs	r0, #1
 1177 006c FFF7FEFF 		bl	FLASH_MassErase
 1178              	.LVL98:
ARM GAS  C:\Users\Korisnik\AppData\Local\Temp\ccwpqvhT.s 			page 46


 222:Drivers/STM32F1xx_HAL_Driver/Src/stm32f1xx_hal_flash_ex.c ****         
 1179              		.loc 1 222 9 view .LVU338
 222:Drivers/STM32F1xx_HAL_Driver/Src/stm32f1xx_hal_flash_ex.c ****         
 1180              		.loc 1 222 18 is_stmt 0 view .LVU339
 1181 0070 4CF25030 		movw	r0, #50000
 1182 0074 FFF7FEFF 		bl	FLASH_WaitForLastOperation
 1183              	.LVL99:
 1184 0078 0146     		mov	r1, r0
 1185              	.LVL100:
 225:Drivers/STM32F1xx_HAL_Driver/Src/stm32f1xx_hal_flash_ex.c ****       }
 1186              		.loc 1 225 9 is_stmt 1 view .LVU340
 1187 007a 094A     		ldr	r2, .L103+4
 1188 007c 1369     		ldr	r3, [r2, #16]
 1189 007e 23F00403 		bic	r3, r3, #4
 1190 0082 1361     		str	r3, [r2, #16]
 1191 0084 02E0     		b	.L89
 1192              	.LVL101:
 1193              	.L101:
 294:Drivers/STM32F1xx_HAL_Driver/Src/stm32f1xx_hal_flash_ex.c ****             break;
 1194              		.loc 1 294 13 view .LVU341
 294:Drivers/STM32F1xx_HAL_Driver/Src/stm32f1xx_hal_flash_ex.c ****             break;
 1195              		.loc 1 294 24 is_stmt 0 view .LVU342
 1196 0086 3460     		str	r4, [r6]
 295:Drivers/STM32F1xx_HAL_Driver/Src/stm32f1xx_hal_flash_ex.c ****           }
 1197              		.loc 1 295 13 is_stmt 1 view .LVU343
 1198 0088 00E0     		b	.L89
 1199              	.LVL102:
 1200              	.L95:
 161:Drivers/STM32F1xx_HAL_Driver/Src/stm32f1xx_hal_flash_ex.c ****   uint32_t address = 0U;
 1201              		.loc 1 161 21 is_stmt 0 view .LVU344
 1202 008a 0121     		movs	r1, #1
 1203              	.LVL103:
 1204              	.L89:
 303:Drivers/STM32F1xx_HAL_Driver/Src/stm32f1xx_hal_flash_ex.c **** 
 1205              		.loc 1 303 3 is_stmt 1 view .LVU345
 303:Drivers/STM32F1xx_HAL_Driver/Src/stm32f1xx_hal_flash_ex.c **** 
 1206              		.loc 1 303 3 view .LVU346
 1207 008c 034B     		ldr	r3, .L103
 1208 008e 0022     		movs	r2, #0
 1209 0090 1A76     		strb	r2, [r3, #24]
 303:Drivers/STM32F1xx_HAL_Driver/Src/stm32f1xx_hal_flash_ex.c **** 
 1210              		.loc 1 303 3 view .LVU347
 305:Drivers/STM32F1xx_HAL_Driver/Src/stm32f1xx_hal_flash_ex.c **** }
 1211              		.loc 1 305 3 view .LVU348
 306:Drivers/STM32F1xx_HAL_Driver/Src/stm32f1xx_hal_flash_ex.c **** 
 1212              		.loc 1 306 1 is_stmt 0 view .LVU349
 1213 0092 0846     		mov	r0, r1
 1214 0094 70BD     		pop	{r4, r5, r6, pc}
 1215              	.LVL104:
 1216              	.L93:
 1217              	.LCFI10:
 1218              		.cfi_def_cfa_offset 0
 1219              		.cfi_restore 4
 1220              		.cfi_restore 5
 1221              		.cfi_restore 6
 1222              		.cfi_restore 14
 165:Drivers/STM32F1xx_HAL_Driver/Src/stm32f1xx_hal_flash_ex.c **** 
ARM GAS  C:\Users\Korisnik\AppData\Local\Temp\ccwpqvhT.s 			page 47


 1223              		.loc 1 165 3 view .LVU350
 1224 0096 0221     		movs	r1, #2
 1225              	.LVL105:
 306:Drivers/STM32F1xx_HAL_Driver/Src/stm32f1xx_hal_flash_ex.c **** 
 1226              		.loc 1 306 1 view .LVU351
 1227 0098 0846     		mov	r0, r1
 1228              	.LVL106:
 306:Drivers/STM32F1xx_HAL_Driver/Src/stm32f1xx_hal_flash_ex.c **** 
 1229              		.loc 1 306 1 view .LVU352
 1230 009a 7047     		bx	lr
 1231              	.L104:
 1232              		.align	2
 1233              	.L103:
 1234 009c 00000000 		.word	pFlash
 1235 00a0 00200240 		.word	1073881088
 1236              		.cfi_endproc
 1237              	.LFE65:
 1239              		.section	.text.HAL_FLASHEx_Erase_IT,"ax",%progbits
 1240              		.align	1
 1241              		.global	HAL_FLASHEx_Erase_IT
 1242              		.syntax unified
 1243              		.thumb
 1244              		.thumb_func
 1245              		.fpu softvfp
 1247              	HAL_FLASHEx_Erase_IT:
 1248              	.LVL107:
 1249              	.LFB66:
 320:Drivers/STM32F1xx_HAL_Driver/Src/stm32f1xx_hal_flash_ex.c ****   HAL_StatusTypeDef status = HAL_OK;
 1250              		.loc 1 320 1 is_stmt 1 view -0
 1251              		.cfi_startproc
 1252              		@ args = 0, pretend = 0, frame = 0
 1253              		@ frame_needed = 0, uses_anonymous_args = 0
 320:Drivers/STM32F1xx_HAL_Driver/Src/stm32f1xx_hal_flash_ex.c ****   HAL_StatusTypeDef status = HAL_OK;
 1254              		.loc 1 320 1 is_stmt 0 view .LVU354
 1255 0000 10B5     		push	{r4, lr}
 1256              	.LCFI11:
 1257              		.cfi_def_cfa_offset 8
 1258              		.cfi_offset 4, -8
 1259              		.cfi_offset 14, -4
 321:Drivers/STM32F1xx_HAL_Driver/Src/stm32f1xx_hal_flash_ex.c **** 
 1260              		.loc 1 321 3 is_stmt 1 view .LVU355
 1261              	.LVL108:
 324:Drivers/STM32F1xx_HAL_Driver/Src/stm32f1xx_hal_flash_ex.c **** 
 1262              		.loc 1 324 3 view .LVU356
 324:Drivers/STM32F1xx_HAL_Driver/Src/stm32f1xx_hal_flash_ex.c **** 
 1263              		.loc 1 324 3 view .LVU357
 1264 0002 154B     		ldr	r3, .L112
 1265 0004 1B7E     		ldrb	r3, [r3, #24]	@ zero_extendqisi2
 1266 0006 012B     		cmp	r3, #1
 1267 0008 21D0     		beq	.L108
 324:Drivers/STM32F1xx_HAL_Driver/Src/stm32f1xx_hal_flash_ex.c **** 
 1268              		.loc 1 324 3 discriminator 2 view .LVU358
 1269 000a 134B     		ldr	r3, .L112
 1270 000c 0122     		movs	r2, #1
 1271 000e 1A76     		strb	r2, [r3, #24]
 324:Drivers/STM32F1xx_HAL_Driver/Src/stm32f1xx_hal_flash_ex.c **** 
 1272              		.loc 1 324 3 discriminator 2 view .LVU359
ARM GAS  C:\Users\Korisnik\AppData\Local\Temp\ccwpqvhT.s 			page 48


 327:Drivers/STM32F1xx_HAL_Driver/Src/stm32f1xx_hal_flash_ex.c ****   {
 1273              		.loc 1 327 3 discriminator 2 view .LVU360
 327:Drivers/STM32F1xx_HAL_Driver/Src/stm32f1xx_hal_flash_ex.c ****   {
 1274              		.loc 1 327 13 is_stmt 0 discriminator 2 view .LVU361
 1275 0010 1B78     		ldrb	r3, [r3]	@ zero_extendqisi2
 327:Drivers/STM32F1xx_HAL_Driver/Src/stm32f1xx_hal_flash_ex.c ****   {
 1276              		.loc 1 327 6 discriminator 2 view .LVU362
 1277 0012 03F0FF04 		and	r4, r3, #255
 1278 0016 E3B9     		cbnz	r3, .L109
 333:Drivers/STM32F1xx_HAL_Driver/Src/stm32f1xx_hal_flash_ex.c **** 
 1279              		.loc 1 333 3 is_stmt 1 view .LVU363
 336:Drivers/STM32F1xx_HAL_Driver/Src/stm32f1xx_hal_flash_ex.c **** 
 1280              		.loc 1 336 3 view .LVU364
 1281 0018 104A     		ldr	r2, .L112+4
 1282 001a 1369     		ldr	r3, [r2, #16]
 1283 001c 43F4A053 		orr	r3, r3, #5120
 1284 0020 1361     		str	r3, [r2, #16]
 343:Drivers/STM32F1xx_HAL_Driver/Src/stm32f1xx_hal_flash_ex.c ****   {
 1285              		.loc 1 343 3 view .LVU365
 343:Drivers/STM32F1xx_HAL_Driver/Src/stm32f1xx_hal_flash_ex.c ****   {
 1286              		.loc 1 343 17 is_stmt 0 view .LVU366
 1287 0022 0368     		ldr	r3, [r0]
 343:Drivers/STM32F1xx_HAL_Driver/Src/stm32f1xx_hal_flash_ex.c ****   {
 1288              		.loc 1 343 6 view .LVU367
 1289 0024 022B     		cmp	r3, #2
 1290 0026 0BD0     		beq	.L111
 354:Drivers/STM32F1xx_HAL_Driver/Src/stm32f1xx_hal_flash_ex.c ****     assert_param(IS_FLASH_NB_PAGES(pEraseInit->PageAddress, pEraseInit->NbPages));
 1291              		.loc 1 354 5 is_stmt 1 view .LVU368
 355:Drivers/STM32F1xx_HAL_Driver/Src/stm32f1xx_hal_flash_ex.c **** 
 1292              		.loc 1 355 5 view .LVU369
 357:Drivers/STM32F1xx_HAL_Driver/Src/stm32f1xx_hal_flash_ex.c ****     pFlash.DataRemaining = pEraseInit->NbPages;
 1293              		.loc 1 357 5 view .LVU370
 357:Drivers/STM32F1xx_HAL_Driver/Src/stm32f1xx_hal_flash_ex.c ****     pFlash.DataRemaining = pEraseInit->NbPages;
 1294              		.loc 1 357 29 is_stmt 0 view .LVU371
 1295 0028 0B4B     		ldr	r3, .L112
 1296 002a 0122     		movs	r2, #1
 1297 002c 1A70     		strb	r2, [r3]
 358:Drivers/STM32F1xx_HAL_Driver/Src/stm32f1xx_hal_flash_ex.c ****     pFlash.Address = pEraseInit->PageAddress;
 1298              		.loc 1 358 5 is_stmt 1 view .LVU372
 358:Drivers/STM32F1xx_HAL_Driver/Src/stm32f1xx_hal_flash_ex.c ****     pFlash.Address = pEraseInit->PageAddress;
 1299              		.loc 1 358 38 is_stmt 0 view .LVU373
 1300 002e C268     		ldr	r2, [r0, #12]
 358:Drivers/STM32F1xx_HAL_Driver/Src/stm32f1xx_hal_flash_ex.c ****     pFlash.Address = pEraseInit->PageAddress;
 1301              		.loc 1 358 26 view .LVU374
 1302 0030 5A60     		str	r2, [r3, #4]
 359:Drivers/STM32F1xx_HAL_Driver/Src/stm32f1xx_hal_flash_ex.c **** 
 1303              		.loc 1 359 5 is_stmt 1 view .LVU375
 359:Drivers/STM32F1xx_HAL_Driver/Src/stm32f1xx_hal_flash_ex.c **** 
 1304              		.loc 1 359 32 is_stmt 0 view .LVU376
 1305 0032 8268     		ldr	r2, [r0, #8]
 359:Drivers/STM32F1xx_HAL_Driver/Src/stm32f1xx_hal_flash_ex.c **** 
 1306              		.loc 1 359 20 view .LVU377
 1307 0034 9A60     		str	r2, [r3, #8]
 362:Drivers/STM32F1xx_HAL_Driver/Src/stm32f1xx_hal_flash_ex.c ****   }
 1308              		.loc 1 362 5 is_stmt 1 view .LVU378
 1309 0036 8068     		ldr	r0, [r0, #8]
 1310              	.LVL109:
ARM GAS  C:\Users\Korisnik\AppData\Local\Temp\ccwpqvhT.s 			page 49


 362:Drivers/STM32F1xx_HAL_Driver/Src/stm32f1xx_hal_flash_ex.c ****   }
 1311              		.loc 1 362 5 is_stmt 0 view .LVU379
 1312 0038 FFF7FEFF 		bl	FLASH_PageErase
 1313              	.LVL110:
 1314              	.L106:
 366:Drivers/STM32F1xx_HAL_Driver/Src/stm32f1xx_hal_flash_ex.c **** 
 1315              		.loc 1 366 1 view .LVU380
 1316 003c 2046     		mov	r0, r4
 1317 003e 10BD     		pop	{r4, pc}
 1318              	.LVL111:
 1319              	.L111:
 346:Drivers/STM32F1xx_HAL_Driver/Src/stm32f1xx_hal_flash_ex.c ****         FLASH_MassErase(pEraseInit->Banks);
 1320              		.loc 1 346 5 is_stmt 1 view .LVU381
 346:Drivers/STM32F1xx_HAL_Driver/Src/stm32f1xx_hal_flash_ex.c ****         FLASH_MassErase(pEraseInit->Banks);
 1321              		.loc 1 346 29 is_stmt 0 view .LVU382
 1322 0040 054B     		ldr	r3, .L112
 1323 0042 0222     		movs	r2, #2
 1324 0044 1A70     		strb	r2, [r3]
 347:Drivers/STM32F1xx_HAL_Driver/Src/stm32f1xx_hal_flash_ex.c ****   }
 1325              		.loc 1 347 9 is_stmt 1 view .LVU383
 1326 0046 4068     		ldr	r0, [r0, #4]
 1327              	.LVL112:
 347:Drivers/STM32F1xx_HAL_Driver/Src/stm32f1xx_hal_flash_ex.c ****   }
 1328              		.loc 1 347 9 is_stmt 0 view .LVU384
 1329 0048 FFF7FEFF 		bl	FLASH_MassErase
 1330              	.LVL113:
 1331 004c F6E7     		b	.L106
 1332              	.LVL114:
 1333              	.L108:
 324:Drivers/STM32F1xx_HAL_Driver/Src/stm32f1xx_hal_flash_ex.c **** 
 1334              		.loc 1 324 3 view .LVU385
 1335 004e 0224     		movs	r4, #2
 1336 0050 F4E7     		b	.L106
 1337              	.L109:
 329:Drivers/STM32F1xx_HAL_Driver/Src/stm32f1xx_hal_flash_ex.c ****   }
 1338              		.loc 1 329 12 view .LVU386
 1339 0052 0124     		movs	r4, #1
 1340 0054 F2E7     		b	.L106
 1341              	.L113:
 1342 0056 00BF     		.align	2
 1343              	.L112:
 1344 0058 00000000 		.word	pFlash
 1345 005c 00200240 		.word	1073881088
 1346              		.cfi_endproc
 1347              	.LFE66:
 1349              		.text
 1350              	.Letext0:
 1351              		.file 2 "c:\\users\\korisnik\\desktop\\etf\\4. godina\\mips\\gnu mcu\\arm-none-eabi-gcc-10.2.1-1.1
 1352              		.file 3 "c:\\users\\korisnik\\desktop\\etf\\4. godina\\mips\\gnu mcu\\arm-none-eabi-gcc-10.2.1-1.1
 1353              		.file 4 "Drivers/CMSIS/Device/ST/STM32F1xx/Include/stm32f103x6.h"
 1354              		.file 5 "Drivers/STM32F1xx_HAL_Driver/Inc/stm32f1xx_hal_def.h"
 1355              		.file 6 "Drivers/STM32F1xx_HAL_Driver/Inc/stm32f1xx_hal_flash.h"
 1356              		.file 7 "Drivers/STM32F1xx_HAL_Driver/Inc/stm32f1xx_hal_flash_ex.h"
ARM GAS  C:\Users\Korisnik\AppData\Local\Temp\ccwpqvhT.s 			page 50


DEFINED SYMBOLS
                            *ABS*:0000000000000000 stm32f1xx_hal_flash_ex.c
C:\Users\Korisnik\AppData\Local\Temp\ccwpqvhT.s:16     .text.FLASH_MassErase:0000000000000000 $t
C:\Users\Korisnik\AppData\Local\Temp\ccwpqvhT.s:23     .text.FLASH_MassErase:0000000000000000 FLASH_MassErase
C:\Users\Korisnik\AppData\Local\Temp\ccwpqvhT.s:53     .text.FLASH_MassErase:000000000000001c $d
C:\Users\Korisnik\AppData\Local\Temp\ccwpqvhT.s:59     .text.FLASH_OB_GetWRP:0000000000000000 $t
C:\Users\Korisnik\AppData\Local\Temp\ccwpqvhT.s:65     .text.FLASH_OB_GetWRP:0000000000000000 FLASH_OB_GetWRP
C:\Users\Korisnik\AppData\Local\Temp\ccwpqvhT.s:81     .text.FLASH_OB_GetWRP:0000000000000008 $d
C:\Users\Korisnik\AppData\Local\Temp\ccwpqvhT.s:86     .text.FLASH_OB_GetRDP:0000000000000000 $t
C:\Users\Korisnik\AppData\Local\Temp\ccwpqvhT.s:92     .text.FLASH_OB_GetRDP:0000000000000000 FLASH_OB_GetRDP
C:\Users\Korisnik\AppData\Local\Temp\ccwpqvhT.s:123    .text.FLASH_OB_GetRDP:0000000000000014 $d
C:\Users\Korisnik\AppData\Local\Temp\ccwpqvhT.s:128    .text.FLASH_OB_GetUser:0000000000000000 $t
C:\Users\Korisnik\AppData\Local\Temp\ccwpqvhT.s:134    .text.FLASH_OB_GetUser:0000000000000000 FLASH_OB_GetUser
C:\Users\Korisnik\AppData\Local\Temp\ccwpqvhT.s:151    .text.FLASH_OB_GetUser:000000000000000c $d
C:\Users\Korisnik\AppData\Local\Temp\ccwpqvhT.s:156    .text.FLASH_OB_RDP_LevelConfig:0000000000000000 $t
C:\Users\Korisnik\AppData\Local\Temp\ccwpqvhT.s:162    .text.FLASH_OB_RDP_LevelConfig:0000000000000000 FLASH_OB_RDP_LevelConfig
C:\Users\Korisnik\AppData\Local\Temp\ccwpqvhT.s:248    .text.FLASH_OB_RDP_LevelConfig:000000000000005c $d
C:\Users\Korisnik\AppData\Local\Temp\ccwpqvhT.s:255    .text.FLASH_OB_UserConfig:0000000000000000 $t
C:\Users\Korisnik\AppData\Local\Temp\ccwpqvhT.s:261    .text.FLASH_OB_UserConfig:0000000000000000 FLASH_OB_UserConfig
C:\Users\Korisnik\AppData\Local\Temp\ccwpqvhT.s:327    .text.FLASH_OB_UserConfig:000000000000003c $d
C:\Users\Korisnik\AppData\Local\Temp\ccwpqvhT.s:334    .text.FLASH_OB_ProgramData:0000000000000000 $t
C:\Users\Korisnik\AppData\Local\Temp\ccwpqvhT.s:340    .text.FLASH_OB_ProgramData:0000000000000000 FLASH_OB_ProgramData
C:\Users\Korisnik\AppData\Local\Temp\ccwpqvhT.s:404    .text.FLASH_OB_ProgramData:0000000000000038 $d
C:\Users\Korisnik\AppData\Local\Temp\ccwpqvhT.s:410    .text.HAL_FLASHEx_OBErase:0000000000000000 $t
C:\Users\Korisnik\AppData\Local\Temp\ccwpqvhT.s:417    .text.HAL_FLASHEx_OBErase:0000000000000000 HAL_FLASHEx_OBErase
C:\Users\Korisnik\AppData\Local\Temp\ccwpqvhT.s:494    .text.HAL_FLASHEx_OBErase:0000000000000048 $d
C:\Users\Korisnik\AppData\Local\Temp\ccwpqvhT.s:500    .text.FLASH_OB_EnableWRP:0000000000000000 $t
C:\Users\Korisnik\AppData\Local\Temp\ccwpqvhT.s:506    .text.FLASH_OB_EnableWRP:0000000000000000 FLASH_OB_EnableWRP
C:\Users\Korisnik\AppData\Local\Temp\ccwpqvhT.s:600    .text.FLASH_OB_EnableWRP:0000000000000054 $d
C:\Users\Korisnik\AppData\Local\Temp\ccwpqvhT.s:607    .text.FLASH_OB_DisableWRP:0000000000000000 $t
C:\Users\Korisnik\AppData\Local\Temp\ccwpqvhT.s:613    .text.FLASH_OB_DisableWRP:0000000000000000 FLASH_OB_DisableWRP
C:\Users\Korisnik\AppData\Local\Temp\ccwpqvhT.s:708    .text.FLASH_OB_DisableWRP:0000000000000054 $d
C:\Users\Korisnik\AppData\Local\Temp\ccwpqvhT.s:715    .text.HAL_FLASHEx_OBProgram:0000000000000000 $t
C:\Users\Korisnik\AppData\Local\Temp\ccwpqvhT.s:722    .text.HAL_FLASHEx_OBProgram:0000000000000000 HAL_FLASHEx_OBProgram
C:\Users\Korisnik\AppData\Local\Temp\ccwpqvhT.s:909    .text.HAL_FLASHEx_OBProgram:0000000000000098 $d
C:\Users\Korisnik\AppData\Local\Temp\ccwpqvhT.s:914    .text.HAL_FLASHEx_OBGetConfig:0000000000000000 $t
C:\Users\Korisnik\AppData\Local\Temp\ccwpqvhT.s:921    .text.HAL_FLASHEx_OBGetConfig:0000000000000000 HAL_FLASHEx_OBGetConfig
C:\Users\Korisnik\AppData\Local\Temp\ccwpqvhT.s:964    .text.HAL_FLASHEx_OBGetUserData:0000000000000000 $t
C:\Users\Korisnik\AppData\Local\Temp\ccwpqvhT.s:971    .text.HAL_FLASHEx_OBGetUserData:0000000000000000 HAL_FLASHEx_OBGetUserData
C:\Users\Korisnik\AppData\Local\Temp\ccwpqvhT.s:1011   .text.HAL_FLASHEx_OBGetUserData:000000000000001c $d
C:\Users\Korisnik\AppData\Local\Temp\ccwpqvhT.s:1017   .text.FLASH_PageErase:0000000000000000 $t
C:\Users\Korisnik\AppData\Local\Temp\ccwpqvhT.s:1024   .text.FLASH_PageErase:0000000000000000 FLASH_PageErase
C:\Users\Korisnik\AppData\Local\Temp\ccwpqvhT.s:1053   .text.FLASH_PageErase:000000000000001c $d
C:\Users\Korisnik\AppData\Local\Temp\ccwpqvhT.s:1059   .text.HAL_FLASHEx_Erase:0000000000000000 $t
C:\Users\Korisnik\AppData\Local\Temp\ccwpqvhT.s:1066   .text.HAL_FLASHEx_Erase:0000000000000000 HAL_FLASHEx_Erase
C:\Users\Korisnik\AppData\Local\Temp\ccwpqvhT.s:1234   .text.HAL_FLASHEx_Erase:000000000000009c $d
C:\Users\Korisnik\AppData\Local\Temp\ccwpqvhT.s:1240   .text.HAL_FLASHEx_Erase_IT:0000000000000000 $t
C:\Users\Korisnik\AppData\Local\Temp\ccwpqvhT.s:1247   .text.HAL_FLASHEx_Erase_IT:0000000000000000 HAL_FLASHEx_Erase_IT
C:\Users\Korisnik\AppData\Local\Temp\ccwpqvhT.s:1344   .text.HAL_FLASHEx_Erase_IT:0000000000000058 $d

UNDEFINED SYMBOLS
pFlash
FLASH_WaitForLastOperation
